id,typeCode,meshCode,fileName,sizeKiB,estimatedBytes,updateDate,downloadPath,landmarks
538471,DEM10B,513867,FG-GML-513867-DEM10B-20161001.zip,44,45056,2016/10/01,/kiban/app/api/download/file/538471,富士山
612487,DEM1A,513867,FG-GML-513867-DEM1A-20250606.zip,169,173056,2025/06/06,/kiban/app/api/download/file/612487,富士山
617587,DEM5A,513867,FG-GML-513867-DEM5A-20250620.zip,10,10240,2025/06/20,/kiban/app/api/download/file/617587,富士山
538472,DEM10B,513870,FG-GML-513870-DEM10B-20161001.zip,299,306176,2016/10/01,/kiban/app/api/download/file/538472,富士山
612488,DEM1A,513870,FG-GML-513870-DEM1A-20250606.zip,36553,37430272,2025/06/06,/kiban/app/api/download/file/612488,富士山
617588,DEM5A,513870,FG-GML-513870-DEM5A-20250620.zip,1700,1740800,2025/06/20,/kiban/app/api/download/file/617588,富士山
615933,DEM5C,513870,FG-GML-513870-DEM5C-20250605.zip,472,483328,2025/06/05,/kiban/app/api/download/file/615933,富士山
538473,DEM10B,513871,FG-GML-513871-DEM10B-20161001.zip,629,644096,2016/10/01,/kiban/app/api/download/file/538473,富士山
612489,DEM1A,513871,FG-GML-513871-DEM1A-20250606.zip,72550,74291200,2025/06/06,/kiban/app/api/download/file/612489,富士山
617589,DEM5A,513871,FG-GML-513871-DEM5A-20250620.zip,3328,3407872,2025/06/20,/kiban/app/api/download/file/617589,富士山
615078,DEM5B,513871,FG-GML-513871-DEM5B-20250609.zip,3,3072,2025/06/09,/kiban/app/api/download/file/615078,富士山
615934,DEM5C,513871,FG-GML-513871-DEM5C-20250605.zip,892,913408,2025/06/05,/kiban/app/api/download/file/615934,富士山
538474,DEM10B,513876,FG-GML-513876-DEM10B-20161001.zip,886,907264,2016/10/01,/kiban/app/api/download/file/538474,富士山
612490,DEM1A,513876,FG-GML-513876-DEM1A-20250606.zip,97460,99799040,2025/06/06,/kiban/app/api/download/file/612490,富士山
617590,DEM5A,513876,FG-GML-513876-DEM5A-20250620.zip,4157,4256768,2025/06/20,/kiban/app/api/download/file/617590,富士山
538475,DEM10B,513877,FG-GML-513877-DEM10B-20161001.zip,397,406528,2016/10/01,/kiban/app/api/download/file/538475,富士山
612491,DEM1A,513877,FG-GML-513877-DEM1A-20250606.zip,40263,41229312,2025/06/06,/kiban/app/api/download/file/612491,富士山
617591,DEM5A,513877,FG-GML-513877-DEM5A-20250620.zip,1602,1640448,2025/06/20,/kiban/app/api/download/file/617591,富士山
538487,DEM10B,513962,FG-GML-513962-DEM10B-20161001.zip,131,134144,2016/10/01,/kiban/app/api/download/file/538487,富士山
612503,DEM1A,513962,FG-GML-513962-DEM1A-20250606.zip,5998,6141952,2025/06/06,/kiban/app/api/download/file/612503,富士山
617603,DEM5A,513962,FG-GML-513962-DEM5A-20250620.zip,316,323584,2025/06/20,/kiban/app/api/download/file/617603,富士山
538814,DEM10B,523707,FG-GML-523707-DEM10B-20161001.zip,913,934912,2016/10/01,/kiban/app/api/download/file/538814,富士山
612780,DEM1A,523707,FG-GML-523707-DEM1A-20250613.zip,142600,146022400,2025/06/13,/kiban/app/api/download/file/612780,富士山
617925,DEM5A,523707,FG-GML-523707-DEM5A-20250620.zip,6457,6611968,2025/06/20,/kiban/app/api/download/file/617925,富士山
729887,DEM5B,523707,FG-GML-523707-DEM5B-20100122.zip,1317,1348608,2010/01/22,/kiban/app/api/download/file/729887,富士山
615938,DEM5C,523707,FG-GML-523707-DEM5C-20250605.zip,133,136192,2025/06/05,/kiban/app/api/download/file/615938,富士山
538821,DEM10B,523716,FG-GML-523716-DEM10B-20161001.zip,758,776192,2016/10/01,/kiban/app/api/download/file/538821,富士山
612786,DEM1A,523716,FG-GML-523716-DEM1A-20250613.zip,136010,139274240,2025/06/13,/kiban/app/api/download/file/612786,富士山
617932,DEM5A,523716,FG-GML-523716-DEM5A-20250620.zip,6306,6457344,2025/06/20,/kiban/app/api/download/file/617932,富士山
729892,DEM5B,523716,FG-GML-523716-DEM5B-20100122.zip,5199,5323776,2010/01/22,/kiban/app/api/download/file/729892,富士山
538822,DEM10B,523717,FG-GML-523717-DEM10B-20161001.zip,1121,1147904,2016/10/01,/kiban/app/api/download/file/538822,富士山
612787,DEM1A,523717,FG-GML-523717-DEM1A-20250613.zip,155113,158835712,2025/06/13,/kiban/app/api/download/file/612787,富士山
617933,DEM5A,523717,FG-GML-523717-DEM5A-20250620.zip,7021,7189504,2025/06/20,/kiban/app/api/download/file/617933,富士山
729893,DEM5B,523717,FG-GML-523717-DEM5B-20100122.zip,1799,1842176,2010/01/22,/kiban/app/api/download/file/729893,富士山
538829,DEM10B,523726,FG-GML-523726-DEM10B-20161001.zip,1688,1728512,2016/10/01,/kiban/app/api/download/file/538829,富士山
612794,DEM1A,523726,FG-GML-523726-DEM1A-20250613.zip,203371,208251904,2025/06/13,/kiban/app/api/download/file/612794,富士山
617940,DEM5A,523726,FG-GML-523726-DEM5A-20250620.zip,8657,8864768,2025/06/20,/kiban/app/api/download/file/617940,富士山
615144,DEM5B,523726,FG-GML-523726-DEM5B-20250609.zip,1257,1287168,2025/06/09,/kiban/app/api/download/file/615144,富士山
538830,DEM10B,523727,FG-GML-523727-DEM10B-20161001.zip,1894,1939456,2016/10/01,/kiban/app/api/download/file/538830,富士山
612795,DEM1A,523727,FG-GML-523727-DEM1A-20250613.zip,222984,228335616,2025/06/13,/kiban/app/api/download/file/612795,富士山
617941,DEM5A,523727,FG-GML-523727-DEM5A-20250620.zip,9324,9547776,2025/06/20,/kiban/app/api/download/file/617941,富士山
615145,DEM5B,523727,FG-GML-523727-DEM5B-20250609.zip,252,258048,2025/06/09,/kiban/app/api/download/file/615145,富士山
538836,DEM10B,523735,FG-GML-523735-DEM10B-20161001.zip,1986,2033664,2016/10/01,/kiban/app/api/download/file/538836,富士山
717780,DEM1A,523735,FG-GML-523735-DEM1A-20260616.zip,132741,135926784,2026/06/16,/kiban/app/api/download/file/717780,富士山
720038,DEM5A,523735,FG-GML-523735-DEM5A-20260616.zip,9795,10030080,2026/06/16,/kiban/app/api/download/file/720038,富士山
538837,DEM10B,523736,FG-GML-523736-DEM10B-20161001.zip,2019,2067456,2016/10/01,/kiban/app/api/download/file/538837,富士山
612802,DEM1A,523736,FG-GML-523736-DEM1A-20250613.zip,230493,236024832,2025/06/13,/kiban/app/api/download/file/612802,富士山
617948,DEM5A,523736,FG-GML-523736-DEM5A-20250620.zip,9669,9901056,2025/06/20,/kiban/app/api/download/file/617948,富士山
615939,DEM5C,523736,FG-GML-523736-DEM5C-20250605.zip,98,100352,2025/06/05,/kiban/app/api/download/file/615939,富士山
538838,DEM10B,523737,FG-GML-523737-DEM10B-20161001.zip,2001,2049024,2016/10/01,/kiban/app/api/download/file/538838,富士山
612803,DEM1A,523737,FG-GML-523737-DEM1A-20250613.zip,228378,233859072,2025/06/13,/kiban/app/api/download/file/612803,富士山
617949,DEM5A,523737,FG-GML-523737-DEM5A-20250620.zip,9569,9798656,2025/06/20,/kiban/app/api/download/file/617949,富士山
615940,DEM5C,523737,FG-GML-523737-DEM5C-20250605.zip,1796,1839104,2025/06/05,/kiban/app/api/download/file/615940,富士山
538844,DEM10B,523745,FG-GML-523745-DEM10B-20161001.zip,2006,2054144,2016/10/01,/kiban/app/api/download/file/538844,富士山
717781,DEM1A,523745,FG-GML-523745-DEM1A-20260616.zip,183616,188022784,2026/06/16,/kiban/app/api/download/file/717781,富士山
720039,DEM5A,523745,FG-GML-523745-DEM5A-20260616.zip,8391,8592384,2026/06/16,/kiban/app/api/download/file/720039,富士山
729897,DEM5C,523745,FG-GML-523745-DEM5C-20220124.zip,5349,5477376,2022/01/24,/kiban/app/api/download/file/729897,富士山
538845,DEM10B,523746,FG-GML-523746-DEM10B-20161001.zip,2110,2160640,2016/10/01,/kiban/app/api/download/file/538845,富士山
717782,DEM1A,523746,FG-GML-523746-DEM1A-20260616.zip,230781,236319744,2026/06/16,/kiban/app/api/download/file/717782,富士山
720040,DEM5A,523746,FG-GML-523746-DEM5A-20260616.zip,10271,10517504,2026/06/16,/kiban/app/api/download/file/720040,富士山
615942,DEM5C,523746,FG-GML-523746-DEM5C-20250605.zip,1031,1055744,2025/06/05,/kiban/app/api/download/file/615942,富士山
538846,DEM10B,523747,FG-GML-523747-DEM10B-20161001.zip,2120,2170880,2016/10/01,/kiban/app/api/download/file/538846,富士山
685670,DEM1A,523747,FG-GML-523747-DEM1A-20251208.zip,178968,183263232,2025/12/08,/kiban/app/api/download/file/685670,富士山
686706,DEM5A,523747,FG-GML-523747-DEM5A-20251208.zip,9343,9567232,2025/12/08,/kiban/app/api/download/file/686706,富士山
615943,DEM5C,523747,FG-GML-523747-DEM5C-20250605.zip,4766,4880384,2025/06/05,/kiban/app/api/download/file/615943,富士山
538852,DEM10B,523755,FG-GML-523755-DEM10B-20161001.zip,1978,2025472,2016/10/01,/kiban/app/api/download/file/538852,富士山
612815,DEM1A,523755,FG-GML-523755-DEM1A-20250613.zip,229854,235370496,2025/06/13,/kiban/app/api/download/file/612815,富士山
617963,DEM5A,523755,FG-GML-523755-DEM5A-20250620.zip,7446,7624704,2025/06/20,/kiban/app/api/download/file/617963,富士山
729901,DEM5C,523755,FG-GML-523755-DEM5C-20220124.zip,5490,5621760,2022/01/24,/kiban/app/api/download/file/729901,富士山
538853,DEM10B,523756,FG-GML-523756-DEM10B-20161001.zip,2039,2087936,2016/10/01,/kiban/app/api/download/file/538853,富士山
717783,DEM1A,523756,FG-GML-523756-DEM1A-20260616.zip,182842,187230208,2026/06/16,/kiban/app/api/download/file/717783,富士山
720041,DEM5A,523756,FG-GML-523756-DEM5A-20260616.zip,9611,9841664,2026/06/16,/kiban/app/api/download/file/720041,富士山
615944,DEM5C,523756,FG-GML-523756-DEM5C-20250605.zip,297,304128,2025/06/05,/kiban/app/api/download/file/615944,富士山
538854,DEM10B,523757,FG-GML-523757-DEM10B-20161001.zip,2219,2272256,2016/10/01,/kiban/app/api/download/file/538854,富士山
612817,DEM1A,523757,FG-GML-523757-DEM1A-20250613.zip,99517,101905408,2025/06/13,/kiban/app/api/download/file/612817,富士山
617965,DEM5A,523757,FG-GML-523757-DEM5A-20250620.zip,10348,10596352,2025/06/20,/kiban/app/api/download/file/617965,富士山
615945,DEM5C,523757,FG-GML-523757-DEM5C-20250605.zip,1461,1496064,2025/06/05,/kiban/app/api/download/file/615945,富士山
538860,DEM10B,523765,FG-GML-523765-DEM10B-20161001.zip,1996,2043904,2016/10/01,/kiban/app/api/download/file/538860,富士山
685672,DEM1A,523765,FG-GML-523765-DEM1A-20251113.zip,204686,209598464,2025/11/13,/kiban/app/api/download/file/685672,富士山
686708,DEM5A,523765,FG-GML-523765-DEM5A-20251113.zip,7372,7548928,2025/11/13,/kiban/app/api/download/file/686708,富士山
729908,DEM5C,523765,FG-GML-523765-DEM5C-20220124.zip,4214,4315136,2022/01/24,/kiban/app/api/download/file/729908,富士山
538861,DEM10B,523766,FG-GML-523766-DEM10B-20161001.zip,2114,2164736,2016/10/01,/kiban/app/api/download/file/538861,富士山
717784,DEM1A,523766,FG-GML-523766-DEM1A-20260616.zip,197393,202130432,2026/06/16,/kiban/app/api/download/file/717784,富士山
720042,DEM5A,523766,FG-GML-523766-DEM5A-20260616.zip,8917,9131008,2026/06/16,/kiban/app/api/download/file/720042,富士山
729909,DEM5C,523766,FG-GML-523766-DEM5C-20220124.zip,1246,1275904,2022/01/24,/kiban/app/api/download/file/729909,富士山
538862,DEM10B,523767,FG-GML-523767-DEM10B-20161001.zip,2222,2275328,2016/10/01,/kiban/app/api/download/file/538862,富士山
612824,DEM1A,523767,FG-GML-523767-DEM1A-20250613.zip,125985,129008640,2025/06/13,/kiban/app/api/download/file/612824,富士山
617973,DEM5A,523767,FG-GML-523767-DEM5A-20250620.zip,10294,10541056,2025/06/20,/kiban/app/api/download/file/617973,富士山
538868,DEM10B,523775,FG-GML-523775-DEM10B-20161001.zip,2071,2120704,2016/10/01,/kiban/app/api/download/file/538868,富士山
685678,DEM1A,523775,FG-GML-523775-DEM1A-20251113.zip,155180,158904320,2025/11/13,/kiban/app/api/download/file/685678,富士山
686714,DEM5A,523775,FG-GML-523775-DEM5A-20251113.zip,7429,7607296,2025/11/13,/kiban/app/api/download/file/686714,富士山
538869,DEM10B,523776,FG-GML-523776-DEM10B-20161001.zip,2065,2114560,2016/10/01,/kiban/app/api/download/file/538869,富士山
717786,DEM1A,523776,FG-GML-523776-DEM1A-20260616.zip,182201,186573824,2026/06/16,/kiban/app/api/download/file/717786,富士山
720044,DEM5A,523776,FG-GML-523776-DEM5A-20260616.zip,8320,8519680,2026/06/16,/kiban/app/api/download/file/720044,富士山
538870,DEM10B,523777,FG-GML-523777-DEM10B-20161001.zip,2218,2271232,2016/10/01,/kiban/app/api/download/file/538870,富士山
717787,DEM1A,523777,FG-GML-523777-DEM1A-20260616.zip,140207,143571968,2026/06/16,/kiban/app/api/download/file/717787,富士山
720045,DEM5A,523777,FG-GML-523777-DEM5A-20260616.zip,9737,9970688,2026/06/16,/kiban/app/api/download/file/720045,富士山
538871,DEM10B,523800,FG-GML-523800-DEM10B-20161001.zip,1348,1380352,2016/10/01,/kiban/app/api/download/file/538871,富士山
612831,DEM1A,523800,FG-GML-523800-DEM1A-20250613.zip,171523,175639552,2025/06/13,/kiban/app/api/download/file/612831,富士山
617982,DEM5A,523800,FG-GML-523800-DEM5A-20250620.zip,7541,7721984,2025/06/20,/kiban/app/api/download/file/617982,富士山
538872,DEM10B,523801,FG-GML-523801-DEM10B-20161001.zip,1191,1219584,2016/10/01,/kiban/app/api/download/file/538872,富士山
612832,DEM1A,523801,FG-GML-523801-DEM1A-20250613.zip,137371,140667904,2025/06/13,/kiban/app/api/download/file/612832,富士山
617983,DEM5A,523801,FG-GML-523801-DEM5A-20250620.zip,6078,6223872,2025/06/20,/kiban/app/api/download/file/617983,富士山
615946,DEM5C,523801,FG-GML-523801-DEM5C-20250605.zip,425,435200,2025/06/05,/kiban/app/api/download/file/615946,富士山
538873,DEM10B,523802,FG-GML-523802-DEM10B-20161001.zip,45,46080,2016/10/01,/kiban/app/api/download/file/538873,富士山
612833,DEM1A,523802,FG-GML-523802-DEM1A-20250613.zip,779,797696,2025/06/13,/kiban/app/api/download/file/612833,富士山
617984,DEM5A,523802,FG-GML-523802-DEM5A-20250620.zip,40,40960,2025/06/20,/kiban/app/api/download/file/617984,富士山
615947,DEM5C,523802,FG-GML-523802-DEM5C-20250605.zip,26,26624,2025/06/05,/kiban/app/api/download/file/615947,富士山
538874,DEM10B,523805,FG-GML-523805-DEM10B-20161001.zip,127,130048,2016/10/01,/kiban/app/api/download/file/538874,富士山
612834,DEM1A,523805,FG-GML-523805-DEM1A-20250613.zip,8245,8442880,2025/06/13,/kiban/app/api/download/file/612834,富士山
617985,DEM5A,523805,FG-GML-523805-DEM5A-20250620.zip,365,373760,2025/06/20,/kiban/app/api/download/file/617985,富士山
538875,DEM10B,523806,FG-GML-523806-DEM10B-20161001.zip,1829,1872896,2016/10/01,/kiban/app/api/download/file/538875,富士山
612835,DEM1A,523806,FG-GML-523806-DEM1A-20250613.zip,209765,214799360,2025/06/13,/kiban/app/api/download/file/612835,富士山
617986,DEM5A,523806,FG-GML-523806-DEM5A-20250620.zip,8707,8915968,2025/06/20,/kiban/app/api/download/file/617986,富士山
538876,DEM10B,523807,FG-GML-523807-DEM10B-20161001.zip,1674,1714176,2016/10/01,/kiban/app/api/download/file/538876,富士山
612836,DEM1A,523807,FG-GML-523807-DEM1A-20250613.zip,190927,195509248,2025/06/13,/kiban/app/api/download/file/612836,富士山
617987,DEM5A,523807,FG-GML-523807-DEM5A-20250620.zip,6432,6586368,2025/06/20,/kiban/app/api/download/file/617987,富士山
538877,DEM10B,523810,FG-GML-523810-DEM10B-20161001.zip,1571,1608704,2016/10/01,/kiban/app/api/download/file/538877,富士山
612837,DEM1A,523810,FG-GML-523810-DEM1A-20250613.zip,187217,191710208,2025/06/13,/kiban/app/api/download/file/612837,富士山
617988,DEM5A,523810,FG-GML-523810-DEM5A-20250620.zip,8141,8336384,2025/06/20,/kiban/app/api/download/file/617988,富士山
538878,DEM10B,523811,FG-GML-523811-DEM10B-20161001.zip,1276,1306624,2016/10/01,/kiban/app/api/download/file/538878,富士山
612838,DEM1A,523811,FG-GML-523811-DEM1A-20250613.zip,165906,169887744,2025/06/13,/kiban/app/api/download/file/612838,富士山
617989,DEM5A,523811,FG-GML-523811-DEM5A-20250620.zip,7462,7641088,2025/06/20,/kiban/app/api/download/file/617989,富士山
729915,DEM5B,523811,FG-GML-523811-DEM5B-20101001.zip,4265,4367360,2010/10/01,/kiban/app/api/download/file/729915,富士山
538879,DEM10B,523812,FG-GML-523812-DEM10B-20161001.zip,246,251904,2016/10/01,/kiban/app/api/download/file/538879,富士山
612839,DEM1A,523812,FG-GML-523812-DEM1A-20250613.zip,58231,59628544,2025/06/13,/kiban/app/api/download/file/612839,富士山
617990,DEM5A,523812,FG-GML-523812-DEM5A-20250620.zip,2794,2861056,2025/06/20,/kiban/app/api/download/file/617990,富士山
729916,DEM5B,523812,FG-GML-523812-DEM5B-20101001.zip,2018,2066432,2010/10/01,/kiban/app/api/download/file/729916,富士山
538880,DEM10B,523815,FG-GML-523815-DEM10B-20161001.zip,43,44032,2016/10/01,/kiban/app/api/download/file/538880,富士山
612840,DEM1A,523815,FG-GML-523815-DEM1A-20250613.zip,49,50176,2025/06/13,/kiban/app/api/download/file/612840,富士山
617991,DEM5A,523815,FG-GML-523815-DEM5A-20250620.zip,3,3072,2025/06/20,/kiban/app/api/download/file/617991,富士山
538881,DEM10B,523816,FG-GML-523816-DEM10B-20161001.zip,1824,1867776,2016/10/01,/kiban/app/api/download/file/538881,富士山
612841,DEM1A,523816,FG-GML-523816-DEM1A-20250613.zip,203136,208011264,2025/06/13,/kiban/app/api/download/file/612841,富士山
617992,DEM5A,523816,FG-GML-523816-DEM5A-20250620.zip,8558,8763392,2025/06/20,/kiban/app/api/download/file/617992,富士山
538882,DEM10B,523817,FG-GML-523817-DEM10B-20161001.zip,2037,2085888,2016/10/01,/kiban/app/api/download/file/538882,富士山
612842,DEM1A,523817,FG-GML-523817-DEM1A-20250613.zip,230368,235896832,2025/06/13,/kiban/app/api/download/file/612842,富士山
617993,DEM5A,523817,FG-GML-523817-DEM5A-20250620.zip,7831,8018944,2025/06/20,/kiban/app/api/download/file/617993,富士山
538883,DEM10B,523820,FG-GML-523820-DEM10B-20161001.zip,1921,1967104,2016/10/01,/kiban/app/api/download/file/538883,富士山
612843,DEM1A,523820,FG-GML-523820-DEM1A-20250613.zip,221935,227261440,2025/06/13,/kiban/app/api/download/file/612843,富士山
617994,DEM5A,523820,FG-GML-523820-DEM5A-20250620.zip,9344,9568256,2025/06/20,/kiban/app/api/download/file/617994,富士山
538884,DEM10B,523821,FG-GML-523821-DEM10B-20161001.zip,1616,1654784,2016/10/01,/kiban/app/api/download/file/538884,富士山
612844,DEM1A,523821,FG-GML-523821-DEM1A-20250613.zip,199675,204467200,2025/06/13,/kiban/app/api/download/file/612844,富士山
617995,DEM5A,523821,FG-GML-523821-DEM5A-20250620.zip,8546,8751104,2025/06/20,/kiban/app/api/download/file/617995,富士山
615147,DEM5B,523821,FG-GML-523821-DEM5B-20250609.zip,1045,1070080,2025/06/09,/kiban/app/api/download/file/615147,富士山
538885,DEM10B,523822,FG-GML-523822-DEM10B-20161001.zip,662,677888,2016/10/01,/kiban/app/api/download/file/538885,富士山
612845,DEM1A,523822,FG-GML-523822-DEM1A-20250613.zip,110515,113167360,2025/06/13,/kiban/app/api/download/file/612845,富士山
617996,DEM5A,523822,FG-GML-523822-DEM5A-20250620.zip,4983,5102592,2025/06/20,/kiban/app/api/download/file/617996,富士山
615148,DEM5B,523822,FG-GML-523822-DEM5B-20250609.zip,373,381952,2025/06/09,/kiban/app/api/download/file/615148,富士山
538886,DEM10B,523826,FG-GML-523826-DEM10B-20161001.zip,1815,1858560,2016/10/01,/kiban/app/api/download/file/538886,富士山
612846,DEM1A,523826,FG-GML-523826-DEM1A-20250613.zip,195606,200300544,2025/06/13,/kiban/app/api/download/file/612846,富士山
617997,DEM5A,523826,FG-GML-523826-DEM5A-20250620.zip,8255,8453120,2025/06/20,/kiban/app/api/download/file/617997,富士山
538887,DEM10B,523827,FG-GML-523827-DEM10B-20161001.zip,2057,2106368,2016/10/01,/kiban/app/api/download/file/538887,富士山
612847,DEM1A,523827,FG-GML-523827-DEM1A-20250613.zip,225483,230894592,2025/06/13,/kiban/app/api/download/file/612847,富士山
617998,DEM5A,523827,FG-GML-523827-DEM5A-20250620.zip,9254,9476096,2025/06/20,/kiban/app/api/download/file/617998,富士山
538888,DEM10B,523830,FG-GML-523830-DEM10B-20161001.zip,2028,2076672,2016/10/01,/kiban/app/api/download/file/538888,富士山
612848,DEM1A,523830,FG-GML-523830-DEM1A-20250613.zip,229467,234974208,2025/06/13,/kiban/app/api/download/file/612848,富士山
617999,DEM5A,523830,FG-GML-523830-DEM5A-20250620.zip,9659,9890816,2025/06/20,/kiban/app/api/download/file/617999,富士山
615948,DEM5C,523830,FG-GML-523830-DEM5C-20250605.zip,1914,1959936,2025/06/05,/kiban/app/api/download/file/615948,富士山
538889,DEM10B,523831,FG-GML-523831-DEM10B-20161001.zip,2028,2076672,2016/10/01,/kiban/app/api/download/file/538889,富士山
612849,DEM1A,523831,FG-GML-523831-DEM1A-20250613.zip,232585,238167040,2025/06/13,/kiban/app/api/download/file/612849,富士山
618000,DEM5A,523831,FG-GML-523831-DEM5A-20250620.zip,9716,9949184,2025/06/20,/kiban/app/api/download/file/618000,富士山
729917,DEM5B,523831,FG-GML-523831-DEM5B-20101001.zip,6376,6529024,2010/10/01,/kiban/app/api/download/file/729917,富士山
538890,DEM10B,523832,FG-GML-523832-DEM10B-20161001.zip,1690,1730560,2016/10/01,/kiban/app/api/download/file/538890,富士山
612850,DEM1A,523832,FG-GML-523832-DEM1A-20250613.zip,157174,160946176,2025/06/13,/kiban/app/api/download/file/612850,富士山
618001,DEM5A,523832,FG-GML-523832-DEM5A-20250620.zip,7215,7388160,2025/06/20,/kiban/app/api/download/file/618001,富士山
615149,DEM5B,523832,FG-GML-523832-DEM5B-20250609.zip,552,565248,2025/06/09,/kiban/app/api/download/file/615149,富士山
538891,DEM10B,523833,FG-GML-523833-DEM10B-20161001.zip,745,762880,2016/10/01,/kiban/app/api/download/file/538891,富士山
612851,DEM1A,523833,FG-GML-523833-DEM1A-20250613.zip,92082,94291968,2025/06/13,/kiban/app/api/download/file/612851,富士山
618002,DEM5A,523833,FG-GML-523833-DEM5A-20250620.zip,4246,4347904,2025/06/20,/kiban/app/api/download/file/618002,富士山
615150,DEM5B,523833,FG-GML-523833-DEM5B-20250609.zip,2,2048,2025/06/09,/kiban/app/api/download/file/615150,富士山
538892,DEM10B,523834,FG-GML-523834-DEM10B-20161001.zip,74,75776,2016/10/01,/kiban/app/api/download/file/538892,富士山
612852,DEM1A,523834,FG-GML-523834-DEM1A-20250613.zip,4594,4704256,2025/06/13,/kiban/app/api/download/file/612852,富士山
618003,DEM5A,523834,FG-GML-523834-DEM5A-20250620.zip,228,233472,2025/06/20,/kiban/app/api/download/file/618003,富士山
729918,DEM5B,523834,FG-GML-523834-DEM5B-20101001.zip,206,210944,2010/10/01,/kiban/app/api/download/file/729918,富士山
538893,DEM10B,523836,FG-GML-523836-DEM10B-20161001.zip,1742,1783808,2016/10/01,/kiban/app/api/download/file/538893,富士山
612853,DEM1A,523836,FG-GML-523836-DEM1A-20250613.zip,186385,190858240,2025/06/13,/kiban/app/api/download/file/612853,富士山
618004,DEM5A,523836,FG-GML-523836-DEM5A-20250620.zip,7879,8068096,2025/06/20,/kiban/app/api/download/file/618004,富士山
615151,DEM5B,523836,FG-GML-523836-DEM5B-20250609.zip,1319,1350656,2025/06/09,/kiban/app/api/download/file/615151,富士山
538894,DEM10B,523837,FG-GML-523837-DEM10B-20161001.zip,1882,1927168,2016/10/01,/kiban/app/api/download/file/538894,富士山
612854,DEM1A,523837,FG-GML-523837-DEM1A-20250613.zip,209274,214296576,2025/06/13,/kiban/app/api/download/file/612854,富士山
618005,DEM5A,523837,FG-GML-523837-DEM5A-20250620.zip,8470,8673280,2025/06/20,/kiban/app/api/download/file/618005,富士山
615152,DEM5B,523837,FG-GML-523837-DEM5B-20250609.zip,1398,1431552,2025/06/09,/kiban/app/api/download/file/615152,富士山
538895,DEM10B,523840,FG-GML-523840-DEM10B-20161001.zip,2065,2114560,2016/10/01,/kiban/app/api/download/file/538895,富士山
685681,DEM1A,523840,FG-GML-523840-DEM1A-20251208.zip,194148,198807552,2025/12/08,/kiban/app/api/download/file/685681,富士山
686717,DEM5A,523840,FG-GML-523840-DEM5A-20251208.zip,9941,10179584,2025/12/08,/kiban/app/api/download/file/686717,富士山
615949,DEM5C,523840,FG-GML-523840-DEM5C-20250605.zip,1853,1897472,2025/06/05,/kiban/app/api/download/file/615949,富士山
538896,DEM10B,523841,FG-GML-523841-DEM10B-20161001.zip,2099,2149376,2016/10/01,/kiban/app/api/download/file/538896,富士山
612856,DEM1A,523841,FG-GML-523841-DEM1A-20250613.zip,214512,219660288,2025/06/13,/kiban/app/api/download/file/612856,富士山
618007,DEM5A,523841,FG-GML-523841-DEM5A-20250620.zip,9236,9457664,2025/06/20,/kiban/app/api/download/file/618007,富士山
538897,DEM10B,523842,FG-GML-523842-DEM10B-20161001.zip,1925,1971200,2016/10/01,/kiban/app/api/download/file/538897,富士山
612857,DEM1A,523842,FG-GML-523842-DEM1A-20250613.zip,156351,160103424,2025/06/13,/kiban/app/api/download/file/612857,富士山
618008,DEM5A,523842,FG-GML-523842-DEM5A-20250620.zip,7345,7521280,2025/06/20,/kiban/app/api/download/file/618008,富士山
729919,DEM5B,523842,FG-GML-523842-DEM5B-20101001.zip,5867,6007808,2010/10/01,/kiban/app/api/download/file/729919,富士山
538898,DEM10B,523843,FG-GML-523843-DEM10B-20161001.zip,1503,1539072,2016/10/01,/kiban/app/api/download/file/538898,富士山
612858,DEM1A,523843,FG-GML-523843-DEM1A-20250613.zip,180577,184910848,2025/06/13,/kiban/app/api/download/file/612858,富士山
618009,DEM5A,523843,FG-GML-523843-DEM5A-20250620.zip,7946,8136704,2025/06/20,/kiban/app/api/download/file/618009,富士山
615153,DEM5B,523843,FG-GML-523843-DEM5B-20250609.zip,1767,1809408,2025/06/09,/kiban/app/api/download/file/615153,富士山
538899,DEM10B,523844,FG-GML-523844-DEM10B-20161001.zip,355,363520,2016/10/01,/kiban/app/api/download/file/538899,富士山
612859,DEM1A,523844,FG-GML-523844-DEM1A-20250613.zip,36912,37797888,2025/06/13,/kiban/app/api/download/file/612859,富士山
618010,DEM5A,523844,FG-GML-523844-DEM5A-20250620.zip,1657,1696768,2025/06/20,/kiban/app/api/download/file/618010,富士山
615154,DEM5B,523844,FG-GML-523844-DEM5B-20250609.zip,102,104448,2025/06/09,/kiban/app/api/download/file/615154,富士山
538900,DEM10B,523846,FG-GML-523846-DEM10B-20161001.zip,435,445440,2016/10/01,/kiban/app/api/download/file/538900,富士山
612860,DEM1A,523846,FG-GML-523846-DEM1A-20250613.zip,45292,46379008,2025/06/13,/kiban/app/api/download/file/612860,富士山
618011,DEM5A,523846,FG-GML-523846-DEM5A-20250620.zip,1916,1961984,2025/06/20,/kiban/app/api/download/file/618011,富士山
538901,DEM10B,523847,FG-GML-523847-DEM10B-20161001.zip,1491,1526784,2016/10/01,/kiban/app/api/download/file/538901,富士山
612861,DEM1A,523847,FG-GML-523847-DEM1A-20250613.zip,177356,181612544,2025/06/13,/kiban/app/api/download/file/612861,富士山
618012,DEM5A,523847,FG-GML-523847-DEM5A-20250620.zip,5664,5799936,2025/06/20,/kiban/app/api/download/file/618012,富士山
729921,DEM5B,523847,FG-GML-523847-DEM5B-20161001.zip,77,78848,2016/10/01,/kiban/app/api/download/file/729921,富士山
538902,DEM10B,523850,FG-GML-523850-DEM10B-20161001.zip,2233,2286592,2016/10/01,/kiban/app/api/download/file/538902,富士山
685682,DEM1A,523850,FG-GML-523850-DEM1A-20251208.zip,126259,129289216,2025/12/08,/kiban/app/api/download/file/685682,富士山
686718,DEM5A,523850,FG-GML-523850-DEM5A-20251208.zip,9929,10167296,2025/12/08,/kiban/app/api/download/file/686718,富士山
538903,DEM10B,523851,FG-GML-523851-DEM10B-20161001.zip,2132,2183168,2016/10/01,/kiban/app/api/download/file/538903,富士山
612863,DEM1A,523851,FG-GML-523851-DEM1A-20250613.zip,205207,210131968,2025/06/13,/kiban/app/api/download/file/612863,富士山
618014,DEM5A,523851,FG-GML-523851-DEM5A-20250620.zip,9010,9226240,2025/06/20,/kiban/app/api/download/file/618014,富士山
538904,DEM10B,523852,FG-GML-523852-DEM10B-20161001.zip,2108,2158592,2016/10/01,/kiban/app/api/download/file/538904,富士山
612864,DEM1A,523852,FG-GML-523852-DEM1A-20250613.zip,165665,169640960,2025/06/13,/kiban/app/api/download/file/612864,富士山
618015,DEM5A,523852,FG-GML-523852-DEM5A-20250620.zip,7668,7852032,2025/06/20,/kiban/app/api/download/file/618015,富士山
729922,DEM5B,523852,FG-GML-523852-DEM5B-20101001.zip,3275,3353600,2010/10/01,/kiban/app/api/download/file/729922,富士山
538905,DEM10B,523853,FG-GML-523853-DEM10B-20161001.zip,2131,2182144,2016/10/01,/kiban/app/api/download/file/538905,富士山
717788,DEM1A,523853,FG-GML-523853-DEM1A-20260616.zip,224595,229985280,2026/06/16,/kiban/app/api/download/file/717788,富士山
720046,DEM5A,523853,FG-GML-523853-DEM5A-20260616.zip,9798,10033152,2026/06/16,/kiban/app/api/download/file/720046,富士山
615155,DEM5B,523853,FG-GML-523853-DEM5B-20250609.zip,4585,4695040,2025/06/09,/kiban/app/api/download/file/615155,富士山
536948,DEM10A,523854,FG-GML-523854-DEM10A-20161001.zip,35,35840,2016/10/01,/kiban/app/api/download/file/536948,富士山
538906,DEM10B,523854,FG-GML-523854-DEM10B-20161001.zip,1593,1631232,2016/10/01,/kiban/app/api/download/file/538906,富士山
717789,DEM1A,523854,FG-GML-523854-DEM1A-20260616.zip,168422,172464128,2026/06/16,/kiban/app/api/download/file/717789,富士山
720047,DEM5A,523854,FG-GML-523854-DEM5A-20260616.zip,7469,7648256,2026/06/16,/kiban/app/api/download/file/720047,富士山
615156,DEM5B,523854,FG-GML-523854-DEM5B-20250609.zip,2439,2497536,2025/06/09,/kiban/app/api/download/file/615156,富士山
536949,DEM10A,523855,FG-GML-523855-DEM10A-20161001.zip,596,610304,2016/10/01,/kiban/app/api/download/file/536949,富士山
538907,DEM10B,523855,FG-GML-523855-DEM10B-20161001.zip,278,284672,2016/10/01,/kiban/app/api/download/file/538907,富士山
717790,DEM1A,523855,FG-GML-523855-DEM1A-20260616.zip,49597,50787328,2026/06/16,/kiban/app/api/download/file/717790,富士山
720048,DEM5A,523855,FG-GML-523855-DEM5A-20260616.zip,2539,2599936,2026/06/16,/kiban/app/api/download/file/720048,富士山
536950,DEM10A,523856,FG-GML-523856-DEM10A-20161001.zip,159,162816,2016/10/01,/kiban/app/api/download/file/536950,富士山
538908,DEM10B,523856,FG-GML-523856-DEM10B-20161001.zip,781,799744,2016/10/01,/kiban/app/api/download/file/538908,富士山
612868,DEM1A,523856,FG-GML-523856-DEM1A-20250613.zip,104765,107279360,2025/06/13,/kiban/app/api/download/file/612868,富士山
618019,DEM5A,523856,FG-GML-523856-DEM5A-20250620.zip,3720,3809280,2025/06/20,/kiban/app/api/download/file/618019,富士山
538909,DEM10B,523857,FG-GML-523857-DEM10B-20161001.zip,1531,1567744,2016/10/01,/kiban/app/api/download/file/538909,富士山
612869,DEM1A,523857,FG-GML-523857-DEM1A-20250613.zip,176275,180505600,2025/06/13,/kiban/app/api/download/file/612869,富士山
618020,DEM5A,523857,FG-GML-523857-DEM5A-20250620.zip,5329,5456896,2025/06/20,/kiban/app/api/download/file/618020,富士山
538910,DEM10B,523860,FG-GML-523860-DEM10B-20161001.zip,2267,2321408,2016/10/01,/kiban/app/api/download/file/538910,富士山
685683,DEM1A,523860,FG-GML-523860-DEM1A-20251208.zip,129237,132338688,2025/12/08,/kiban/app/api/download/file/685683,富士山
686719,DEM5A,523860,FG-GML-523860-DEM5A-20251208.zip,9198,9418752,2025/12/08,/kiban/app/api/download/file/686719,富士山
538911,DEM10B,523861,FG-GML-523861-DEM10B-20161001.zip,2182,2234368,2016/10/01,/kiban/app/api/download/file/538911,富士山
685684,DEM1A,523861,FG-GML-523861-DEM1A-20251208.zip,145486,148977664,2025/12/08,/kiban/app/api/download/file/685684,富士山
686720,DEM5A,523861,FG-GML-523861-DEM5A-20251208.zip,10495,10746880,2025/12/08,/kiban/app/api/download/file/686720,富士山
538912,DEM10B,523862,FG-GML-523862-DEM10B-20161001.zip,2192,2244608,2016/10/01,/kiban/app/api/download/file/538912,富士山
717791,DEM1A,523862,FG-GML-523862-DEM1A-20260616.zip,181429,185783296,2026/06/16,/kiban/app/api/download/file/717791,富士山
720049,DEM5A,523862,FG-GML-523862-DEM5A-20260616.zip,8284,8482816,2026/06/16,/kiban/app/api/download/file/720049,富士山
538913,DEM10B,523863,FG-GML-523863-DEM10B-20161001.zip,2196,2248704,2016/10/01,/kiban/app/api/download/file/538913,富士山
717792,DEM1A,523863,FG-GML-523863-DEM1A-20260616.zip,208559,213564416,2026/06/16,/kiban/app/api/download/file/717792,富士山
720050,DEM5A,523863,FG-GML-523863-DEM5A-20260616.zip,9338,9562112,2026/06/16,/kiban/app/api/download/file/720050,富士山
615950,DEM5C,523863,FG-GML-523863-DEM5C-20250605.zip,2691,2755584,2025/06/05,/kiban/app/api/download/file/615950,富士山
536951,DEM10A,523864,FG-GML-523864-DEM10A-20161001.zip,515,527360,2016/10/01,/kiban/app/api/download/file/536951,富士山
538914,DEM10B,523864,FG-GML-523864-DEM10B-20161001.zip,1804,1847296,2016/10/01,/kiban/app/api/download/file/538914,富士山
717793,DEM1A,523864,FG-GML-523864-DEM1A-20260616.zip,187531,192031744,2026/06/16,/kiban/app/api/download/file/717793,富士山
720051,DEM5A,523864,FG-GML-523864-DEM5A-20260616.zip,8540,8744960,2026/06/16,/kiban/app/api/download/file/720051,富士山
615157,DEM5B,523864,FG-GML-523864-DEM5B-20250609.zip,1060,1085440,2025/06/09,/kiban/app/api/download/file/615157,富士山
536952,DEM10A,523865,FG-GML-523865-DEM10A-20161001.zip,2212,2265088,2016/10/01,/kiban/app/api/download/file/536952,富士山
538915,DEM10B,523865,FG-GML-523865-DEM10B-20161001.zip,1704,1744896,2016/10/01,/kiban/app/api/download/file/538915,富士山
612875,DEM1A,523865,FG-GML-523865-DEM1A-20250613.zip,93516,95760384,2025/06/13,/kiban/app/api/download/file/612875,富士山
618026,DEM5A,523865,FG-GML-523865-DEM5A-20250620.zip,5528,5660672,2025/06/20,/kiban/app/api/download/file/618026,富士山
536953,DEM10A,523866,FG-GML-523866-DEM10A-20161001.zip,1335,1367040,2016/10/01,/kiban/app/api/download/file/536953,富士山
538916,DEM10B,523866,FG-GML-523866-DEM10B-20161001.zip,2082,2131968,2016/10/01,/kiban/app/api/download/file/538916,富士山
612876,DEM1A,523866,FG-GML-523866-DEM1A-20250613.zip,190978,195561472,2025/06/13,/kiban/app/api/download/file/612876,富士山
618027,DEM5A,523866,FG-GML-523866-DEM5A-20250620.zip,8458,8660992,2025/06/20,/kiban/app/api/download/file/618027,富士山
729924,DEM5B,523866,FG-GML-523866-DEM5B-20161001.zip,622,636928,2016/10/01,/kiban/app/api/download/file/729924,富士山
536954,DEM10A,523867,FG-GML-523867-DEM10A-20161001.zip,119,121856,2016/10/01,/kiban/app/api/download/file/536954,富士山
538917,DEM10B,523867,FG-GML-523867-DEM10B-20161001.zip,1890,1935360,2016/10/01,/kiban/app/api/download/file/538917,富士山
663891,DEM1A,523867,FG-GML-523867-DEM1A-20250718.zip,189101,193639424,2025/07/18,/kiban/app/api/download/file/663891,富士山
618028,DEM5A,523867,FG-GML-523867-DEM5A-20250620.zip,6342,6494208,2025/06/20,/kiban/app/api/download/file/618028,富士山
538918,DEM10B,523870,FG-GML-523870-DEM10B-20161001.zip,2241,2294784,2016/10/01,/kiban/app/api/download/file/538918,富士山
685685,DEM1A,523870,FG-GML-523870-DEM1A-20251208.zip,90160,92323840,2025/12/08,/kiban/app/api/download/file/685685,富士山
686721,DEM5A,523870,FG-GML-523870-DEM5A-20251208.zip,9637,9868288,2025/12/08,/kiban/app/api/download/file/686721,富士山
538919,DEM10B,523871,FG-GML-523871-DEM10B-20161001.zip,2233,2286592,2016/10/01,/kiban/app/api/download/file/538919,富士山
717794,DEM1A,523871,FG-GML-523871-DEM1A-20260616.zip,169043,173100032,2026/06/16,/kiban/app/api/download/file/717794,富士山
720052,DEM5A,523871,FG-GML-523871-DEM5A-20260616.zip,8550,8755200,2026/06/16,/kiban/app/api/download/file/720052,富士山
538920,DEM10B,523872,FG-GML-523872-DEM10B-20161001.zip,2228,2281472,2016/10/01,/kiban/app/api/download/file/538920,富士山
717795,DEM1A,523872,FG-GML-523872-DEM1A-20260616.zip,167155,171166720,2026/06/16,/kiban/app/api/download/file/717795,富士山
720053,DEM5A,523872,FG-GML-523872-DEM5A-20260616.zip,8452,8654848,2026/06/16,/kiban/app/api/download/file/720053,富士山
538921,DEM10B,523873,FG-GML-523873-DEM10B-20161001.zip,2122,2172928,2016/10/01,/kiban/app/api/download/file/538921,富士山
717796,DEM1A,523873,FG-GML-523873-DEM1A-20260616.zip,167171,171183104,2026/06/16,/kiban/app/api/download/file/717796,富士山
720054,DEM5A,523873,FG-GML-523873-DEM5A-20260616.zip,9536,9764864,2026/06/16,/kiban/app/api/download/file/720054,富士山
615951,DEM5C,523873,FG-GML-523873-DEM5C-20250605.zip,1565,1602560,2025/06/05,/kiban/app/api/download/file/615951,富士山
536955,DEM10A,523874,FG-GML-523874-DEM10A-20161001.zip,832,851968,2016/10/01,/kiban/app/api/download/file/536955,富士山
538922,DEM10B,523874,FG-GML-523874-DEM10B-20161001.zip,1892,1937408,2016/10/01,/kiban/app/api/download/file/538922,富士山
717797,DEM1A,523874,FG-GML-523874-DEM1A-20260616.zip,172614,176756736,2026/06/16,/kiban/app/api/download/file/717797,富士山
720055,DEM5A,523874,FG-GML-523874-DEM5A-20260616.zip,8142,8337408,2026/06/16,/kiban/app/api/download/file/720055,富士山
615158,DEM5B,523874,FG-GML-523874-DEM5B-20250609.zip,511,523264,2025/06/09,/kiban/app/api/download/file/615158,富士山
536956,DEM10A,523875,FG-GML-523875-DEM10A-20161001.zip,2620,2682880,2016/10/01,/kiban/app/api/download/file/536956,富士山
538923,DEM10B,523875,FG-GML-523875-DEM10B-20161001.zip,2046,2095104,2016/10/01,/kiban/app/api/download/file/538923,富士山
612883,DEM1A,523875,FG-GML-523875-DEM1A-20250613.zip,114582,117331968,2025/06/13,/kiban/app/api/download/file/612883,富士山
618034,DEM5A,523875,FG-GML-523875-DEM5A-20250620.zip,6384,6537216,2025/06/20,/kiban/app/api/download/file/618034,富士山
729926,DEM5B,523875,FG-GML-523875-DEM5B-20161001.zip,4027,4123648,2016/10/01,/kiban/app/api/download/file/729926,富士山
536957,DEM10A,523876,FG-GML-523876-DEM10A-20161001.zip,2532,2592768,2016/10/01,/kiban/app/api/download/file/536957,富士山
538924,DEM10B,523876,FG-GML-523876-DEM10B-20161001.zip,2013,2061312,2016/10/01,/kiban/app/api/download/file/538924,富士山
612884,DEM1A,523876,FG-GML-523876-DEM1A-20250613.zip,155901,159642624,2025/06/13,/kiban/app/api/download/file/612884,富士山
618035,DEM5A,523876,FG-GML-523876-DEM5A-20250620.zip,7463,7642112,2025/06/20,/kiban/app/api/download/file/618035,富士山
729928,DEM5B,523876,FG-GML-523876-DEM5B-20161001.zip,2015,2063360,2016/10/01,/kiban/app/api/download/file/729928,富士山
536958,DEM10A,523877,FG-GML-523877-DEM10A-20161001.zip,1895,1940480,2016/10/01,/kiban/app/api/download/file/536958,富士山
538925,DEM10B,523877,FG-GML-523877-DEM10B-20161001.zip,1803,1846272,2016/10/01,/kiban/app/api/download/file/538925,富士山
612885,DEM1A,523877,FG-GML-523877-DEM1A-20250613.zip,183394,187795456,2025/06/13,/kiban/app/api/download/file/612885,富士山
618036,DEM5A,523877,FG-GML-523877-DEM5A-20250620.zip,5659,5794816,2025/06/20,/kiban/app/api/download/file/618036,富士山
729930,DEM5B,523877,FG-GML-523877-DEM5B-20161001.zip,1032,1056768,2016/10/01,/kiban/app/api/download/file/729930,富士山
538926,DEM10B,523900,FG-GML-523900-DEM10B-20161001.zip,46,47104,2016/10/01,/kiban/app/api/download/file/538926,富士山
612886,DEM1A,523900,FG-GML-523900-DEM1A-20250613.zip,346,354304,2025/06/13,/kiban/app/api/download/file/612886,富士山
618037,DEM5A,523900,FG-GML-523900-DEM5A-20250620.zip,20,20480,2025/06/20,/kiban/app/api/download/file/618037,富士山
536959,DEM10A,523902,FG-GML-523902-DEM10A-20161001.zip,299,306176,2016/10/01,/kiban/app/api/download/file/536959,富士山
538927,DEM10B,523902,FG-GML-523902-DEM10B-20161001.zip,250,256000,2016/10/01,/kiban/app/api/download/file/538927,富士山
612887,DEM1A,523902,FG-GML-523902-DEM1A-20250613.zip,12731,13036544,2025/06/13,/kiban/app/api/download/file/612887,富士山
618038,DEM5A,523902,FG-GML-523902-DEM5A-20250620.zip,671,687104,2025/06/20,/kiban/app/api/download/file/618038,富士山
536960,DEM10A,523903,FG-GML-523903-DEM10A-20161001.zip,1165,1192960,2016/10/01,/kiban/app/api/download/file/536960,富士山
538928,DEM10B,523903,FG-GML-523903-DEM10B-20161001.zip,922,944128,2016/10/01,/kiban/app/api/download/file/538928,富士山
612888,DEM1A,523903,FG-GML-523903-DEM1A-20250613.zip,57428,58806272,2025/06/13,/kiban/app/api/download/file/612888,富士山
618039,DEM5A,523903,FG-GML-523903-DEM5A-20250620.zip,2992,3063808,2025/06/20,/kiban/app/api/download/file/618039,富士山
538929,DEM10B,523910,FG-GML-523910-DEM10B-20161001.zip,940,962560,2016/10/01,/kiban/app/api/download/file/538929,富士山
612889,DEM1A,523910,FG-GML-523910-DEM1A-20250613.zip,93907,96160768,2025/06/13,/kiban/app/api/download/file/612889,富士山
618040,DEM5A,523910,FG-GML-523910-DEM5A-20250620.zip,3062,3135488,2025/06/20,/kiban/app/api/download/file/618040,富士山
536961,DEM10A,523912,FG-GML-523912-DEM10A-20161001.zip,291,297984,2016/10/01,/kiban/app/api/download/file/536961,富士山
538930,DEM10B,523912,FG-GML-523912-DEM10B-20161001.zip,245,250880,2016/10/01,/kiban/app/api/download/file/538930,富士山
612890,DEM1A,523912,FG-GML-523912-DEM1A-20250613.zip,9425,9651200,2025/06/13,/kiban/app/api/download/file/612890,富士山
618041,DEM5A,523912,FG-GML-523912-DEM5A-20250620.zip,598,612352,2025/06/20,/kiban/app/api/download/file/618041,富士山
536962,DEM10A,523913,FG-GML-523913-DEM10A-20161001.zip,562,575488,2016/10/01,/kiban/app/api/download/file/536962,富士山
538931,DEM10B,523913,FG-GML-523913-DEM10B-20161001.zip,457,467968,2016/10/01,/kiban/app/api/download/file/538931,富士山
612891,DEM1A,523913,FG-GML-523913-DEM1A-20250613.zip,26432,27066368,2025/06/13,/kiban/app/api/download/file/612891,富士山
618042,DEM5A,523913,FG-GML-523913-DEM5A-20250620.zip,1410,1443840,2025/06/20,/kiban/app/api/download/file/618042,富士山
536963,DEM10A,523920,FG-GML-523920-DEM10A-20161001.zip,1729,1770496,2016/10/01,/kiban/app/api/download/file/536963,富士山
538932,DEM10B,523920,FG-GML-523920-DEM10B-20161001.zip,1807,1850368,2016/10/01,/kiban/app/api/download/file/538932,富士山
612892,DEM1A,523920,FG-GML-523920-DEM1A-20250613.zip,190556,195129344,2025/06/13,/kiban/app/api/download/file/612892,富士山
618043,DEM5A,523920,FG-GML-523920-DEM5A-20250620.zip,6163,6310912,2025/06/20,/kiban/app/api/download/file/618043,富士山
615159,DEM5B,523920,FG-GML-523920-DEM5B-20250609.zip,99,101376,2025/06/09,/kiban/app/api/download/file/615159,富士山
536964,DEM10A,523921,FG-GML-523921-DEM10A-20161001.zip,135,138240,2016/10/01,/kiban/app/api/download/file/536964,富士山
538933,DEM10B,523921,FG-GML-523921-DEM10B-20161001.zip,131,134144,2016/10/01,/kiban/app/api/download/file/538933,富士山
612893,DEM1A,523921,FG-GML-523921-DEM1A-20250613.zip,8716,8925184,2025/06/13,/kiban/app/api/download/file/612893,富士山
618044,DEM5A,523921,FG-GML-523921-DEM5A-20250620.zip,296,303104,2025/06/20,/kiban/app/api/download/file/618044,富士山
536965,DEM10A,523930,FG-GML-523930-DEM10A-20161001.zip,1000,1024000,2016/10/01,/kiban/app/api/download/file/536965,富士山
538936,DEM10B,523930,FG-GML-523930-DEM10B-20161001.zip,1771,1813504,2016/10/01,/kiban/app/api/download/file/538936,富士山
612894,DEM1A,523930,FG-GML-523930-DEM1A-20250613.zip,194844,199520256,2025/06/13,/kiban/app/api/download/file/612894,富士山
618047,DEM5A,523930,FG-GML-523930-DEM5A-20250620.zip,6237,6386688,2025/06/20,/kiban/app/api/download/file/618047,富士山
729933,DEM5B,523930,FG-GML-523930-DEM5B-20190130.zip,3811,3902464,2019/01/30,/kiban/app/api/download/file/729933,富士山
536966,DEM10A,523931,FG-GML-523931-DEM10A-20161001.zip,239,244736,2016/10/01,/kiban/app/api/download/file/536966,富士山
538937,DEM10B,523931,FG-GML-523931-DEM10B-20161001.zip,207,211968,2016/10/01,/kiban/app/api/download/file/538937,富士山
612895,DEM1A,523931,FG-GML-523931-DEM1A-20250613.zip,16065,16450560,2025/06/13,/kiban/app/api/download/file/612895,富士山
618048,DEM5A,523931,FG-GML-523931-DEM5A-20250620.zip,546,559104,2025/06/20,/kiban/app/api/download/file/618048,富士山
538940,DEM10B,523940,FG-GML-523940-DEM10B-20161001.zip,1450,1484800,2016/10/01,/kiban/app/api/download/file/538940,富士山
612896,DEM1A,523940,FG-GML-523940-DEM1A-20250613.zip,151143,154770432,2025/06/13,/kiban/app/api/download/file/612896,富士山
618051,DEM5A,523940,FG-GML-523940-DEM5A-20250620.zip,4884,5001216,2025/06/20,/kiban/app/api/download/file/618051,富士山
729935,DEM5B,523940,FG-GML-523940-DEM5B-20161001.zip,536,548864,2016/10/01,/kiban/app/api/download/file/729935,富士山
538941,DEM10B,523941,FG-GML-523941-DEM10B-20161001.zip,52,53248,2016/10/01,/kiban/app/api/download/file/538941,富士山
612897,DEM1A,523941,FG-GML-523941-DEM1A-20250613.zip,995,1018880,2025/06/13,/kiban/app/api/download/file/612897,富士山
618052,DEM5A,523941,FG-GML-523941-DEM5A-20250620.zip,33,33792,2025/06/20,/kiban/app/api/download/file/618052,富士山
615162,DEM5B,523941,FG-GML-523941-DEM5B-20250609.zip,48,49152,2025/06/09,/kiban/app/api/download/file/615162,富士山
538942,DEM10B,523946,FG-GML-523946-DEM10B-20161001.zip,539,551936,2016/10/01,/kiban/app/api/download/file/538942,富士山
717802,DEM1A,523946,FG-GML-523946-DEM1A-20260603.zip,35693,36549632,2026/06/03,/kiban/app/api/download/file/717802,富士山
720060,DEM5A,523946,FG-GML-523946-DEM5A-20260603.zip,1850,1894400,2026/06/03,/kiban/app/api/download/file/720060,富士山
615956,DEM5C,523946,FG-GML-523946-DEM5C-20250605.zip,624,638976,2025/06/05,/kiban/app/api/download/file/615956,富士山
538944,DEM10B,523950,FG-GML-523950-DEM10B-20161001.zip,1688,1728512,2016/10/01,/kiban/app/api/download/file/538944,富士山
612899,DEM1A,523950,FG-GML-523950-DEM1A-20250613.zip,176965,181212160,2025/06/13,/kiban/app/api/download/file/612899,富士山
618055,DEM5A,523950,FG-GML-523950-DEM5A-20250620.zip,5724,5861376,2025/06/20,/kiban/app/api/download/file/618055,富士山
615163,DEM5B,523950,FG-GML-523950-DEM5B-20250609.zip,110,112640,2025/06/09,/kiban/app/api/download/file/615163,富士山
538945,DEM10B,523951,FG-GML-523951-DEM10B-20161001.zip,124,126976,2016/10/01,/kiban/app/api/download/file/538945,富士山
612900,DEM1A,523951,FG-GML-523951-DEM1A-20250613.zip,8202,8398848,2025/06/13,/kiban/app/api/download/file/612900,富士山
618056,DEM5A,523951,FG-GML-523951-DEM5A-20250620.zip,273,279552,2025/06/20,/kiban/app/api/download/file/618056,富士山
615164,DEM5B,523951,FG-GML-523951-DEM5B-20250609.zip,294,301056,2025/06/09,/kiban/app/api/download/file/615164,富士山
538946,DEM10B,523954,FG-GML-523954-DEM10B-20161001.zip,104,106496,2016/10/01,/kiban/app/api/download/file/538946,富士山
612901,DEM1A,523954,FG-GML-523954-DEM1A-20250613.zip,6263,6413312,2025/06/13,/kiban/app/api/download/file/612901,富士山
618057,DEM5A,523954,FG-GML-523954-DEM5A-20250620.zip,205,209920,2025/06/20,/kiban/app/api/download/file/618057,富士山
729938,DEM5B,523954,FG-GML-523954-DEM5B-20100115.zip,286,292864,2010/01/15,/kiban/app/api/download/file/729938,富士山
538947,DEM10B,523955,FG-GML-523955-DEM10B-20161001.zip,246,251904,2016/10/01,/kiban/app/api/download/file/538947,富士山
612902,DEM1A,523955,FG-GML-523955-DEM1A-20250613.zip,22551,23092224,2025/06/13,/kiban/app/api/download/file/612902,富士山
618058,DEM5A,523955,FG-GML-523955-DEM5A-20250620.zip,696,712704,2025/06/20,/kiban/app/api/download/file/618058,富士山
729939,DEM5B,523955,FG-GML-523955-DEM5B-20100115.zip,1032,1056768,2010/01/15,/kiban/app/api/download/file/729939,富士山
538948,DEM10B,523956,FG-GML-523956-DEM10B-20161001.zip,677,693248,2016/10/01,/kiban/app/api/download/file/538948,富士山
717804,DEM1A,523956,FG-GML-523956-DEM1A-20260603.zip,43236,44273664,2026/06/03,/kiban/app/api/download/file/717804,富士山
720062,DEM5A,523956,FG-GML-523956-DEM5A-20260603.zip,2213,2266112,2026/06/03,/kiban/app/api/download/file/720062,富士山
615958,DEM5C,523956,FG-GML-523956-DEM5C-20250605.zip,676,692224,2025/06/05,/kiban/app/api/download/file/615958,富士山
538950,DEM10B,523960,FG-GML-523960-DEM10B-20161001.zip,2026,2074624,2016/10/01,/kiban/app/api/download/file/538950,富士山
612905,DEM1A,523960,FG-GML-523960-DEM1A-20250613.zip,214641,219792384,2025/06/13,/kiban/app/api/download/file/612905,富士山
618061,DEM5A,523960,FG-GML-523960-DEM5A-20250620.zip,7101,7271424,2025/06/20,/kiban/app/api/download/file/618061,富士山
729942,DEM5B,523960,FG-GML-523960-DEM5B-20161001.zip,2120,2170880,2016/10/01,/kiban/app/api/download/file/729942,富士山
538951,DEM10B,523961,FG-GML-523961-DEM10B-20161001.zip,361,369664,2016/10/01,/kiban/app/api/download/file/538951,富士山
612906,DEM1A,523961,FG-GML-523961-DEM1A-20250613.zip,30437,31167488,2025/06/13,/kiban/app/api/download/file/612906,富士山
618062,DEM5A,523961,FG-GML-523961-DEM5A-20250620.zip,1035,1059840,2025/06/20,/kiban/app/api/download/file/618062,富士山
615165,DEM5B,523961,FG-GML-523961-DEM5B-20250609.zip,565,578560,2025/06/09,/kiban/app/api/download/file/615165,富士山
538952,DEM10B,523964,FG-GML-523964-DEM10B-20161001.zip,254,260096,2016/10/01,/kiban/app/api/download/file/538952,富士山
612907,DEM1A,523964,FG-GML-523964-DEM1A-20250613.zip,22476,23015424,2025/06/13,/kiban/app/api/download/file/612907,富士山
618063,DEM5A,523964,FG-GML-523964-DEM5A-20250620.zip,702,718848,2025/06/20,/kiban/app/api/download/file/618063,富士山
615166,DEM5B,523964,FG-GML-523964-DEM5B-20250609.zip,3,3072,2025/06/09,/kiban/app/api/download/file/615166,富士山
538953,DEM10B,523965,FG-GML-523965-DEM10B-20161001.zip,886,907264,2016/10/01,/kiban/app/api/download/file/538953,富士山
612908,DEM1A,523965,FG-GML-523965-DEM1A-20250613.zip,97010,99338240,2025/06/13,/kiban/app/api/download/file/612908,富士山
618064,DEM5A,523965,FG-GML-523965-DEM5A-20250620.zip,2924,2994176,2025/06/20,/kiban/app/api/download/file/618064,富士山
615167,DEM5B,523965,FG-GML-523965-DEM5B-20250609.zip,2,2048,2025/06/09,/kiban/app/api/download/file/615167,富士山
538954,DEM10B,523966,FG-GML-523966-DEM10B-20161001.zip,526,538624,2016/10/01,/kiban/app/api/download/file/538954,富士山
685690,DEM1A,523966,FG-GML-523966-DEM1A-20251208.zip,33543,34348032,2025/12/08,/kiban/app/api/download/file/685690,富士山
686726,DEM5A,523966,FG-GML-523966-DEM5A-20251208.zip,1686,1726464,2025/12/08,/kiban/app/api/download/file/686726,富士山
615959,DEM5C,523966,FG-GML-523966-DEM5C-20250605.zip,650,665600,2025/06/05,/kiban/app/api/download/file/615959,富士山
538956,DEM10B,523970,FG-GML-523970-DEM10B-20161001.zip,2004,2052096,2016/10/01,/kiban/app/api/download/file/538956,富士山
612911,DEM1A,523970,FG-GML-523970-DEM1A-20250613.zip,195237,199922688,2025/06/13,/kiban/app/api/download/file/612911,富士山
618067,DEM5A,523970,FG-GML-523970-DEM5A-20250620.zip,6903,7068672,2025/06/20,/kiban/app/api/download/file/618067,富士山
538957,DEM10B,523971,FG-GML-523971-DEM10B-20161001.zip,1018,1042432,2016/10/01,/kiban/app/api/download/file/538957,富士山
612912,DEM1A,523971,FG-GML-523971-DEM1A-20250613.zip,83779,85789696,2025/06/13,/kiban/app/api/download/file/612912,富士山
618068,DEM5A,523971,FG-GML-523971-DEM5A-20250620.zip,3822,3913728,2025/06/20,/kiban/app/api/download/file/618068,富士山
615168,DEM5B,523971,FG-GML-523971-DEM5B-20250609.zip,418,428032,2025/06/09,/kiban/app/api/download/file/615168,富士山
538958,DEM10B,523972,FG-GML-523972-DEM10B-20161001.zip,454,464896,2016/10/01,/kiban/app/api/download/file/538958,富士山
612913,DEM1A,523972,FG-GML-523972-DEM1A-20250613.zip,53970,55265280,2025/06/13,/kiban/app/api/download/file/612913,富士山
618069,DEM5A,523972,FG-GML-523972-DEM5A-20250620.zip,1590,1628160,2025/06/20,/kiban/app/api/download/file/618069,富士山
615169,DEM5B,523972,FG-GML-523972-DEM5B-20250609.zip,370,378880,2025/06/09,/kiban/app/api/download/file/615169,富士山
538959,DEM10B,523973,FG-GML-523973-DEM10B-20161001.zip,204,208896,2016/10/01,/kiban/app/api/download/file/538959,富士山
612914,DEM1A,523973,FG-GML-523973-DEM1A-20250613.zip,31021,31765504,2025/06/13,/kiban/app/api/download/file/612914,富士山
618070,DEM5A,523973,FG-GML-523973-DEM5A-20250620.zip,830,849920,2025/06/20,/kiban/app/api/download/file/618070,富士山
615170,DEM5B,523973,FG-GML-523973-DEM5B-20250609.zip,111,113664,2025/06/09,/kiban/app/api/download/file/615170,富士山
538960,DEM10B,523974,FG-GML-523974-DEM10B-20161001.zip,1065,1090560,2016/10/01,/kiban/app/api/download/file/538960,富士山
612915,DEM1A,523974,FG-GML-523974-DEM1A-20250613.zip,120143,123026432,2025/06/13,/kiban/app/api/download/file/612915,富士山
618071,DEM5A,523974,FG-GML-523974-DEM5A-20250620.zip,3759,3849216,2025/06/20,/kiban/app/api/download/file/618071,富士山
615171,DEM5B,523974,FG-GML-523974-DEM5B-20250609.zip,3,3072,2025/06/09,/kiban/app/api/download/file/615171,富士山
538961,DEM10B,523975,FG-GML-523975-DEM10B-20161001.zip,650,665600,2016/10/01,/kiban/app/api/download/file/538961,富士山
612916,DEM1A,523975,FG-GML-523975-DEM1A-20250613.zip,69169,70829056,2025/06/13,/kiban/app/api/download/file/612916,富士山
618072,DEM5A,523975,FG-GML-523975-DEM5A-20250620.zip,2111,2161664,2025/06/20,/kiban/app/api/download/file/618072,富士山
615172,DEM5B,523975,FG-GML-523975-DEM5B-20250609.zip,11,11264,2025/06/09,/kiban/app/api/download/file/615172,富士山
538962,DEM10B,523976,FG-GML-523976-DEM10B-20161001.zip,315,322560,2016/10/01,/kiban/app/api/download/file/538962,富士山
685692,DEM1A,523976,FG-GML-523976-DEM1A-20251208.zip,20117,20599808,2025/12/08,/kiban/app/api/download/file/685692,富士山
686728,DEM5A,523976,FG-GML-523976-DEM5A-20251208.zip,1225,1254400,2025/12/08,/kiban/app/api/download/file/686728,富士山
615173,DEM5B,523976,FG-GML-523976-DEM5B-20250609.zip,567,580608,2025/06/09,/kiban/app/api/download/file/615173,富士山
615960,DEM5C,523976,FG-GML-523976-DEM5C-20250605.zip,202,206848,2025/06/05,/kiban/app/api/download/file/615960,富士山
539156,DEM10B,533705,FG-GML-533705-DEM10B-20161001.zip,2171,2223104,2016/10/01,/kiban/app/api/download/file/539156,富士山
717846,DEM1A,533705,FG-GML-533705-DEM1A-20260616.zip,170216,174301184,2026/06/16,/kiban/app/api/download/file/717846,富士山
720104,DEM5A,533705,FG-GML-533705-DEM5A-20260616.zip,7970,8161280,2026/06/16,/kiban/app/api/download/file/720104,富士山
539157,DEM10B,533706,FG-GML-533706-DEM10B-20161001.zip,2053,2102272,2016/10/01,/kiban/app/api/download/file/539157,富士山
717847,DEM1A,533706,FG-GML-533706-DEM1A-20260616.zip,172140,176271360,2026/06/16,/kiban/app/api/download/file/717847,富士山
720105,DEM5A,533706,FG-GML-533706-DEM5A-20260616.zip,7994,8185856,2026/06/16,/kiban/app/api/download/file/720105,富士山
539158,DEM10B,533707,FG-GML-533707-DEM10B-20161001.zip,2212,2265088,2016/10/01,/kiban/app/api/download/file/539158,富士山
717848,DEM1A,533707,FG-GML-533707-DEM1A-20260616.zip,221993,227320832,2026/06/16,/kiban/app/api/download/file/717848,富士山
720106,DEM5A,533707,FG-GML-533707-DEM5A-20260616.zip,9755,9989120,2026/06/16,/kiban/app/api/download/file/720106,富士山
539164,DEM10B,533715,FG-GML-533715-DEM10B-20161001.zip,2171,2223104,2016/10/01,/kiban/app/api/download/file/539164,富士山
717851,DEM1A,533715,FG-GML-533715-DEM1A-20260616.zip,167863,171891712,2026/06/16,/kiban/app/api/download/file/717851,富士山
720109,DEM5A,533715,FG-GML-533715-DEM5A-20260616.zip,7860,8048640,2026/06/16,/kiban/app/api/download/file/720109,富士山
539165,DEM10B,533716,FG-GML-533716-DEM10B-20161001.zip,1848,1892352,2016/10/01,/kiban/app/api/download/file/539165,富士山
717852,DEM1A,533716,FG-GML-533716-DEM1A-20260616.zip,141373,144765952,2026/06/16,/kiban/app/api/download/file/717852,富士山
720110,DEM5A,533716,FG-GML-533716-DEM5A-20260616.zip,7056,7225344,2026/06/16,/kiban/app/api/download/file/720110,富士山
539166,DEM10B,533717,FG-GML-533717-DEM10B-20161001.zip,2185,2237440,2016/10/01,/kiban/app/api/download/file/539166,富士山
717853,DEM1A,533717,FG-GML-533717-DEM1A-20260616.zip,210138,215181312,2026/06/16,/kiban/app/api/download/file/717853,富士山
720111,DEM5A,533717,FG-GML-533717-DEM5A-20260616.zip,9231,9452544,2026/06/16,/kiban/app/api/download/file/720111,富士山
539172,DEM10B,533725,FG-GML-533725-DEM10B-20161001.zip,2117,2167808,2016/10/01,/kiban/app/api/download/file/539172,富士山
717856,DEM1A,533725,FG-GML-533725-DEM1A-20260616.zip,173466,177629184,2026/06/16,/kiban/app/api/download/file/717856,富士山
720114,DEM5A,533725,FG-GML-533725-DEM5A-20260616.zip,8119,8313856,2026/06/16,/kiban/app/api/download/file/720114,富士山
539173,DEM10B,533726,FG-GML-533726-DEM10B-20161001.zip,2003,2051072,2016/10/01,/kiban/app/api/download/file/539173,富士山
717857,DEM1A,533726,FG-GML-533726-DEM1A-20260616.zip,160795,164654080,2026/06/16,/kiban/app/api/download/file/717857,富士山
720115,DEM5A,533726,FG-GML-533726-DEM5A-20260616.zip,7739,7924736,2026/06/16,/kiban/app/api/download/file/720115,富士山
539174,DEM10B,533727,FG-GML-533727-DEM10B-20161001.zip,2045,2094080,2016/10/01,/kiban/app/api/download/file/539174,富士山
717858,DEM1A,533727,FG-GML-533727-DEM1A-20260616.zip,188680,193208320,2026/06/16,/kiban/app/api/download/file/717858,富士山
720116,DEM5A,533727,FG-GML-533727-DEM5A-20260616.zip,8518,8722432,2026/06/16,/kiban/app/api/download/file/720116,富士山
539180,DEM10B,533735,FG-GML-533735-DEM10B-20161001.zip,2199,2251776,2016/10/01,/kiban/app/api/download/file/539180,富士山
717864,DEM1A,533735,FG-GML-533735-DEM1A-20260616.zip,175266,179472384,2026/06/16,/kiban/app/api/download/file/717864,富士山
720122,DEM5A,533735,FG-GML-533735-DEM5A-20260616.zip,7868,8056832,2026/06/16,/kiban/app/api/download/file/720122,富士山
539181,DEM10B,533736,FG-GML-533736-DEM10B-20161001.zip,2225,2278400,2016/10/01,/kiban/app/api/download/file/539181,富士山
717865,DEM1A,533736,FG-GML-533736-DEM1A-20260616.zip,104129,106628096,2026/06/16,/kiban/app/api/download/file/717865,富士山
720123,DEM5A,533736,FG-GML-533736-DEM5A-20260616.zip,8525,8729600,2026/06/16,/kiban/app/api/download/file/720123,富士山
539182,DEM10B,533737,FG-GML-533737-DEM10B-20161001.zip,1929,1975296,2016/10/01,/kiban/app/api/download/file/539182,富士山
717866,DEM1A,533737,FG-GML-533737-DEM1A-20260616.zip,148872,152444928,2026/06/16,/kiban/app/api/download/file/717866,富士山
720124,DEM5A,533737,FG-GML-533737-DEM5A-20260616.zip,7269,7443456,2026/06/16,/kiban/app/api/download/file/720124,富士山
539188,DEM10B,533745,FG-GML-533745-DEM10B-20161001.zip,2161,2212864,2016/10/01,/kiban/app/api/download/file/539188,富士山
685774,DEM1A,533745,FG-GML-533745-DEM1A-20251113.zip,162429,166327296,2025/11/13,/kiban/app/api/download/file/685774,富士山
686810,DEM5A,533745,FG-GML-533745-DEM5A-20251113.zip,7668,7852032,2025/11/13,/kiban/app/api/download/file/686810,富士山
539189,DEM10B,533746,FG-GML-533746-DEM10B-20161001.zip,2312,2367488,2016/10/01,/kiban/app/api/download/file/539189,富士山
717871,DEM1A,533746,FG-GML-533746-DEM1A-20260616.zip,171526,175642624,2026/06/16,/kiban/app/api/download/file/717871,富士山
720129,DEM5A,533746,FG-GML-533746-DEM5A-20260616.zip,8574,8779776,2026/06/16,/kiban/app/api/download/file/720129,富士山
539190,DEM10B,533747,FG-GML-533747-DEM10B-20161001.zip,1941,1987584,2016/10/01,/kiban/app/api/download/file/539190,富士山
717872,DEM1A,533747,FG-GML-533747-DEM1A-20260616.zip,113524,116248576,2026/06/16,/kiban/app/api/download/file/717872,富士山
720130,DEM5A,533747,FG-GML-533747-DEM5A-20260616.zip,6113,6259712,2026/06/16,/kiban/app/api/download/file/720130,富士山
539196,DEM10B,533755,FG-GML-533755-DEM10B-20161001.zip,2107,2157568,2016/10/01,/kiban/app/api/download/file/539196,富士山
717876,DEM1A,533755,FG-GML-533755-DEM1A-20260522.zip,153712,157401088,2026/05/22,/kiban/app/api/download/file/717876,富士山
720134,DEM5A,533755,FG-GML-533755-DEM5A-20260522.zip,7459,7638016,2026/05/22,/kiban/app/api/download/file/720134,富士山
539197,DEM10B,533756,FG-GML-533756-DEM10B-20161001.zip,2273,2327552,2016/10/01,/kiban/app/api/download/file/539197,富士山
717877,DEM1A,533756,FG-GML-533756-DEM1A-20260616.zip,160280,164126720,2026/06/16,/kiban/app/api/download/file/717877,富士山
720135,DEM5A,533756,FG-GML-533756-DEM5A-20260616.zip,8910,9123840,2026/06/16,/kiban/app/api/download/file/720135,富士山
539198,DEM10B,533757,FG-GML-533757-DEM10B-20161001.zip,1904,1949696,2016/10/01,/kiban/app/api/download/file/539198,富士山
717878,DEM1A,533757,FG-GML-533757-DEM1A-20260616.zip,122985,125936640,2026/06/16,/kiban/app/api/download/file/717878,富士山
720136,DEM5A,533757,FG-GML-533757-DEM5A-20260616.zip,6316,6467584,2026/06/16,/kiban/app/api/download/file/720136,富士山
539205,DEM10B,533766,FG-GML-533766-DEM10B-20161001.zip,2213,2266112,2016/10/01,/kiban/app/api/download/file/539205,富士山
717884,DEM1A,533766,FG-GML-533766-DEM1A-20260616.zip,162537,166437888,2026/06/16,/kiban/app/api/download/file/717884,富士山
720142,DEM5A,533766,FG-GML-533766-DEM5A-20260616.zip,8384,8585216,2026/06/16,/kiban/app/api/download/file/720142,富士山
539206,DEM10B,533767,FG-GML-533767-DEM10B-20161001.zip,1838,1882112,2016/10/01,/kiban/app/api/download/file/539206,富士山
717885,DEM1A,533767,FG-GML-533767-DEM1A-20260616.zip,96541,98857984,2026/06/16,/kiban/app/api/download/file/717885,富士山
720143,DEM5A,533767,FG-GML-533767-DEM5A-20260616.zip,5529,5661696,2026/06/16,/kiban/app/api/download/file/720143,富士山
539213,DEM10B,533776,FG-GML-533776-DEM10B-20161001.zip,2152,2203648,2016/10/01,/kiban/app/api/download/file/539213,富士山
717892,DEM1A,533776,FG-GML-533776-DEM1A-20260616.zip,149370,152954880,2026/06/16,/kiban/app/api/download/file/717892,富士山
720150,DEM5A,533776,FG-GML-533776-DEM5A-20260616.zip,8466,8669184,2026/06/16,/kiban/app/api/download/file/720150,富士山
539214,DEM10B,533777,FG-GML-533777-DEM10B-20161001.zip,2089,2139136,2016/10/01,/kiban/app/api/download/file/539214,富士山
717893,DEM1A,533777,FG-GML-533777-DEM1A-20260616.zip,157368,161144832,2026/06/16,/kiban/app/api/download/file/717893,富士山
720151,DEM5A,533777,FG-GML-533777-DEM5A-20260616.zip,7554,7735296,2026/06/16,/kiban/app/api/download/file/720151,富士山
539215,DEM10B,533800,FG-GML-533800-DEM10B-20161001.zip,2257,2311168,2016/10/01,/kiban/app/api/download/file/539215,富士山
717894,DEM1A,533800,FG-GML-533800-DEM1A-20260616.zip,180238,184563712,2026/06/16,/kiban/app/api/download/file/717894,富士山
720152,DEM5A,533800,FG-GML-533800-DEM5A-20260616.zip,8634,8841216,2026/06/16,/kiban/app/api/download/file/720152,富士山
539216,DEM10B,533801,FG-GML-533801-DEM10B-20161001.zip,2290,2344960,2016/10/01,/kiban/app/api/download/file/539216,富士山
685792,DEM1A,533801,FG-GML-533801-DEM1A-20251113.zip,183838,188250112,2025/11/13,/kiban/app/api/download/file/685792,富士山
686828,DEM5A,533801,FG-GML-533801-DEM5A-20251113.zip,8355,8555520,2025/11/13,/kiban/app/api/download/file/686828,富士山
539217,DEM10B,533802,FG-GML-533802-DEM10B-20161001.zip,2286,2340864,2016/10/01,/kiban/app/api/download/file/539217,富士山
717895,DEM1A,533802,FG-GML-533802-DEM1A-20260616.zip,170876,174977024,2026/06/16,/kiban/app/api/download/file/717895,富士山
720153,DEM5A,533802,FG-GML-533802-DEM5A-20260616.zip,8372,8572928,2026/06/16,/kiban/app/api/download/file/720153,富士山
539218,DEM10B,533803,FG-GML-533803-DEM10B-20161001.zip,2120,2170880,2016/10/01,/kiban/app/api/download/file/539218,富士山
717896,DEM1A,533803,FG-GML-533803-DEM1A-20260616.zip,183167,187563008,2026/06/16,/kiban/app/api/download/file/717896,富士山
720154,DEM5A,533803,FG-GML-533803-DEM5A-20260616.zip,9555,9784320,2026/06/16,/kiban/app/api/download/file/720154,富士山
615211,DEM5B,533803,FG-GML-533803-DEM5B-20250609.zip,1682,1722368,2025/06/09,/kiban/app/api/download/file/615211,富士山
536967,DEM10A,533804,FG-GML-533804-DEM10A-20161001.zip,1041,1065984,2016/10/01,/kiban/app/api/download/file/536967,富士山
539219,DEM10B,533804,FG-GML-533804-DEM10B-20161001.zip,1994,2041856,2016/10/01,/kiban/app/api/download/file/539219,富士山
717897,DEM1A,533804,FG-GML-533804-DEM1A-20260616.zip,156561,160318464,2026/06/16,/kiban/app/api/download/file/717897,富士山
720155,DEM5A,533804,FG-GML-533804-DEM5A-20260616.zip,8405,8606720,2026/06/16,/kiban/app/api/download/file/720155,富士山
615212,DEM5B,533804,FG-GML-533804-DEM5B-20250609.zip,1056,1081344,2025/06/09,/kiban/app/api/download/file/615212,富士山
536968,DEM10A,533805,FG-GML-533805-DEM10A-20161001.zip,2898,2967552,2016/10/01,/kiban/app/api/download/file/536968,富士山
539220,DEM10B,533805,FG-GML-533805-DEM10B-20161001.zip,2279,2333696,2016/10/01,/kiban/app/api/download/file/539220,富士山
717898,DEM1A,533805,FG-GML-533805-DEM1A-20260616.zip,160654,164509696,2026/06/16,/kiban/app/api/download/file/717898,富士山
720156,DEM5A,533805,FG-GML-533805-DEM5A-20260616.zip,7963,8154112,2026/06/16,/kiban/app/api/download/file/720156,富士山
729974,DEM5B,533805,FG-GML-533805-DEM5B-20161001.zip,237,242688,2016/10/01,/kiban/app/api/download/file/729974,富士山
536969,DEM10A,533806,FG-GML-533806-DEM10A-20161001.zip,2759,2825216,2016/10/01,/kiban/app/api/download/file/536969,富士山
539221,DEM10B,533806,FG-GML-533806-DEM10B-20161001.zip,2163,2214912,2016/10/01,/kiban/app/api/download/file/539221,富士山
717899,DEM1A,533806,FG-GML-533806-DEM1A-20260616.zip,178985,183280640,2026/06/16,/kiban/app/api/download/file/717899,富士山
720157,DEM5A,533806,FG-GML-533806-DEM5A-20260616.zip,8352,8552448,2026/06/16,/kiban/app/api/download/file/720157,富士山
729976,DEM5B,533806,FG-GML-533806-DEM5B-20161001.zip,787,805888,2016/10/01,/kiban/app/api/download/file/729976,富士山
536970,DEM10A,533807,FG-GML-533807-DEM10A-20161001.zip,774,792576,2016/10/01,/kiban/app/api/download/file/536970,富士山
539222,DEM10B,533807,FG-GML-533807-DEM10B-20161001.zip,1960,2007040,2016/10/01,/kiban/app/api/download/file/539222,富士山
685797,DEM1A,533807,FG-GML-533807-DEM1A-20251113.zip,193327,197966848,2025/11/13,/kiban/app/api/download/file/685797,富士山
686833,DEM5A,533807,FG-GML-533807-DEM5A-20251113.zip,7015,7183360,2025/11/13,/kiban/app/api/download/file/686833,富士山
615213,DEM5B,533807,FG-GML-533807-DEM5B-20250609.zip,100,102400,2025/06/09,/kiban/app/api/download/file/615213,富士山
539223,DEM10B,533810,FG-GML-533810-DEM10B-20161001.zip,2281,2335744,2016/10/01,/kiban/app/api/download/file/539223,富士山
717900,DEM1A,533810,FG-GML-533810-DEM1A-20260616.zip,182403,186780672,2026/06/16,/kiban/app/api/download/file/717900,富士山
720158,DEM5A,533810,FG-GML-533810-DEM5A-20260616.zip,8333,8532992,2026/06/16,/kiban/app/api/download/file/720158,富士山
539224,DEM10B,533811,FG-GML-533811-DEM10B-20161001.zip,2336,2392064,2016/10/01,/kiban/app/api/download/file/539224,富士山
717901,DEM1A,533811,FG-GML-533811-DEM1A-20260616.zip,183329,187728896,2026/06/16,/kiban/app/api/download/file/717901,富士山
720159,DEM5A,533811,FG-GML-533811-DEM5A-20260616.zip,8329,8528896,2026/06/16,/kiban/app/api/download/file/720159,富士山
539225,DEM10B,533812,FG-GML-533812-DEM10B-20161001.zip,2301,2356224,2016/10/01,/kiban/app/api/download/file/539225,富士山
717902,DEM1A,533812,FG-GML-533812-DEM1A-20260616.zip,193152,197787648,2026/06/16,/kiban/app/api/download/file/717902,富士山
720160,DEM5A,533812,FG-GML-533812-DEM5A-20260616.zip,8689,8897536,2026/06/16,/kiban/app/api/download/file/720160,富士山
539226,DEM10B,533813,FG-GML-533813-DEM10B-20161001.zip,2022,2070528,2016/10/01,/kiban/app/api/download/file/539226,富士山
717903,DEM1A,533813,FG-GML-533813-DEM1A-20260616.zip,214436,219582464,2026/06/16,/kiban/app/api/download/file/717903,富士山
720161,DEM5A,533813,FG-GML-533813-DEM5A-20260616.zip,9743,9976832,2026/06/16,/kiban/app/api/download/file/720161,富士山
615214,DEM5B,533813,FG-GML-533813-DEM5B-20250609.zip,350,358400,2025/06/09,/kiban/app/api/download/file/615214,富士山
536971,DEM10A,533814,FG-GML-533814-DEM10A-20161001.zip,1288,1318912,2016/10/01,/kiban/app/api/download/file/536971,富士山
539227,DEM10B,533814,FG-GML-533814-DEM10B-20161001.zip,1999,2046976,2016/10/01,/kiban/app/api/download/file/539227,富士山
685802,DEM1A,533814,FG-GML-533814-DEM1A-20251113.zip,193015,197647360,2025/11/13,/kiban/app/api/download/file/685802,富士山
686838,DEM5A,533814,FG-GML-533814-DEM5A-20251113.zip,9049,9266176,2025/11/13,/kiban/app/api/download/file/686838,富士山
615215,DEM5B,533814,FG-GML-533814-DEM5B-20250609.zip,315,322560,2025/06/09,/kiban/app/api/download/file/615215,富士山
536972,DEM10A,533815,FG-GML-533815-DEM10A-20161001.zip,2211,2264064,2016/10/01,/kiban/app/api/download/file/536972,富士山
539228,DEM10B,533815,FG-GML-533815-DEM10B-20161001.zip,1682,1722368,2016/10/01,/kiban/app/api/download/file/539228,富士山
717904,DEM1A,533815,FG-GML-533815-DEM1A-20260616.zip,126473,129508352,2026/06/16,/kiban/app/api/download/file/717904,富士山
720162,DEM5A,533815,FG-GML-533815-DEM5A-20260616.zip,6649,6808576,2026/06/16,/kiban/app/api/download/file/720162,富士山
729978,DEM5B,533815,FG-GML-533815-DEM5B-20161001.zip,1487,1522688,2016/10/01,/kiban/app/api/download/file/729978,富士山
536973,DEM10A,533816,FG-GML-533816-DEM10A-20161001.zip,1979,2026496,2016/10/01,/kiban/app/api/download/file/536973,富士山
539229,DEM10B,533816,FG-GML-533816-DEM10B-20161001.zip,1653,1692672,2016/10/01,/kiban/app/api/download/file/539229,富士山
717905,DEM1A,533816,FG-GML-533816-DEM1A-20260616.zip,142563,145984512,2026/06/16,/kiban/app/api/download/file/717905,富士山
720163,DEM5A,533816,FG-GML-533816-DEM5A-20260616.zip,7060,7229440,2026/06/16,/kiban/app/api/download/file/720163,富士山
536974,DEM10A,533817,FG-GML-533817-DEM10A-20161001.zip,231,236544,2016/10/01,/kiban/app/api/download/file/536974,富士山
539230,DEM10B,533817,FG-GML-533817-DEM10B-20161001.zip,2045,2094080,2016/10/01,/kiban/app/api/download/file/539230,富士山
717906,DEM1A,533817,FG-GML-533817-DEM1A-20260616.zip,180920,185262080,2026/06/16,/kiban/app/api/download/file/717906,富士山
720164,DEM5A,533817,FG-GML-533817-DEM5A-20260616.zip,9719,9952256,2026/06/16,/kiban/app/api/download/file/720164,富士山
539231,DEM10B,533820,FG-GML-533820-DEM10B-20161001.zip,2239,2292736,2016/10/01,/kiban/app/api/download/file/539231,富士山
717907,DEM1A,533820,FG-GML-533820-DEM1A-20260616.zip,213620,218746880,2026/06/16,/kiban/app/api/download/file/717907,富士山
720165,DEM5A,533820,FG-GML-533820-DEM5A-20260616.zip,9469,9696256,2026/06/16,/kiban/app/api/download/file/720165,富士山
539232,DEM10B,533821,FG-GML-533821-DEM10B-20161001.zip,2278,2332672,2016/10/01,/kiban/app/api/download/file/539232,富士山
717908,DEM1A,533821,FG-GML-533821-DEM1A-20260616.zip,182398,186775552,2026/06/16,/kiban/app/api/download/file/717908,富士山
720166,DEM5A,533821,FG-GML-533821-DEM5A-20260616.zip,8277,8475648,2026/06/16,/kiban/app/api/download/file/720166,富士山
539233,DEM10B,533822,FG-GML-533822-DEM10B-20161001.zip,2268,2322432,2016/10/01,/kiban/app/api/download/file/539233,富士山
717909,DEM1A,533822,FG-GML-533822-DEM1A-20260616.zip,185121,189563904,2026/06/16,/kiban/app/api/download/file/717909,富士山
720167,DEM5A,533822,FG-GML-533822-DEM5A-20260616.zip,8762,8972288,2026/06/16,/kiban/app/api/download/file/720167,富士山
539234,DEM10B,533823,FG-GML-533823-DEM10B-20161001.zip,1965,2012160,2016/10/01,/kiban/app/api/download/file/539234,富士山
685809,DEM1A,533823,FG-GML-533823-DEM1A-20251113.zip,178721,183010304,2025/11/13,/kiban/app/api/download/file/685809,富士山
686845,DEM5A,533823,FG-GML-533823-DEM5A-20251113.zip,9485,9712640,2025/11/13,/kiban/app/api/download/file/686845,富士山
615216,DEM5B,533823,FG-GML-533823-DEM5B-20250609.zip,2265,2319360,2025/06/09,/kiban/app/api/download/file/615216,富士山
536975,DEM10A,533824,FG-GML-533824-DEM10A-20161001.zip,203,207872,2016/10/01,/kiban/app/api/download/file/536975,富士山
539235,DEM10B,533824,FG-GML-533824-DEM10B-20161001.zip,1981,2028544,2016/10/01,/kiban/app/api/download/file/539235,富士山
685810,DEM1A,533824,FG-GML-533824-DEM1A-20251113.zip,222764,228110336,2025/11/13,/kiban/app/api/download/file/685810,富士山
686846,DEM5A,533824,FG-GML-533824-DEM5A-20251113.zip,9716,9949184,2025/11/13,/kiban/app/api/download/file/686846,富士山
615217,DEM5B,533824,FG-GML-533824-DEM5B-20250609.zip,369,377856,2025/06/09,/kiban/app/api/download/file/615217,富士山
536976,DEM10A,533825,FG-GML-533825-DEM10A-20161001.zip,448,458752,2016/10/01,/kiban/app/api/download/file/536976,富士山
539236,DEM10B,533825,FG-GML-533825-DEM10B-20161001.zip,2080,2129920,2016/10/01,/kiban/app/api/download/file/539236,富士山
685811,DEM1A,533825,FG-GML-533825-DEM1A-20251113.zip,227963,233434112,2025/11/13,/kiban/app/api/download/file/685811,富士山
686847,DEM5A,533825,FG-GML-533825-DEM5A-20251113.zip,9747,9980928,2025/11/13,/kiban/app/api/download/file/686847,富士山
536977,DEM10A,533826,FG-GML-533826-DEM10A-20161001.zip,357,365568,2016/10/01,/kiban/app/api/download/file/536977,富士山
539237,DEM10B,533826,FG-GML-533826-DEM10B-20161001.zip,2063,2112512,2016/10/01,/kiban/app/api/download/file/539237,富士山
717910,DEM1A,533826,FG-GML-533826-DEM1A-20260616.zip,181556,185913344,2026/06/16,/kiban/app/api/download/file/717910,富士山
720168,DEM5A,533826,FG-GML-533826-DEM5A-20260616.zip,8758,8968192,2026/06/16,/kiban/app/api/download/file/720168,富士山
539238,DEM10B,533827,FG-GML-533827-DEM10B-20161001.zip,1993,2040832,2016/10/01,/kiban/app/api/download/file/539238,富士山
717911,DEM1A,533827,FG-GML-533827-DEM1A-20260616.zip,183351,187751424,2026/06/16,/kiban/app/api/download/file/717911,富士山
720169,DEM5A,533827,FG-GML-533827-DEM5A-20260616.zip,8356,8556544,2026/06/16,/kiban/app/api/download/file/720169,富士山
539239,DEM10B,533830,FG-GML-533830-DEM10B-20161001.zip,2241,2294784,2016/10/01,/kiban/app/api/download/file/539239,富士山
717912,DEM1A,533830,FG-GML-533830-DEM1A-20260616.zip,207393,212370432,2026/06/16,/kiban/app/api/download/file/717912,富士山
720170,DEM5A,533830,FG-GML-533830-DEM5A-20260616.zip,9237,9458688,2026/06/16,/kiban/app/api/download/file/720170,富士山
539240,DEM10B,533831,FG-GML-533831-DEM10B-20161001.zip,2342,2398208,2016/10/01,/kiban/app/api/download/file/539240,富士山
717913,DEM1A,533831,FG-GML-533831-DEM1A-20260616.zip,183415,187816960,2026/06/16,/kiban/app/api/download/file/717913,富士山
720171,DEM5A,533831,FG-GML-533831-DEM5A-20260616.zip,8328,8527872,2026/06/16,/kiban/app/api/download/file/720171,富士山
539241,DEM10B,533832,FG-GML-533832-DEM10B-20161001.zip,2277,2331648,2016/10/01,/kiban/app/api/download/file/539241,富士山
717914,DEM1A,533832,FG-GML-533832-DEM1A-20260616.zip,140887,144268288,2026/06/16,/kiban/app/api/download/file/717914,富士山
720172,DEM5A,533832,FG-GML-533832-DEM5A-20260616.zip,8925,9139200,2026/06/16,/kiban/app/api/download/file/720172,富士山
539242,DEM10B,533833,FG-GML-533833-DEM10B-20161001.zip,1810,1853440,2016/10/01,/kiban/app/api/download/file/539242,富士山
685817,DEM1A,533833,FG-GML-533833-DEM1A-20251113.zip,168878,172931072,2025/11/13,/kiban/app/api/download/file/685817,富士山
686853,DEM5A,533833,FG-GML-533833-DEM5A-20251113.zip,8577,8782848,2025/11/13,/kiban/app/api/download/file/686853,富士山
729979,DEM5B,533833,FG-GML-533833-DEM5B-20100115.zip,8041,8233984,2010/01/15,/kiban/app/api/download/file/729979,富士山
539243,DEM10B,533834,FG-GML-533834-DEM10B-20161001.zip,627,642048,2016/10/01,/kiban/app/api/download/file/539243,富士山
685818,DEM1A,533834,FG-GML-533834-DEM1A-20251113.zip,126676,129716224,2025/11/13,/kiban/app/api/download/file/685818,富士山
686854,DEM5A,533834,FG-GML-533834-DEM5A-20251113.zip,6289,6439936,2025/11/13,/kiban/app/api/download/file/686854,富士山
729980,DEM5B,533834,FG-GML-533834-DEM5B-20100115.zip,4738,4851712,2010/01/15,/kiban/app/api/download/file/729980,富士山
539244,DEM10B,533835,FG-GML-533835-DEM10B-20161001.zip,1812,1855488,2016/10/01,/kiban/app/api/download/file/539244,富士山
717915,DEM1A,533835,FG-GML-533835-DEM1A-20260616.zip,184611,189041664,2026/06/16,/kiban/app/api/download/file/717915,富士山
720173,DEM5A,533835,FG-GML-533835-DEM5A-20260616.zip,8404,8605696,2026/06/16,/kiban/app/api/download/file/720173,富士山
615218,DEM5B,533835,FG-GML-533835-DEM5B-20250609.zip,177,181248,2025/06/09,/kiban/app/api/download/file/615218,富士山
539245,DEM10B,533836,FG-GML-533836-DEM10B-20161001.zip,2166,2217984,2016/10/01,/kiban/app/api/download/file/539245,富士山
717916,DEM1A,533836,FG-GML-533836-DEM1A-20260616.zip,213500,218624000,2026/06/16,/kiban/app/api/download/file/717916,富士山
720174,DEM5A,533836,FG-GML-533836-DEM5A-20260616.zip,9598,9828352,2026/06/16,/kiban/app/api/download/file/720174,富士山
539246,DEM10B,533837,FG-GML-533837-DEM10B-20161001.zip,2042,2091008,2016/10/01,/kiban/app/api/download/file/539246,富士山
717917,DEM1A,533837,FG-GML-533837-DEM1A-20260616.zip,177507,181767168,2026/06/16,/kiban/app/api/download/file/717917,富士山
720175,DEM5A,533837,FG-GML-533837-DEM5A-20260616.zip,8170,8366080,2026/06/16,/kiban/app/api/download/file/720175,富士山
539247,DEM10B,533840,FG-GML-533840-DEM10B-20161001.zip,2165,2216960,2016/10/01,/kiban/app/api/download/file/539247,富士山
717918,DEM1A,533840,FG-GML-533840-DEM1A-20260616.zip,177641,181904384,2026/06/16,/kiban/app/api/download/file/717918,富士山
720176,DEM5A,533840,FG-GML-533840-DEM5A-20260616.zip,8191,8387584,2026/06/16,/kiban/app/api/download/file/720176,富士山
539248,DEM10B,533841,FG-GML-533841-DEM10B-20161001.zip,2304,2359296,2016/10/01,/kiban/app/api/download/file/539248,富士山
717919,DEM1A,533841,FG-GML-533841-DEM1A-20260616.zip,180512,184844288,2026/06/16,/kiban/app/api/download/file/717919,富士山
720177,DEM5A,533841,FG-GML-533841-DEM5A-20260616.zip,8249,8446976,2026/06/16,/kiban/app/api/download/file/720177,富士山
539249,DEM10B,533842,FG-GML-533842-DEM10B-20161001.zip,2296,2351104,2016/10/01,/kiban/app/api/download/file/539249,富士山
717920,DEM1A,533842,FG-GML-533842-DEM1A-20260616.zip,178346,182626304,2026/06/16,/kiban/app/api/download/file/717920,富士山
720178,DEM5A,533842,FG-GML-533842-DEM5A-20260616.zip,8229,8426496,2026/06/16,/kiban/app/api/download/file/720178,富士山
539250,DEM10B,533843,FG-GML-533843-DEM10B-20161001.zip,1854,1898496,2016/10/01,/kiban/app/api/download/file/539250,富士山
717921,DEM1A,533843,FG-GML-533843-DEM1A-20260616.zip,147108,150638592,2026/06/16,/kiban/app/api/download/file/717921,富士山
720179,DEM5A,533843,FG-GML-533843-DEM5A-20260616.zip,7319,7494656,2026/06/16,/kiban/app/api/download/file/720179,富士山
729983,DEM5B,533843,FG-GML-533843-DEM5B-20161001.zip,519,531456,2016/10/01,/kiban/app/api/download/file/729983,富士山
539251,DEM10B,533844,FG-GML-533844-DEM10B-20161001.zip,1920,1966080,2016/10/01,/kiban/app/api/download/file/539251,富士山
685826,DEM1A,533844,FG-GML-533844-DEM1A-20251113.zip,117203,120015872,2025/11/13,/kiban/app/api/download/file/685826,富士山
686862,DEM5A,533844,FG-GML-533844-DEM5A-20251113.zip,7725,7910400,2025/11/13,/kiban/app/api/download/file/686862,富士山
729984,DEM5B,533844,FG-GML-533844-DEM5B-20100115.zip,8741,8950784,2010/01/15,/kiban/app/api/download/file/729984,富士山
539252,DEM10B,533845,FG-GML-533845-DEM10B-20161001.zip,1745,1786880,2016/10/01,/kiban/app/api/download/file/539252,富士山
717922,DEM1A,533845,FG-GML-533845-DEM1A-20260616.zip,130198,133322752,2026/06/16,/kiban/app/api/download/file/717922,富士山
720180,DEM5A,533845,FG-GML-533845-DEM5A-20260616.zip,7099,7269376,2026/06/16,/kiban/app/api/download/file/720180,富士山
729985,DEM5B,533845,FG-GML-533845-DEM5B-20100115.zip,7988,8179712,2010/01/15,/kiban/app/api/download/file/729985,富士山
539253,DEM10B,533846,FG-GML-533846-DEM10B-20161001.zip,2217,2270208,2016/10/01,/kiban/app/api/download/file/539253,富士山
717923,DEM1A,533846,FG-GML-533846-DEM1A-20260616.zip,198868,203640832,2026/06/16,/kiban/app/api/download/file/717923,富士山
720181,DEM5A,533846,FG-GML-533846-DEM5A-20260616.zip,8895,9108480,2026/06/16,/kiban/app/api/download/file/720181,富士山
539254,DEM10B,533847,FG-GML-533847-DEM10B-20161001.zip,2186,2238464,2016/10/01,/kiban/app/api/download/file/539254,富士山
717924,DEM1A,533847,FG-GML-533847-DEM1A-20260616.zip,229488,234995712,2026/06/16,/kiban/app/api/download/file/717924,富士山
720182,DEM5A,533847,FG-GML-533847-DEM5A-20260616.zip,9602,9832448,2026/06/16,/kiban/app/api/download/file/720182,富士山
539255,DEM10B,533850,FG-GML-533850-DEM10B-20161001.zip,2047,2096128,2016/10/01,/kiban/app/api/download/file/539255,富士山
685830,DEM1A,533850,FG-GML-533850-DEM1A-20251113.zip,151122,154748928,2025/11/13,/kiban/app/api/download/file/685830,富士山
686866,DEM5A,533850,FG-GML-533850-DEM5A-20251113.zip,7323,7498752,2025/11/13,/kiban/app/api/download/file/686866,富士山
539256,DEM10B,533851,FG-GML-533851-DEM10B-20161001.zip,2269,2323456,2016/10/01,/kiban/app/api/download/file/539256,富士山
717925,DEM1A,533851,FG-GML-533851-DEM1A-20260616.zip,178181,182457344,2026/06/16,/kiban/app/api/download/file/717925,富士山
720183,DEM5A,533851,FG-GML-533851-DEM5A-20260616.zip,8210,8407040,2026/06/16,/kiban/app/api/download/file/720183,富士山
539257,DEM10B,533852,FG-GML-533852-DEM10B-20161001.zip,2073,2122752,2016/10/01,/kiban/app/api/download/file/539257,富士山
717926,DEM1A,533852,FG-GML-533852-DEM1A-20260616.zip,146001,149505024,2026/06/16,/kiban/app/api/download/file/717926,富士山
720184,DEM5A,533852,FG-GML-533852-DEM5A-20260616.zip,7232,7405568,2026/06/16,/kiban/app/api/download/file/720184,富士山
539258,DEM10B,533853,FG-GML-533853-DEM10B-20161001.zip,1870,1914880,2016/10/01,/kiban/app/api/download/file/539258,富士山
717927,DEM1A,533853,FG-GML-533853-DEM1A-20260616.zip,140191,143555584,2026/06/16,/kiban/app/api/download/file/717927,富士山
720185,DEM5A,533853,FG-GML-533853-DEM5A-20260616.zip,7157,7328768,2026/06/16,/kiban/app/api/download/file/720185,富士山
729986,DEM5B,533853,FG-GML-533853-DEM5B-20100115.zip,8299,8498176,2010/01/15,/kiban/app/api/download/file/729986,富士山
539259,DEM10B,533854,FG-GML-533854-DEM10B-20161001.zip,2095,2145280,2016/10/01,/kiban/app/api/download/file/539259,富士山
685834,DEM1A,533854,FG-GML-533854-DEM1A-20251113.zip,95351,97639424,2025/11/13,/kiban/app/api/download/file/685834,富士山
686870,DEM5A,533854,FG-GML-533854-DEM5A-20251113.zip,9155,9374720,2025/11/13,/kiban/app/api/download/file/686870,富士山
539260,DEM10B,533855,FG-GML-533855-DEM10B-20161001.zip,2172,2224128,2016/10/01,/kiban/app/api/download/file/539260,富士山
685835,DEM1A,533855,FG-GML-533855-DEM1A-20251113.zip,136881,140166144,2025/11/13,/kiban/app/api/download/file/685835,富士山
686871,DEM5A,533855,FG-GML-533855-DEM5A-20251113.zip,8177,8373248,2025/11/13,/kiban/app/api/download/file/686871,富士山
539261,DEM10B,533856,FG-GML-533856-DEM10B-20161001.zip,2154,2205696,2016/10/01,/kiban/app/api/download/file/539261,富士山
717928,DEM1A,533856,FG-GML-533856-DEM1A-20260616.zip,169548,173617152,2026/06/16,/kiban/app/api/download/file/717928,富士山
720186,DEM5A,533856,FG-GML-533856-DEM5A-20260616.zip,8363,8563712,2026/06/16,/kiban/app/api/download/file/720186,富士山
539262,DEM10B,533857,FG-GML-533857-DEM10B-20161001.zip,2149,2200576,2016/10/01,/kiban/app/api/download/file/539262,富士山
685837,DEM1A,533857,FG-GML-533857-DEM1A-20251113.zip,199993,204792832,2025/11/13,/kiban/app/api/download/file/685837,富士山
686873,DEM5A,533857,FG-GML-533857-DEM5A-20251113.zip,7951,8141824,2025/11/13,/kiban/app/api/download/file/686873,富士山
539263,DEM10B,533860,FG-GML-533860-DEM10B-20161001.zip,2033,2081792,2016/10/01,/kiban/app/api/download/file/539263,富士山
685838,DEM1A,533860,FG-GML-533860-DEM1A-20251113.zip,145299,148786176,2025/11/13,/kiban/app/api/download/file/685838,富士山
686874,DEM5A,533860,FG-GML-533860-DEM5A-20251113.zip,7125,7296000,2025/11/13,/kiban/app/api/download/file/686874,富士山
539264,DEM10B,533861,FG-GML-533861-DEM10B-20161001.zip,2177,2229248,2016/10/01,/kiban/app/api/download/file/539264,富士山
717929,DEM1A,533861,FG-GML-533861-DEM1A-20260616.zip,157666,161449984,2026/06/16,/kiban/app/api/download/file/717929,富士山
720187,DEM5A,533861,FG-GML-533861-DEM5A-20260616.zip,7621,7803904,2026/06/16,/kiban/app/api/download/file/720187,富士山
539265,DEM10B,533862,FG-GML-533862-DEM10B-20161001.zip,1859,1903616,2016/10/01,/kiban/app/api/download/file/539265,富士山
717930,DEM1A,533862,FG-GML-533862-DEM1A-20260616.zip,155114,158836736,2026/06/16,/kiban/app/api/download/file/717930,富士山
720188,DEM5A,533862,FG-GML-533862-DEM5A-20260616.zip,7529,7709696,2026/06/16,/kiban/app/api/download/file/720188,富士山
539266,DEM10B,533863,FG-GML-533863-DEM10B-20161001.zip,1863,1907712,2016/10/01,/kiban/app/api/download/file/539266,富士山
717931,DEM1A,533863,FG-GML-533863-DEM1A-20260616.zip,188965,193500160,2026/06/16,/kiban/app/api/download/file/717931,富士山
720189,DEM5A,533863,FG-GML-533863-DEM5A-20260616.zip,8595,8801280,2026/06/16,/kiban/app/api/download/file/720189,富士山
539267,DEM10B,533864,FG-GML-533864-DEM10B-20161001.zip,2182,2234368,2016/10/01,/kiban/app/api/download/file/539267,富士山
717932,DEM1A,533864,FG-GML-533864-DEM1A-20260616.zip,155393,159122432,2026/06/16,/kiban/app/api/download/file/717932,富士山
720190,DEM5A,533864,FG-GML-533864-DEM5A-20260616.zip,9846,10082304,2026/06/16,/kiban/app/api/download/file/720190,富士山
539268,DEM10B,533865,FG-GML-533865-DEM10B-20161001.zip,2212,2265088,2016/10/01,/kiban/app/api/download/file/539268,富士山
717933,DEM1A,533865,FG-GML-533865-DEM1A-20260616.zip,163939,167873536,2026/06/16,/kiban/app/api/download/file/717933,富士山
720191,DEM5A,533865,FG-GML-533865-DEM5A-20260616.zip,8356,8556544,2026/06/16,/kiban/app/api/download/file/720191,富士山
539269,DEM10B,533866,FG-GML-533866-DEM10B-20161001.zip,2172,2224128,2016/10/01,/kiban/app/api/download/file/539269,富士山
685844,DEM1A,533866,FG-GML-533866-DEM1A-20251113.zip,197246,201979904,2025/11/13,/kiban/app/api/download/file/685844,富士山
686880,DEM5A,533866,FG-GML-533866-DEM5A-20251113.zip,7911,8100864,2025/11/13,/kiban/app/api/download/file/686880,富士山
539270,DEM10B,533867,FG-GML-533867-DEM10B-20161001.zip,2198,2250752,2016/10/01,/kiban/app/api/download/file/539270,富士山
685845,DEM1A,533867,FG-GML-533867-DEM1A-20251113.zip,219387,224652288,2025/11/13,/kiban/app/api/download/file/685845,富士山
686881,DEM5A,533867,FG-GML-533867-DEM5A-20251113.zip,8111,8305664,2025/11/13,/kiban/app/api/download/file/686881,富士山
539271,DEM10B,533870,FG-GML-533870-DEM10B-20161001.zip,2097,2147328,2016/10/01,/kiban/app/api/download/file/539271,富士山
685846,DEM1A,533870,FG-GML-533870-DEM1A-20251113.zip,157662,161445888,2025/11/13,/kiban/app/api/download/file/685846,富士山
686882,DEM5A,533870,FG-GML-533870-DEM5A-20251113.zip,7555,7736320,2025/11/13,/kiban/app/api/download/file/686882,富士山
539272,DEM10B,533871,FG-GML-533871-DEM10B-20161001.zip,1902,1947648,2016/10/01,/kiban/app/api/download/file/539272,富士山
685847,DEM1A,533871,FG-GML-533871-DEM1A-20251113.zip,105505,108037120,2025/11/13,/kiban/app/api/download/file/685847,富士山
686883,DEM5A,533871,FG-GML-533871-DEM5A-20251113.zip,5981,6124544,2025/11/13,/kiban/app/api/download/file/686883,富士山
539273,DEM10B,533872,FG-GML-533872-DEM10B-20161001.zip,2189,2241536,2016/10/01,/kiban/app/api/download/file/539273,富士山
717934,DEM1A,533872,FG-GML-533872-DEM1A-20260616.zip,149136,152715264,2026/06/16,/kiban/app/api/download/file/717934,富士山
720192,DEM5A,533872,FG-GML-533872-DEM5A-20260616.zip,7854,8042496,2026/06/16,/kiban/app/api/download/file/720192,富士山
539274,DEM10B,533873,FG-GML-533873-DEM10B-20161001.zip,2045,2094080,2016/10/01,/kiban/app/api/download/file/539274,富士山
717935,DEM1A,533873,FG-GML-533873-DEM1A-20260616.zip,156067,159812608,2026/06/16,/kiban/app/api/download/file/717935,富士山
720193,DEM5A,533873,FG-GML-533873-DEM5A-20260616.zip,7692,7876608,2026/06/16,/kiban/app/api/download/file/720193,富士山
539275,DEM10B,533874,FG-GML-533874-DEM10B-20161001.zip,1980,2027520,2016/10/01,/kiban/app/api/download/file/539275,富士山
717936,DEM1A,533874,FG-GML-533874-DEM1A-20260616.zip,143257,146695168,2026/06/16,/kiban/app/api/download/file/717936,富士山
720194,DEM5A,533874,FG-GML-533874-DEM5A-20260616.zip,7173,7345152,2026/06/16,/kiban/app/api/download/file/720194,富士山
539276,DEM10B,533875,FG-GML-533875-DEM10B-20161001.zip,2108,2158592,2016/10/01,/kiban/app/api/download/file/539276,富士山
717937,DEM1A,533875,FG-GML-533875-DEM1A-20260616.zip,180805,185144320,2026/06/16,/kiban/app/api/download/file/717937,富士山
720195,DEM5A,533875,FG-GML-533875-DEM5A-20260616.zip,7878,8067072,2026/06/16,/kiban/app/api/download/file/720195,富士山
539277,DEM10B,533876,FG-GML-533876-DEM10B-20161001.zip,2194,2246656,2016/10/01,/kiban/app/api/download/file/539277,富士山
613129,DEM1A,533876,FG-GML-533876-DEM1A-20250604.zip,244280,250142720,2025/06/04,/kiban/app/api/download/file/613129,富士山
618384,DEM5A,533876,FG-GML-533876-DEM5A-20250620.zip,7902,8091648,2025/06/20,/kiban/app/api/download/file/618384,富士山
539278,DEM10B,533877,FG-GML-533877-DEM10B-20161001.zip,2129,2180096,2016/10/01,/kiban/app/api/download/file/539278,富士山
613130,DEM1A,533877,FG-GML-533877-DEM1A-20250604.zip,237363,243059712,2025/06/04,/kiban/app/api/download/file/613130,富士山
618385,DEM5A,533877,FG-GML-533877-DEM5A-20250620.zip,7666,7849984,2025/06/20,/kiban/app/api/download/file/618385,富士山
539279,DEM10B,533900,FG-GML-533900-DEM10B-20161001.zip,1926,1972224,2016/10/01,/kiban/app/api/download/file/539279,富士山
613131,DEM1A,533900,FG-GML-533900-DEM1A-20250604.zip,162115,166005760,2025/06/04,/kiban/app/api/download/file/613131,富士山
618386,DEM5A,533900,FG-GML-533900-DEM5A-20250620.zip,6980,7147520,2025/06/20,/kiban/app/api/download/file/618386,富士山
729988,DEM5B,533900,FG-GML-533900-DEM5B-20161001.zip,2625,2688000,2016/10/01,/kiban/app/api/download/file/729988,富士山
539280,DEM10B,533901,FG-GML-533901-DEM10B-20161001.zip,1757,1799168,2016/10/01,/kiban/app/api/download/file/539280,富士山
613132,DEM1A,533901,FG-GML-533901-DEM1A-20250604.zip,127182,130234368,2025/06/04,/kiban/app/api/download/file/613132,富士山
618387,DEM5A,533901,FG-GML-533901-DEM5A-20250620.zip,6049,6194176,2025/06/20,/kiban/app/api/download/file/618387,富士山
615219,DEM5B,533901,FG-GML-533901-DEM5B-20250609.zip,93,95232,2025/06/09,/kiban/app/api/download/file/615219,富士山
539281,DEM10B,533902,FG-GML-533902-DEM10B-20161001.zip,1002,1026048,2016/10/01,/kiban/app/api/download/file/539281,富士山
613133,DEM1A,533902,FG-GML-533902-DEM1A-20250604.zip,114730,117483520,2025/06/04,/kiban/app/api/download/file/613133,富士山
618388,DEM5A,533902,FG-GML-533902-DEM5A-20250620.zip,4025,4121600,2025/06/20,/kiban/app/api/download/file/618388,富士山
615220,DEM5B,533902,FG-GML-533902-DEM5B-20250609.zip,95,97280,2025/06/09,/kiban/app/api/download/file/615220,富士山
539282,DEM10B,533903,FG-GML-533903-DEM10B-20161001.zip,940,962560,2016/10/01,/kiban/app/api/download/file/539282,富士山
613134,DEM1A,533903,FG-GML-533903-DEM1A-20250604.zip,134430,137656320,2025/06/04,/kiban/app/api/download/file/613134,富士山
618389,DEM5A,533903,FG-GML-533903-DEM5A-20250620.zip,3768,3858432,2025/06/20,/kiban/app/api/download/file/618389,富士山
729993,DEM5B,533903,FG-GML-533903-DEM5B-20210115.zip,631,646144,2021/01/15,/kiban/app/api/download/file/729993,富士山
539283,DEM10B,533904,FG-GML-533904-DEM10B-20161001.zip,1414,1447936,2016/10/01,/kiban/app/api/download/file/539283,富士山
613135,DEM1A,533904,FG-GML-533904-DEM1A-20250604.zip,167427,171445248,2025/06/04,/kiban/app/api/download/file/613135,富士山
618390,DEM5A,533904,FG-GML-533904-DEM5A-20250620.zip,4990,5109760,2025/06/20,/kiban/app/api/download/file/618390,富士山
729994,DEM5B,533904,FG-GML-533904-DEM5B-20100115.zip,1023,1047552,2010/01/15,/kiban/app/api/download/file/729994,富士山
539284,DEM10B,533905,FG-GML-533905-DEM10B-20161001.zip,215,220160,2016/10/01,/kiban/app/api/download/file/539284,富士山
613136,DEM1A,533905,FG-GML-533905-DEM1A-20250604.zip,23273,23831552,2025/06/04,/kiban/app/api/download/file/613136,富士山
618391,DEM5A,533905,FG-GML-533905-DEM5A-20250620.zip,777,795648,2025/06/20,/kiban/app/api/download/file/618391,富士山
729995,DEM5B,533905,FG-GML-533905-DEM5B-20100115.zip,21,21504,2010/01/15,/kiban/app/api/download/file/729995,富士山
539285,DEM10B,533906,FG-GML-533906-DEM10B-20161001.zip,95,97280,2016/10/01,/kiban/app/api/download/file/539285,富士山
685852,DEM1A,533906,FG-GML-533906-DEM1A-20251208.zip,6300,6451200,2025/12/08,/kiban/app/api/download/file/685852,富士山
686888,DEM5A,533906,FG-GML-533906-DEM5A-20251208.zip,421,431104,2025/12/08,/kiban/app/api/download/file/686888,富士山
615221,DEM5B,533906,FG-GML-533906-DEM5B-20250609.zip,480,491520,2025/06/09,/kiban/app/api/download/file/615221,富士山
539287,DEM10B,533910,FG-GML-533910-DEM10B-20161001.zip,2139,2190336,2016/10/01,/kiban/app/api/download/file/539287,富士山
717938,DEM1A,533910,FG-GML-533910-DEM1A-20260616.zip,208070,213063680,2026/06/16,/kiban/app/api/download/file/717938,富士山
720196,DEM5A,533910,FG-GML-533910-DEM5A-20260616.zip,8445,8647680,2026/06/16,/kiban/app/api/download/file/720196,富士山
539288,DEM10B,533911,FG-GML-533911-DEM10B-20161001.zip,2179,2231296,2016/10/01,/kiban/app/api/download/file/539288,富士山
717939,DEM1A,533911,FG-GML-533911-DEM1A-20260616.zip,152521,156181504,2026/06/16,/kiban/app/api/download/file/717939,富士山
720197,DEM5A,533911,FG-GML-533911-DEM5A-20260616.zip,8376,8577024,2026/06/16,/kiban/app/api/download/file/720197,富士山
539289,DEM10B,533912,FG-GML-533912-DEM10B-20161001.zip,1598,1636352,2016/10/01,/kiban/app/api/download/file/539289,富士山
613139,DEM1A,533912,FG-GML-533912-DEM1A-20250604.zip,113510,116234240,2025/06/04,/kiban/app/api/download/file/613139,富士山
618396,DEM5A,533912,FG-GML-533912-DEM5A-20250620.zip,5506,5638144,2025/06/20,/kiban/app/api/download/file/618396,富士山
546798,DEM5B,533912,FG-GML-533912-DEM5B-20210115.zip,533,545792,2021/01/15,/kiban/app/api/download/file/546798,富士山
539290,DEM10B,533913,FG-GML-533913-DEM10B-20161001.zip,941,963584,2016/10/01,/kiban/app/api/download/file/539290,富士山
613140,DEM1A,533913,FG-GML-533913-DEM1A-20250604.zip,46581,47698944,2025/06/04,/kiban/app/api/download/file/613140,富士山
618397,DEM5A,533913,FG-GML-533913-DEM5A-20250620.zip,4791,4905984,2025/06/20,/kiban/app/api/download/file/618397,富士山
615223,DEM5B,533913,FG-GML-533913-DEM5B-20250609.zip,618,632832,2025/06/09,/kiban/app/api/download/file/615223,富士山
539291,DEM10B,533914,FG-GML-533914-DEM10B-20161001.zip,1359,1391616,2016/10/01,/kiban/app/api/download/file/539291,富士山
613141,DEM1A,533914,FG-GML-533914-DEM1A-20250604.zip,92647,94870528,2025/06/04,/kiban/app/api/download/file/613141,富士山
618398,DEM5A,533914,FG-GML-533914-DEM5A-20250620.zip,4986,5105664,2025/06/20,/kiban/app/api/download/file/618398,富士山
539292,DEM10B,533915,FG-GML-533915-DEM10B-20161001.zip,403,412672,2016/10/01,/kiban/app/api/download/file/539292,富士山
613142,DEM1A,533915,FG-GML-533915-DEM1A-20250604.zip,10757,11015168,2025/06/04,/kiban/app/api/download/file/613142,富士山
618399,DEM5A,533915,FG-GML-533915-DEM5A-20250620.zip,2583,2644992,2025/06/20,/kiban/app/api/download/file/618399,富士山
615224,DEM5B,533915,FG-GML-533915-DEM5B-20250609.zip,3,3072,2025/06/09,/kiban/app/api/download/file/615224,富士山
539293,DEM10B,533916,FG-GML-533916-DEM10B-20161001.zip,51,52224,2016/10/01,/kiban/app/api/download/file/539293,富士山
618400,DEM5A,533916,FG-GML-533916-DEM5A-20250620.zip,92,94208,2025/06/20,/kiban/app/api/download/file/618400,富士山
615225,DEM5B,533916,FG-GML-533916-DEM5B-20250609.zip,19,19456,2025/06/09,/kiban/app/api/download/file/615225,富士山
539295,DEM10B,533920,FG-GML-533920-DEM10B-20161001.zip,2118,2168832,2016/10/01,/kiban/app/api/download/file/539295,富士山
717940,DEM1A,533920,FG-GML-533920-DEM1A-20260616.zip,220363,225651712,2026/06/16,/kiban/app/api/download/file/717940,富士山
720198,DEM5A,533920,FG-GML-533920-DEM5A-20260616.zip,9553,9782272,2026/06/16,/kiban/app/api/download/file/720198,富士山
539296,DEM10B,533921,FG-GML-533921-DEM10B-20161001.zip,2001,2049024,2016/10/01,/kiban/app/api/download/file/539296,富士山
717941,DEM1A,533921,FG-GML-533921-DEM1A-20260616.zip,155454,159184896,2026/06/16,/kiban/app/api/download/file/717941,富士山
720199,DEM5A,533921,FG-GML-533921-DEM5A-20260616.zip,7273,7447552,2026/06/16,/kiban/app/api/download/file/720199,富士山
539297,DEM10B,533922,FG-GML-533922-DEM10B-20161001.zip,1492,1527808,2016/10/01,/kiban/app/api/download/file/539297,富士山
717942,DEM1A,533922,FG-GML-533922-DEM1A-20260616.zip,131993,135160832,2026/06/16,/kiban/app/api/download/file/717942,富士山
720200,DEM5A,533922,FG-GML-533922-DEM5A-20260616.zip,5411,5540864,2026/06/16,/kiban/app/api/download/file/720200,富士山
539298,DEM10B,533923,FG-GML-533923-DEM10B-20161001.zip,1062,1087488,2016/10/01,/kiban/app/api/download/file/539298,富士山
613146,DEM1A,533923,FG-GML-533923-DEM1A-20250604.zip,57117,58487808,2025/06/04,/kiban/app/api/download/file/613146,富士山
618405,DEM5A,533923,FG-GML-533923-DEM5A-20250620.zip,4346,4450304,2025/06/20,/kiban/app/api/download/file/618405,富士山
539299,DEM10B,533924,FG-GML-533924-DEM10B-20161001.zip,1277,1307648,2016/10/01,/kiban/app/api/download/file/539299,富士山
613147,DEM1A,533924,FG-GML-533924-DEM1A-20250604.zip,77522,79382528,2025/06/04,/kiban/app/api/download/file/613147,富士山
618406,DEM5A,533924,FG-GML-533924-DEM5A-20250620.zip,4727,4840448,2025/06/20,/kiban/app/api/download/file/618406,富士山
539300,DEM10B,533925,FG-GML-533925-DEM10B-20161001.zip,525,537600,2016/10/01,/kiban/app/api/download/file/539300,富士山
663987,DEM1A,533925,FG-GML-533925-DEM1A-20250822.zip,33408,34209792,2025/08/22,/kiban/app/api/download/file/663987,富士山
662507,DEM5A,533925,FG-GML-533925-DEM5A-20250822.zip,3882,3975168,2025/08/22,/kiban/app/api/download/file/662507,富士山
539301,DEM10B,533926,FG-GML-533926-DEM10B-20161001.zip,161,164864,2016/10/01,/kiban/app/api/download/file/539301,富士山
663988,DEM1A,533926,FG-GML-533926-DEM1A-20250822.zip,6883,7048192,2025/08/22,/kiban/app/api/download/file/663988,富士山
662508,DEM5A,533926,FG-GML-533926-DEM5A-20250822.zip,1016,1040384,2025/08/22,/kiban/app/api/download/file/662508,富士山
615227,DEM5B,533926,FG-GML-533926-DEM5B-20250609.zip,14,14336,2025/06/09,/kiban/app/api/download/file/615227,富士山
539302,DEM10B,533930,FG-GML-533930-DEM10B-20161001.zip,1991,2038784,2016/10/01,/kiban/app/api/download/file/539302,富士山
717943,DEM1A,533930,FG-GML-533930-DEM1A-20260616.zip,167100,171110400,2026/06/16,/kiban/app/api/download/file/717943,富士山
720201,DEM5A,533930,FG-GML-533930-DEM5A-20260616.zip,7806,7993344,2026/06/16,/kiban/app/api/download/file/720201,富士山
539303,DEM10B,533931,FG-GML-533931-DEM10B-20161001.zip,1925,1971200,2016/10/01,/kiban/app/api/download/file/539303,富士山
717944,DEM1A,533931,FG-GML-533931-DEM1A-20260616.zip,150760,154378240,2026/06/16,/kiban/app/api/download/file/717944,富士山
720202,DEM5A,533931,FG-GML-533931-DEM5A-20260616.zip,7147,7318528,2026/06/16,/kiban/app/api/download/file/720202,富士山
539304,DEM10B,533932,FG-GML-533932-DEM10B-20161001.zip,1451,1485824,2016/10/01,/kiban/app/api/download/file/539304,富士山
717945,DEM1A,533932,FG-GML-533932-DEM1A-20260616.zip,89142,91281408,2026/06/16,/kiban/app/api/download/file/717945,富士山
720203,DEM5A,533932,FG-GML-533932-DEM5A-20260616.zip,5316,5443584,2026/06/16,/kiban/app/api/download/file/720203,富士山
539305,DEM10B,533933,FG-GML-533933-DEM10B-20161001.zip,1400,1433600,2016/10/01,/kiban/app/api/download/file/539305,富士山
613152,DEM1A,533933,FG-GML-533933-DEM1A-20250604.zip,78109,79983616,2025/06/04,/kiban/app/api/download/file/613152,富士山
618412,DEM5A,533933,FG-GML-533933-DEM5A-20250620.zip,4899,5016576,2025/06/20,/kiban/app/api/download/file/618412,富士山
539306,DEM10B,533934,FG-GML-533934-DEM10B-20161001.zip,962,985088,2016/10/01,/kiban/app/api/download/file/539306,富士山
663989,DEM1A,533934,FG-GML-533934-DEM1A-20250822.zip,61570,63047680,2025/08/22,/kiban/app/api/download/file/663989,富士山
662509,DEM5A,533934,FG-GML-533934-DEM5A-20250822.zip,4037,4133888,2025/08/22,/kiban/app/api/download/file/662509,富士山
729996,DEM5B,533934,FG-GML-533934-DEM5B-20100122.zip,1367,1399808,2010/01/22,/kiban/app/api/download/file/729996,富士山
539307,DEM10B,533935,FG-GML-533935-DEM10B-20161001.zip,840,860160,2016/10/01,/kiban/app/api/download/file/539307,富士山
663990,DEM1A,533935,FG-GML-533935-DEM1A-20250822.zip,48410,49571840,2025/08/22,/kiban/app/api/download/file/663990,富士山
662510,DEM5A,533935,FG-GML-533935-DEM5A-20250822.zip,3615,3701760,2025/08/22,/kiban/app/api/download/file/662510,富士山
539308,DEM10B,533936,FG-GML-533936-DEM10B-20161001.zip,324,331776,2016/10/01,/kiban/app/api/download/file/539308,富士山
663991,DEM1A,533936,FG-GML-533936-DEM1A-20250822.zip,23060,23613440,2025/08/22,/kiban/app/api/download/file/663991,富士山
662511,DEM5A,533936,FG-GML-533936-DEM5A-20250822.zip,1686,1726464,2025/08/22,/kiban/app/api/download/file/662511,富士山
729997,DEM5B,533936,FG-GML-533936-DEM5B-20100122.zip,34,34816,2010/01/22,/kiban/app/api/download/file/729997,富士山
539310,DEM10B,533940,FG-GML-533940-DEM10B-20161001.zip,2134,2185216,2016/10/01,/kiban/app/api/download/file/539310,富士山
685859,DEM1A,533940,FG-GML-533940-DEM1A-20251113.zip,201575,206412800,2025/11/13,/kiban/app/api/download/file/685859,富士山
686895,DEM5A,533940,FG-GML-533940-DEM5A-20251113.zip,8934,9148416,2025/11/13,/kiban/app/api/download/file/686895,富士山
539311,DEM10B,533941,FG-GML-533941-DEM10B-20161001.zip,2031,2079744,2016/10/01,/kiban/app/api/download/file/539311,富士山
717946,DEM1A,533941,FG-GML-533941-DEM1A-20260616.zip,158051,161844224,2026/06/16,/kiban/app/api/download/file/717946,富士山
720204,DEM5A,533941,FG-GML-533941-DEM5A-20260616.zip,7381,7558144,2026/06/16,/kiban/app/api/download/file/720204,富士山
539312,DEM10B,533942,FG-GML-533942-DEM10B-20161001.zip,1234,1263616,2016/10/01,/kiban/app/api/download/file/539312,富士山
613157,DEM1A,533942,FG-GML-533942-DEM1A-20250604.zip,70680,72376320,2025/06/04,/kiban/app/api/download/file/613157,富士山
618419,DEM5A,533942,FG-GML-533942-DEM5A-20250620.zip,4364,4468736,2025/06/20,/kiban/app/api/download/file/618419,富士山
539313,DEM10B,533943,FG-GML-533943-DEM10B-20161001.zip,581,594944,2016/10/01,/kiban/app/api/download/file/539313,富士山
613158,DEM1A,533943,FG-GML-533943-DEM1A-20250604.zip,42120,43130880,2025/06/04,/kiban/app/api/download/file/613158,富士山
618420,DEM5A,533943,FG-GML-533943-DEM5A-20250620.zip,3006,3078144,2025/06/20,/kiban/app/api/download/file/618420,富士山
539314,DEM10B,533944,FG-GML-533944-DEM10B-20161001.zip,475,486400,2016/10/01,/kiban/app/api/download/file/539314,富士山
663993,DEM1A,533944,FG-GML-533944-DEM1A-20250822.zip,39973,40932352,2025/08/22,/kiban/app/api/download/file/663993,富士山
662513,DEM5A,533944,FG-GML-533944-DEM5A-20250822.zip,2995,3066880,2025/08/22,/kiban/app/api/download/file/662513,富士山
729998,DEM5B,533944,FG-GML-533944-DEM5B-20100122.zip,2597,2659328,2010/01/22,/kiban/app/api/download/file/729998,富士山
539315,DEM10B,533945,FG-GML-533945-DEM10B-20161001.zip,709,726016,2016/10/01,/kiban/app/api/download/file/539315,富士山
663994,DEM1A,533945,FG-GML-533945-DEM1A-20250822.zip,44109,45167616,2025/08/22,/kiban/app/api/download/file/663994,富士山
662514,DEM5A,533945,FG-GML-533945-DEM5A-20250822.zip,3441,3523584,2025/08/22,/kiban/app/api/download/file/662514,富士山
539316,DEM10B,533946,FG-GML-533946-DEM10B-20161001.zip,345,353280,2016/10/01,/kiban/app/api/download/file/539316,富士山
663995,DEM1A,533946,FG-GML-533946-DEM1A-20250822.zip,36497,37372928,2025/08/22,/kiban/app/api/download/file/663995,富士山
662515,DEM5A,533946,FG-GML-533946-DEM5A-20250822.zip,2757,2823168,2025/08/22,/kiban/app/api/download/file/662515,富士山
539318,DEM10B,533950,FG-GML-533950-DEM10B-20161001.zip,2123,2173952,2016/10/01,/kiban/app/api/download/file/539318,富士山
613160,DEM1A,533950,FG-GML-533950-DEM1A-20250604.zip,170291,174377984,2025/06/04,/kiban/app/api/download/file/613160,富士山
618425,DEM5A,533950,FG-GML-533950-DEM5A-20250620.zip,7687,7871488,2025/06/20,/kiban/app/api/download/file/618425,富士山
539319,DEM10B,533951,FG-GML-533951-DEM10B-20161001.zip,2064,2113536,2016/10/01,/kiban/app/api/download/file/539319,富士山
717947,DEM1A,533951,FG-GML-533951-DEM1A-20260616.zip,158735,162544640,2026/06/16,/kiban/app/api/download/file/717947,富士山
720205,DEM5A,533951,FG-GML-533951-DEM5A-20260616.zip,7419,7597056,2026/06/16,/kiban/app/api/download/file/720205,富士山
730001,DEM5B,533951,FG-GML-533951-DEM5B-20161001.zip,724,741376,2016/10/01,/kiban/app/api/download/file/730001,富士山
539320,DEM10B,533952,FG-GML-533952-DEM10B-20161125.zip,1247,1276928,2016/11/25,/kiban/app/api/download/file/539320,富士山
717948,DEM1A,533952,FG-GML-533952-DEM1A-20260616.zip,77966,79837184,2026/06/16,/kiban/app/api/download/file/717948,富士山
720206,DEM5A,533952,FG-GML-533952-DEM5A-20260616.zip,4643,4754432,2026/06/16,/kiban/app/api/download/file/720206,富士山
730002,DEM5B,533952,FG-GML-533952-DEM5B-20080331.zip,7262,7436288,2008/03/31,/kiban/app/api/download/file/730002,富士山
539321,DEM10B,533953,FG-GML-533953-DEM10B-20161001.zip,912,933888,2016/10/01,/kiban/app/api/download/file/539321,富士山
717949,DEM1A,533953,FG-GML-533953-DEM1A-20260616.zip,32458,33236992,2026/06/16,/kiban/app/api/download/file/717949,富士山
720207,DEM5A,533953,FG-GML-533953-DEM5A-20260616.zip,5037,5157888,2026/06/16,/kiban/app/api/download/file/720207,富士山
730003,DEM5B,533953,FG-GML-533953-DEM5B-20080331.zip,6474,6629376,2008/03/31,/kiban/app/api/download/file/730003,富士山
539322,DEM10B,533954,FG-GML-533954-DEM10B-20161001.zip,709,726016,2016/10/01,/kiban/app/api/download/file/539322,富士山
717950,DEM1A,533954,FG-GML-533954-DEM1A-20260616.zip,23346,23906304,2026/06/16,/kiban/app/api/download/file/717950,富士山
720208,DEM5A,533954,FG-GML-533954-DEM5A-20260616.zip,4858,4974592,2026/06/16,/kiban/app/api/download/file/720208,富士山
539323,DEM10B,533955,FG-GML-533955-DEM10B-20161001.zip,420,430080,2016/10/01,/kiban/app/api/download/file/539323,富士山
717951,DEM1A,533955,FG-GML-533955-DEM1A-20260616.zip,23890,24463360,2026/06/16,/kiban/app/api/download/file/717951,富士山
720209,DEM5A,533955,FG-GML-533955-DEM5A-20260616.zip,3932,4026368,2026/06/16,/kiban/app/api/download/file/720209,富士山
539326,DEM10B,533960,FG-GML-533960-DEM10B-20161001.zip,2202,2254848,2016/10/01,/kiban/app/api/download/file/539326,富士山
717953,DEM1A,533960,FG-GML-533960-DEM1A-20260616.zip,204974,209893376,2026/06/16,/kiban/app/api/download/file/717953,富士山
720211,DEM5A,533960,FG-GML-533960-DEM5A-20260616.zip,8059,8252416,2026/06/16,/kiban/app/api/download/file/720211,富士山
539327,DEM10B,533961,FG-GML-533961-DEM10B-20161001.zip,2074,2123776,2016/10/01,/kiban/app/api/download/file/539327,富士山
717954,DEM1A,533961,FG-GML-533961-DEM1A-20260616.zip,160652,164507648,2026/06/16,/kiban/app/api/download/file/717954,富士山
720212,DEM5A,533961,FG-GML-533961-DEM5A-20260616.zip,7482,7661568,2026/06/16,/kiban/app/api/download/file/720212,富士山
730005,DEM5B,533961,FG-GML-533961-DEM5B-20080331.zip,9451,9677824,2008/03/31,/kiban/app/api/download/file/730005,富士山
539328,DEM10B,533962,FG-GML-533962-DEM10B-20161001.zip,1520,1556480,2016/10/01,/kiban/app/api/download/file/539328,富士山
717955,DEM1A,533962,FG-GML-533962-DEM1A-20260616.zip,95901,98202624,2026/06/16,/kiban/app/api/download/file/717955,富士山
720213,DEM5A,533962,FG-GML-533962-DEM5A-20260616.zip,5343,5471232,2026/06/16,/kiban/app/api/download/file/720213,富士山
730006,DEM5B,533962,FG-GML-533962-DEM5B-20080331.zip,7777,7963648,2008/03/31,/kiban/app/api/download/file/730006,富士山
539329,DEM10B,533963,FG-GML-533963-DEM10B-20161001.zip,746,763904,2016/10/01,/kiban/app/api/download/file/539329,富士山
717956,DEM1A,533963,FG-GML-533963-DEM1A-20260616.zip,32897,33686528,2026/06/16,/kiban/app/api/download/file/717956,富士山
720214,DEM5A,533963,FG-GML-533963-DEM5A-20260616.zip,4178,4278272,2026/06/16,/kiban/app/api/download/file/720214,富士山
730007,DEM5B,533963,FG-GML-533963-DEM5B-20080331.zip,6187,6335488,2008/03/31,/kiban/app/api/download/file/730007,富士山
539330,DEM10B,533964,FG-GML-533964-DEM10B-20161001.zip,396,405504,2016/10/01,/kiban/app/api/download/file/539330,富士山
717957,DEM1A,533964,FG-GML-533964-DEM1A-20260616.zip,24223,24804352,2026/06/16,/kiban/app/api/download/file/717957,富士山
720215,DEM5A,533964,FG-GML-533964-DEM5A-20260616.zip,4321,4424704,2026/06/16,/kiban/app/api/download/file/720215,富士山
539331,DEM10B,533965,FG-GML-533965-DEM10B-20161001.zip,583,596992,2016/10/01,/kiban/app/api/download/file/539331,富士山
717958,DEM1A,533965,FG-GML-533965-DEM1A-20260616.zip,171,175104,2026/06/16,/kiban/app/api/download/file/717958,富士山
720216,DEM5A,533965,FG-GML-533965-DEM5A-20260616.zip,5710,5847040,2026/06/16,/kiban/app/api/download/file/720216,富士山
539334,DEM10B,533970,FG-GML-533970-DEM10B-20161001.zip,1950,1996800,2016/10/01,/kiban/app/api/download/file/539334,富士山
717960,DEM1A,533970,FG-GML-533970-DEM1A-20260616.zip,217093,222303232,2026/06/16,/kiban/app/api/download/file/717960,富士山
720218,DEM5A,533970,FG-GML-533970-DEM5A-20260616.zip,6996,7163904,2026/06/16,/kiban/app/api/download/file/720218,富士山
730011,DEM5B,533970,FG-GML-533970-DEM5B-20161001.zip,3130,3205120,2016/10/01,/kiban/app/api/download/file/730011,富士山
539335,DEM10B,533971,FG-GML-533971-DEM10B-20161001.zip,2073,2122752,2016/10/01,/kiban/app/api/download/file/539335,富士山
717961,DEM1A,533971,FG-GML-533971-DEM1A-20260616.zip,177585,181847040,2026/06/16,/kiban/app/api/download/file/717961,富士山
720219,DEM5A,533971,FG-GML-533971-DEM5A-20260616.zip,7555,7736320,2026/06/16,/kiban/app/api/download/file/720219,富士山
730012,DEM5B,533971,FG-GML-533971-DEM5B-20080331.zip,9493,9720832,2008/03/31,/kiban/app/api/download/file/730012,富士山
539336,DEM10B,533972,FG-GML-533972-DEM10B-20161001.zip,1502,1538048,2016/10/01,/kiban/app/api/download/file/539336,富士山
717962,DEM1A,533972,FG-GML-533972-DEM1A-20260616.zip,92527,94747648,2026/06/16,/kiban/app/api/download/file/717962,富士山
720220,DEM5A,533972,FG-GML-533972-DEM5A-20260616.zip,5271,5397504,2026/06/16,/kiban/app/api/download/file/720220,富士山
730013,DEM5B,533972,FG-GML-533972-DEM5B-20080331.zip,7720,7905280,2008/03/31,/kiban/app/api/download/file/730013,富士山
539337,DEM10B,533973,FG-GML-533973-DEM10B-20161001.zip,465,476160,2016/10/01,/kiban/app/api/download/file/539337,富士山
717963,DEM1A,533973,FG-GML-533973-DEM1A-20260616.zip,43439,44481536,2026/06/16,/kiban/app/api/download/file/717963,富士山
720221,DEM5A,533973,FG-GML-533973-DEM5A-20260616.zip,2986,3057664,2026/06/16,/kiban/app/api/download/file/720221,富士山
730014,DEM5B,533973,FG-GML-533973-DEM5B-20080331.zip,5826,5965824,2008/03/31,/kiban/app/api/download/file/730014,富士山
539338,DEM10B,533974,FG-GML-533974-DEM10B-20161001.zip,472,483328,2016/10/01,/kiban/app/api/download/file/539338,富士山
717964,DEM1A,533974,FG-GML-533974-DEM1A-20260616.zip,14241,14582784,2026/06/16,/kiban/app/api/download/file/717964,富士山
720222,DEM5A,533974,FG-GML-533974-DEM5A-20260616.zip,4885,5002240,2026/06/16,/kiban/app/api/download/file/720222,富士山
539463,DEM10B,543707,FG-GML-543707-DEM10B-20161001.zip,2052,2101248,2016/10/01,/kiban/app/api/download/file/539463,富士山
685873,DEM1A,543707,FG-GML-543707-DEM1A-20251113.zip,158645,162452480,2025/11/13,/kiban/app/api/download/file/685873,富士山
686909,DEM5A,543707,FG-GML-543707-DEM5A-20251113.zip,7541,7721984,2025/11/13,/kiban/app/api/download/file/686909,富士山
615265,DEM5B,543707,FG-GML-543707-DEM5B-20250609.zip,1182,1210368,2025/06/09,/kiban/app/api/download/file/615265,富士山
539520,DEM10B,543800,FG-GML-543800-DEM10B-20161001.zip,1487,1522688,2016/10/01,/kiban/app/api/download/file/539520,富士山
685892,DEM1A,543800,FG-GML-543800-DEM1A-20251113.zip,103676,106164224,2025/11/13,/kiban/app/api/download/file/685892,富士山
686928,DEM5A,543800,FG-GML-543800-DEM5A-20251113.zip,5545,5678080,2025/11/13,/kiban/app/api/download/file/686928,富士山
615276,DEM5B,543800,FG-GML-543800-DEM5B-20250609.zip,85,87040,2025/06/09,/kiban/app/api/download/file/615276,富士山
539521,DEM10B,543801,FG-GML-543801-DEM10B-20161001.zip,1863,1907712,2016/10/01,/kiban/app/api/download/file/539521,富士山
664074,DEM1A,543801,FG-GML-543801-DEM1A-20250819.zip,120011,122891264,2025/08/19,/kiban/app/api/download/file/664074,富士山
662593,DEM5A,543801,FG-GML-543801-DEM5A-20250819.zip,6465,6620160,2025/08/19,/kiban/app/api/download/file/662593,富士山
539522,DEM10B,543802,FG-GML-543802-DEM10B-20161001.zip,2149,2200576,2016/10/01,/kiban/app/api/download/file/539522,富士山
718050,DEM1A,543802,FG-GML-543802-DEM1A-20260616.zip,146809,150332416,2026/06/16,/kiban/app/api/download/file/718050,富士山
720308,DEM5A,543802,FG-GML-543802-DEM5A-20260616.zip,7495,7674880,2026/06/16,/kiban/app/api/download/file/720308,富士山
539523,DEM10B,543803,FG-GML-543803-DEM10B-20161001.zip,2076,2125824,2016/10/01,/kiban/app/api/download/file/539523,富士山
718051,DEM1A,543803,FG-GML-543803-DEM1A-20260616.zip,140777,144155648,2026/06/16,/kiban/app/api/download/file/718051,富士山
720309,DEM5A,543803,FG-GML-543803-DEM5A-20260616.zip,7194,7366656,2026/06/16,/kiban/app/api/download/file/720309,富士山
539524,DEM10B,543804,FG-GML-543804-DEM10B-20161001.zip,2077,2126848,2016/10/01,/kiban/app/api/download/file/539524,富士山
685895,DEM1A,543804,FG-GML-543804-DEM1A-20251113.zip,153882,157575168,2025/11/13,/kiban/app/api/download/file/685895,富士山
686931,DEM5A,543804,FG-GML-543804-DEM5A-20251113.zip,7459,7638016,2025/11/13,/kiban/app/api/download/file/686931,富士山
539525,DEM10B,543805,FG-GML-543805-DEM10B-20161001.zip,2157,2208768,2016/10/01,/kiban/app/api/download/file/539525,富士山
685896,DEM1A,543805,FG-GML-543805-DEM1A-20251113.zip,173261,177419264,2025/11/13,/kiban/app/api/download/file/685896,富士山
686932,DEM5A,543805,FG-GML-543805-DEM5A-20251113.zip,7942,8132608,2025/11/13,/kiban/app/api/download/file/686932,富士山
539526,DEM10B,543806,FG-GML-543806-DEM10B-20161001.zip,2137,2188288,2016/10/01,/kiban/app/api/download/file/539526,富士山
685897,DEM1A,543806,FG-GML-543806-DEM1A-20251113.zip,239295,245038080,2025/11/13,/kiban/app/api/download/file/685897,富士山
686933,DEM5A,543806,FG-GML-543806-DEM5A-20251113.zip,7951,8141824,2025/11/13,/kiban/app/api/download/file/686933,富士山
539527,DEM10B,543807,FG-GML-543807-DEM10B-20161001.zip,2054,2103296,2016/10/01,/kiban/app/api/download/file/539527,富士山
613289,DEM1A,543807,FG-GML-543807-DEM1A-20250604.zip,230941,236483584,2025/06/04,/kiban/app/api/download/file/613289,富士山
618620,DEM5A,543807,FG-GML-543807-DEM5A-20250620.zip,7430,7608320,2025/06/20,/kiban/app/api/download/file/618620,富士山
539528,DEM10B,543810,FG-GML-543810-DEM10B-20161001.zip,2081,2130944,2016/10/01,/kiban/app/api/download/file/539528,富士山
685898,DEM1A,543810,FG-GML-543810-DEM1A-20251113.zip,159908,163745792,2025/11/13,/kiban/app/api/download/file/685898,富士山
686934,DEM5A,543810,FG-GML-543810-DEM5A-20251113.zip,7735,7920640,2025/11/13,/kiban/app/api/download/file/686934,富士山
615277,DEM5B,543810,FG-GML-543810-DEM5B-20250609.zip,562,575488,2025/06/09,/kiban/app/api/download/file/615277,富士山
539529,DEM10B,543811,FG-GML-543811-DEM10B-20161001.zip,2015,2063360,2016/10/01,/kiban/app/api/download/file/539529,富士山
718052,DEM1A,543811,FG-GML-543811-DEM1A-20260616.zip,148175,151731200,2026/06/16,/kiban/app/api/download/file/718052,富士山
720310,DEM5A,543811,FG-GML-543811-DEM5A-20260616.zip,7415,7592960,2026/06/16,/kiban/app/api/download/file/720310,富士山
615278,DEM5B,543811,FG-GML-543811-DEM5B-20250609.zip,99,101376,2025/06/09,/kiban/app/api/download/file/615278,富士山
539530,DEM10B,543812,FG-GML-543812-DEM10B-20161001.zip,2064,2113536,2016/10/01,/kiban/app/api/download/file/539530,富士山
718053,DEM1A,543812,FG-GML-543812-DEM1A-20260616.zip,168616,172662784,2026/06/16,/kiban/app/api/download/file/718053,富士山
720311,DEM5A,543812,FG-GML-543812-DEM5A-20260616.zip,7969,8160256,2026/06/16,/kiban/app/api/download/file/720311,富士山
539531,DEM10B,543813,FG-GML-543813-DEM10B-20161001.zip,1999,2046976,2016/10/01,/kiban/app/api/download/file/539531,富士山
718054,DEM1A,543813,FG-GML-543813-DEM1A-20260616.zip,130513,133645312,2026/06/16,/kiban/app/api/download/file/718054,富士山
720312,DEM5A,543813,FG-GML-543813-DEM5A-20260616.zip,6796,6959104,2026/06/16,/kiban/app/api/download/file/720312,富士山
539532,DEM10B,543814,FG-GML-543814-DEM10B-20161001.zip,2046,2095104,2016/10/01,/kiban/app/api/download/file/539532,富士山
685902,DEM1A,543814,FG-GML-543814-DEM1A-20251113.zip,159943,163781632,2025/11/13,/kiban/app/api/download/file/685902,富士山
686938,DEM5A,543814,FG-GML-543814-DEM5A-20251113.zip,7409,7586816,2025/11/13,/kiban/app/api/download/file/686938,富士山
539533,DEM10B,543815,FG-GML-543815-DEM10B-20161001.zip,2108,2158592,2016/10/01,/kiban/app/api/download/file/539533,富士山
685903,DEM1A,543815,FG-GML-543815-DEM1A-20251113.zip,177211,181464064,2025/11/13,/kiban/app/api/download/file/685903,富士山
686939,DEM5A,543815,FG-GML-543815-DEM5A-20251113.zip,7909,8098816,2025/11/13,/kiban/app/api/download/file/686939,富士山
539534,DEM10B,543816,FG-GML-543816-DEM10B-20161001.zip,2107,2157568,2016/10/01,/kiban/app/api/download/file/539534,富士山
685904,DEM1A,543816,FG-GML-543816-DEM1A-20251113.zip,209743,214776832,2025/11/13,/kiban/app/api/download/file/685904,富士山
686940,DEM5A,543816,FG-GML-543816-DEM5A-20251113.zip,7871,8059904,2025/11/13,/kiban/app/api/download/file/686940,富士山
539535,DEM10B,543817,FG-GML-543817-DEM10B-20161001.zip,2038,2086912,2016/10/01,/kiban/app/api/download/file/539535,富士山
718055,DEM1A,543817,FG-GML-543817-DEM1A-20260616.zip,210537,215589888,2026/06/16,/kiban/app/api/download/file/718055,富士山
720313,DEM5A,543817,FG-GML-543817-DEM5A-20260616.zip,7824,8011776,2026/06/16,/kiban/app/api/download/file/720313,富士山
539537,DEM10B,543821,FG-GML-543821-DEM10B-20161001.zip,2157,2208768,2016/10/01,/kiban/app/api/download/file/539537,富士山
718057,DEM1A,543821,FG-GML-543821-DEM1A-20260616.zip,159191,163011584,2026/06/16,/kiban/app/api/download/file/718057,富士山
720315,DEM5A,543821,FG-GML-543821-DEM5A-20260616.zip,7655,7838720,2026/06/16,/kiban/app/api/download/file/720315,富士山
615280,DEM5B,543821,FG-GML-543821-DEM5B-20250609.zip,436,446464,2025/06/09,/kiban/app/api/download/file/615280,富士山
539538,DEM10B,543822,FG-GML-543822-DEM10B-20161001.zip,1972,2019328,2016/10/01,/kiban/app/api/download/file/539538,富士山
685907,DEM1A,543822,FG-GML-543822-DEM1A-20251113.zip,134413,137638912,2025/11/13,/kiban/app/api/download/file/685907,富士山
686943,DEM5A,543822,FG-GML-543822-DEM5A-20251113.zip,6916,7081984,2025/11/13,/kiban/app/api/download/file/686943,富士山
539539,DEM10B,543823,FG-GML-543823-DEM10B-20161001.zip,1600,1638400,2016/10/01,/kiban/app/api/download/file/539539,富士山
685908,DEM1A,543823,FG-GML-543823-DEM1A-20251113.zip,96734,99055616,2025/11/13,/kiban/app/api/download/file/685908,富士山
686944,DEM5A,543823,FG-GML-543823-DEM5A-20251113.zip,5442,5572608,2025/11/13,/kiban/app/api/download/file/686944,富士山
539540,DEM10B,543824,FG-GML-543824-DEM10B-20161001.zip,2006,2054144,2016/10/01,/kiban/app/api/download/file/539540,富士山
685909,DEM1A,543824,FG-GML-543824-DEM1A-20251113.zip,150815,154434560,2025/11/13,/kiban/app/api/download/file/685909,富士山
686945,DEM5A,543824,FG-GML-543824-DEM5A-20251113.zip,7203,7375872,2025/11/13,/kiban/app/api/download/file/686945,富士山
539541,DEM10B,543825,FG-GML-543825-DEM10B-20161001.zip,2111,2161664,2016/10/01,/kiban/app/api/download/file/539541,富士山
685910,DEM1A,543825,FG-GML-543825-DEM1A-20251113.zip,235060,240701440,2025/11/13,/kiban/app/api/download/file/685910,富士山
686946,DEM5A,543825,FG-GML-543825-DEM5A-20251113.zip,7826,8013824,2025/11/13,/kiban/app/api/download/file/686946,富士山
539542,DEM10B,543826,FG-GML-543826-DEM10B-20161001.zip,1926,1972224,2016/10/01,/kiban/app/api/download/file/539542,富士山
613296,DEM1A,543826,FG-GML-543826-DEM1A-20250604.zip,217857,223085568,2025/06/04,/kiban/app/api/download/file/613296,富士山
618635,DEM5A,543826,FG-GML-543826-DEM5A-20250620.zip,7022,7190528,2025/06/20,/kiban/app/api/download/file/618635,富士山
539543,DEM10B,543827,FG-GML-543827-DEM10B-20161001.zip,1825,1868800,2016/10/01,/kiban/app/api/download/file/539543,富士山
718058,DEM1A,543827,FG-GML-543827-DEM1A-20260522.zip,191334,195926016,2026/05/22,/kiban/app/api/download/file/718058,富士山
720316,DEM5A,543827,FG-GML-543827-DEM5A-20260522.zip,8469,8672256,2026/05/22,/kiban/app/api/download/file/720316,富士山
616024,DEM5C,543827,FG-GML-543827-DEM5C-20250605.zip,654,669696,2025/06/05,/kiban/app/api/download/file/616024,富士山
539548,DEM10B,543834,FG-GML-543834-DEM10B-20161001.zip,1823,1866752,2016/10/01,/kiban/app/api/download/file/539548,富士山
718061,DEM1A,543834,FG-GML-543834-DEM1A-20260522.zip,122471,125410304,2026/05/22,/kiban/app/api/download/file/718061,富士山
720319,DEM5A,543834,FG-GML-543834-DEM5A-20260522.zip,6364,6516736,2026/05/22,/kiban/app/api/download/file/720319,富士山
539549,DEM10B,543835,FG-GML-543835-DEM10B-20161001.zip,2036,2084864,2016/10/01,/kiban/app/api/download/file/539549,富士山
718062,DEM1A,543835,FG-GML-543835-DEM1A-20260522.zip,196120,200826880,2026/05/22,/kiban/app/api/download/file/718062,富士山
720320,DEM5A,543835,FG-GML-543835-DEM5A-20260522.zip,8306,8505344,2026/05/22,/kiban/app/api/download/file/720320,富士山
539550,DEM10B,543836,FG-GML-543836-DEM10B-20161001.zip,1710,1751040,2016/10/01,/kiban/app/api/download/file/539550,富士山
718063,DEM1A,543836,FG-GML-543836-DEM1A-20260616.zip,144721,148194304,2026/06/16,/kiban/app/api/download/file/718063,富士山
720321,DEM5A,543836,FG-GML-543836-DEM5A-20260616.zip,6660,6819840,2026/06/16,/kiban/app/api/download/file/720321,富士山
539551,DEM10B,543837,FG-GML-543837-DEM10B-20161001.zip,1476,1511424,2016/10/01,/kiban/app/api/download/file/539551,富士山
718064,DEM1A,543837,FG-GML-543837-DEM1A-20260616.zip,133045,136238080,2026/06/16,/kiban/app/api/download/file/718064,富士山
720322,DEM5A,543837,FG-GML-543837-DEM5A-20260616.zip,6611,6769664,2026/06/16,/kiban/app/api/download/file/720322,富士山
730061,DEM5B,543837,FG-GML-543837-DEM5B-20161001.zip,292,299008,2016/10/01,/kiban/app/api/download/file/730061,富士山
539584,DEM10B,543900,FG-GML-543900-DEM10B-20161001.zip,1779,1821696,2016/10/01,/kiban/app/api/download/file/539584,富士山
613315,DEM1A,543900,FG-GML-543900-DEM1A-20250509.zip,201654,206493696,2025/05/09,/kiban/app/api/download/file/613315,富士山
618677,DEM5A,543900,FG-GML-543900-DEM5A-20250620.zip,6245,6394880,2025/06/20,/kiban/app/api/download/file/618677,富士山
730075,DEM5C,543900,FG-GML-543900-DEM5C-20220124.zip,1104,1130496,2022/01/24,/kiban/app/api/download/file/730075,富士山
539585,DEM10B,543901,FG-GML-543901-DEM10B-20161001.zip,1998,2045952,2016/10/01,/kiban/app/api/download/file/539585,富士山
718078,DEM1A,543901,FG-GML-543901-DEM1A-20260616.zip,165543,169516032,2026/06/16,/kiban/app/api/download/file/718078,富士山
720336,DEM5A,543901,FG-GML-543901-DEM5A-20260616.zip,7153,7324672,2026/06/16,/kiban/app/api/download/file/720336,富士山
730077,DEM5B,543901,FG-GML-543901-DEM5B-20161001.zip,3985,4080640,2016/10/01,/kiban/app/api/download/file/730077,富士山
539586,DEM10B,543902,FG-GML-543902-DEM10B-20161001.zip,1426,1460224,2016/10/01,/kiban/app/api/download/file/539586,富士山
718079,DEM1A,543902,FG-GML-543902-DEM1A-20260616.zip,84670,86702080,2026/06/16,/kiban/app/api/download/file/718079,富士山
720337,DEM5A,543902,FG-GML-543902-DEM5A-20260616.zip,5022,5142528,2026/06/16,/kiban/app/api/download/file/720337,富士山
730078,DEM5B,543902,FG-GML-543902-DEM5B-20101001.zip,7395,7572480,2010/10/01,/kiban/app/api/download/file/730078,富士山
539587,DEM10B,543903,FG-GML-543903-DEM10B-20161001.zip,735,752640,2016/10/01,/kiban/app/api/download/file/539587,富士山
718080,DEM1A,543903,FG-GML-543903-DEM1A-20260616.zip,45477,46568448,2026/06/16,/kiban/app/api/download/file/718080,富士山
720338,DEM5A,543903,FG-GML-543903-DEM5A-20260616.zip,3419,3501056,2026/06/16,/kiban/app/api/download/file/720338,富士山
730079,DEM5B,543903,FG-GML-543903-DEM5B-20101001.zip,5498,5629952,2010/10/01,/kiban/app/api/download/file/730079,富士山
539588,DEM10B,543904,FG-GML-543904-DEM10B-20161001.zip,443,453632,2016/10/01,/kiban/app/api/download/file/539588,富士山
718081,DEM1A,543904,FG-GML-543904-DEM1A-20260616.zip,2340,2396160,2026/06/16,/kiban/app/api/download/file/718081,富士山
720339,DEM5A,543904,FG-GML-543904-DEM5A-20260616.zip,3898,3991552,2026/06/16,/kiban/app/api/download/file/720339,富士山
730080,DEM5B,543904,FG-GML-543904-DEM5B-20101001.zip,4261,4363264,2010/10/01,/kiban/app/api/download/file/730080,富士山
539592,DEM10B,543910,FG-GML-543910-DEM10B-20161001.zip,1963,2010112,2016/10/01,/kiban/app/api/download/file/539592,富士山
718084,DEM1A,543910,FG-GML-543910-DEM1A-20260616.zip,156261,160011264,2026/06/16,/kiban/app/api/download/file/718084,富士山
720342,DEM5A,543910,FG-GML-543910-DEM5A-20260616.zip,7201,7373824,2026/06/16,/kiban/app/api/download/file/720342,富士山
616025,DEM5C,543910,FG-GML-543910-DEM5C-20250605.zip,1589,1627136,2025/06/05,/kiban/app/api/download/file/616025,富士山
539593,DEM10B,543911,FG-GML-543911-DEM10B-20161001.zip,1534,1570816,2016/10/01,/kiban/app/api/download/file/539593,富士山
718085,DEM1A,543911,FG-GML-543911-DEM1A-20260616.zip,89588,91738112,2026/06/16,/kiban/app/api/download/file/718085,富士山
720343,DEM5A,543911,FG-GML-543911-DEM5A-20260616.zip,5565,5698560,2026/06/16,/kiban/app/api/download/file/720343,富士山
615284,DEM5B,543911,FG-GML-543911-DEM5B-20250609.zip,382,391168,2025/06/09,/kiban/app/api/download/file/615284,富士山
539594,DEM10B,543912,FG-GML-543912-DEM10B-20161001.zip,817,836608,2016/10/01,/kiban/app/api/download/file/539594,富士山
718086,DEM1A,543912,FG-GML-543912-DEM1A-20260616.zip,53625,54912000,2026/06/16,/kiban/app/api/download/file/718086,富士山
720344,DEM5A,543912,FG-GML-543912-DEM5A-20260616.zip,3547,3632128,2026/06/16,/kiban/app/api/download/file/720344,富士山
730084,DEM5B,543912,FG-GML-543912-DEM5B-20101001.zip,5962,6105088,2010/10/01,/kiban/app/api/download/file/730084,富士山
539595,DEM10B,543913,FG-GML-543913-DEM10B-20161001.zip,374,382976,2016/10/01,/kiban/app/api/download/file/539595,富士山
718087,DEM1A,543913,FG-GML-543913-DEM1A-20260616.zip,21942,22468608,2026/06/16,/kiban/app/api/download/file/718087,富士山
720345,DEM5A,543913,FG-GML-543913-DEM5A-20260616.zip,3100,3174400,2026/06/16,/kiban/app/api/download/file/720345,富士山
730085,DEM5B,543913,FG-GML-543913-DEM5B-20101001.zip,4703,4815872,2010/10/01,/kiban/app/api/download/file/730085,富士山
539600,DEM10B,543920,FG-GML-543920-DEM10B-20161001.zip,1374,1406976,2016/10/01,/kiban/app/api/download/file/539600,富士山
718090,DEM1A,543920,FG-GML-543920-DEM1A-20260616.zip,106768,109330432,2026/06/16,/kiban/app/api/download/file/718090,富士山
720348,DEM5A,543920,FG-GML-543920-DEM5A-20260616.zip,6099,6245376,2026/06/16,/kiban/app/api/download/file/720348,富士山
730090,DEM5B,543920,FG-GML-543920-DEM5B-20161001.zip,2852,2920448,2016/10/01,/kiban/app/api/download/file/730090,富士山
539601,DEM10B,543921,FG-GML-543921-DEM10B-20161001.zip,684,700416,2016/10/01,/kiban/app/api/download/file/539601,富士山
718091,DEM1A,543921,FG-GML-543921-DEM1A-20260616.zip,47215,48348160,2026/06/16,/kiban/app/api/download/file/718091,富士山
720349,DEM5A,543921,FG-GML-543921-DEM5A-20260616.zip,3132,3207168,2026/06/16,/kiban/app/api/download/file/720349,富士山
