id,typeCode,meshCode,fileName,sizeKiB,estimatedBytes,updateDate,downloadPath,landmarks
537086,DEM10B,392714,FG-GML-392714-DEM10B-20161001.zip,42,43008,2016/10/01,/kiban/app/api/download/file/537086,リュークスタワー（那覇）
537087,DEM10B,392715,FG-GML-392715-DEM10B-20161001.zip,950,972800,2016/10/01,/kiban/app/api/download/file/537087,首里城|リュークスタワー（那覇）
611494,DEM1A,392715,FG-GML-392715-DEM1A-20250423.zip,108702,111310848,2025/04/23,/kiban/app/api/download/file/611494,首里城|リュークスタワー（那覇）
616334,DEM5A,392715,FG-GML-392715-DEM5A-20250620.zip,5021,5141504,2025/06/20,/kiban/app/api/download/file/616334,首里城|リュークスタワー（那覇）
614814,DEM5B,392715,FG-GML-392715-DEM5B-20250609.zip,829,848896,2025/06/09,/kiban/app/api/download/file/614814,首里城|リュークスタワー（那覇）
537088,DEM10B,392716,FG-GML-392716-DEM10B-20161001.zip,381,390144,2016/10/01,/kiban/app/api/download/file/537088,首里城|リュークスタワー（那覇）
611495,DEM1A,392716,FG-GML-392716-DEM1A-20250423.zip,37632,38535168,2025/04/23,/kiban/app/api/download/file/611495,首里城|リュークスタワー（那覇）
616335,DEM5A,392716,FG-GML-392716-DEM5A-20250620.zip,1713,1754112,2025/06/20,/kiban/app/api/download/file/616335,首里城|リュークスタワー（那覇）
614815,DEM5B,392716,FG-GML-392716-DEM5B-20250609.zip,635,650240,2025/06/09,/kiban/app/api/download/file/614815,首里城|リュークスタワー（那覇）
537093,DEM10B,392724,FG-GML-392724-DEM10B-20161001.zip,43,44032,2016/10/01,/kiban/app/api/download/file/537093,首里城|リュークスタワー（那覇）
537094,DEM10B,392725,FG-GML-392725-DEM10B-20161001.zip,1022,1046528,2016/10/01,/kiban/app/api/download/file/537094,首里城|中城城跡|リュークスタワー（那覇）
611497,DEM1A,392725,FG-GML-392725-DEM1A-20250423.zip,119345,122209280,2025/04/23,/kiban/app/api/download/file/611497,首里城|中城城跡|リュークスタワー（那覇）
616337,DEM5A,392725,FG-GML-392725-DEM5A-20250620.zip,5590,5724160,2025/06/20,/kiban/app/api/download/file/616337,首里城|中城城跡|リュークスタワー（那覇）
614816,DEM5B,392725,FG-GML-392725-DEM5B-20250609.zip,598,612352,2025/06/09,/kiban/app/api/download/file/614816,首里城|中城城跡|リュークスタワー（那覇）
537095,DEM10B,392726,FG-GML-392726-DEM10B-20161001.zip,496,507904,2016/10/01,/kiban/app/api/download/file/537095,首里城|中城城跡|リュークスタワー（那覇）
611498,DEM1A,392726,FG-GML-392726-DEM1A-20250423.zip,54423,55729152,2025/04/23,/kiban/app/api/download/file/611498,首里城|中城城跡|リュークスタワー（那覇）
616338,DEM5A,392726,FG-GML-392726-DEM5A-20250620.zip,2493,2552832,2025/06/20,/kiban/app/api/download/file/616338,首里城|中城城跡|リュークスタワー（那覇）
614817,DEM5B,392726,FG-GML-392726-DEM5B-20250609.zip,754,772096,2025/06/09,/kiban/app/api/download/file/614817,首里城|中城城跡|リュークスタワー（那覇）
537096,DEM10B,392727,FG-GML-392727-DEM10B-20161001.zip,56,57344,2016/10/01,/kiban/app/api/download/file/537096,中城城跡
611499,DEM1A,392727,FG-GML-392727-DEM1A-20250423.zip,1665,1704960,2025/04/23,/kiban/app/api/download/file/611499,中城城跡
616339,DEM5A,392727,FG-GML-392727-DEM5A-20250620.zip,84,86016,2025/06/20,/kiban/app/api/download/file/616339,中城城跡
537099,DEM10B,392734,FG-GML-392734-DEM10B-20161001.zip,49,50176,2016/10/01,/kiban/app/api/download/file/537099,リュークスタワー（那覇）
537100,DEM10B,392735,FG-GML-392735-DEM10B-20161001.zip,239,244736,2016/10/01,/kiban/app/api/download/file/537100,首里城|中城城跡|リュークスタワー（那覇）
611500,DEM1A,392735,FG-GML-392735-DEM1A-20250423.zip,23140,23695360,2025/04/23,/kiban/app/api/download/file/611500,首里城|中城城跡|リュークスタワー（那覇）
616340,DEM5A,392735,FG-GML-392735-DEM5A-20250620.zip,1115,1141760,2025/06/20,/kiban/app/api/download/file/616340,首里城|中城城跡|リュークスタワー（那覇）
614818,DEM5B,392735,FG-GML-392735-DEM5B-20250609.zip,436,446464,2025/06/09,/kiban/app/api/download/file/614818,首里城|中城城跡|リュークスタワー（那覇）
537101,DEM10B,392736,FG-GML-392736-DEM10B-20161001.zip,807,826368,2016/10/01,/kiban/app/api/download/file/537101,首里城|中城城跡|リュークスタワー（那覇）
611501,DEM1A,392736,FG-GML-392736-DEM1A-20250423.zip,89896,92053504,2025/04/23,/kiban/app/api/download/file/611501,首里城|中城城跡|リュークスタワー（那覇）
616341,DEM5A,392736,FG-GML-392736-DEM5A-20250620.zip,4174,4274176,2025/06/20,/kiban/app/api/download/file/616341,首里城|中城城跡|リュークスタワー（那覇）
614819,DEM5B,392736,FG-GML-392736-DEM5B-20250609.zip,1008,1032192,2025/06/09,/kiban/app/api/download/file/614819,首里城|中城城跡|リュークスタワー（那覇）
537102,DEM10B,392737,FG-GML-392737-DEM10B-20161001.zip,268,274432,2016/10/01,/kiban/app/api/download/file/537102,中城城跡
611502,DEM1A,392737,FG-GML-392737-DEM1A-20250423.zip,24859,25455616,2025/04/23,/kiban/app/api/download/file/611502,中城城跡
616342,DEM5A,392737,FG-GML-392737-DEM5A-20250620.zip,1164,1191936,2025/06/20,/kiban/app/api/download/file/616342,中城城跡
537105,DEM10B,392745,FG-GML-392745-DEM10B-20161001.zip,260,266240,2016/10/01,/kiban/app/api/download/file/537105,中城城跡
611503,DEM1A,392745,FG-GML-392745-DEM1A-20250423.zip,24406,24991744,2025/04/23,/kiban/app/api/download/file/611503,中城城跡
616343,DEM5A,392745,FG-GML-392745-DEM5A-20250620.zip,1138,1165312,2025/06/20,/kiban/app/api/download/file/616343,中城城跡
537106,DEM10B,392746,FG-GML-392746-DEM10B-20161001.zip,1291,1321984,2016/10/01,/kiban/app/api/download/file/537106,中城城跡
611504,DEM1A,392746,FG-GML-392746-DEM1A-20250423.zip,155547,159280128,2025/04/23,/kiban/app/api/download/file/611504,中城城跡
616344,DEM5A,392746,FG-GML-392746-DEM5A-20250620.zip,6947,7113728,2025/06/20,/kiban/app/api/download/file/616344,中城城跡
537107,DEM10B,392747,FG-GML-392747-DEM10B-20161001.zip,259,265216,2016/10/01,/kiban/app/api/download/file/537107,中城城跡
611505,DEM1A,392747,FG-GML-392747-DEM1A-20250423.zip,24050,24627200,2025/04/23,/kiban/app/api/download/file/611505,中城城跡
616345,DEM5A,392747,FG-GML-392747-DEM5A-20250620.zip,1121,1147904,2025/06/20,/kiban/app/api/download/file/616345,中城城跡
537115,DEM10B,392776,FG-GML-392776-DEM10B-20161001.zip,97,99328,2016/10/01,/kiban/app/api/download/file/537115,今帰仁城跡
611511,DEM1A,392776,FG-GML-392776-DEM1A-20250423.zip,5796,5935104,2025/04/23,/kiban/app/api/download/file/611511,今帰仁城跡
616351,DEM5A,392776,FG-GML-392776-DEM5A-20250620.zip,278,284672,2025/06/20,/kiban/app/api/download/file/616351,今帰仁城跡
537116,DEM10B,392777,FG-GML-392777-DEM10B-20161001.zip,1288,1318912,2016/10/01,/kiban/app/api/download/file/537116,今帰仁城跡
611512,DEM1A,392777,FG-GML-392777-DEM1A-20250423.zip,144812,148287488,2025/04/23,/kiban/app/api/download/file/611512,今帰仁城跡
616352,DEM5A,392777,FG-GML-392777-DEM5A-20250620.zip,6284,6434816,2025/06/20,/kiban/app/api/download/file/616352,今帰仁城跡
537121,DEM10B,392870,FG-GML-392870-DEM10B-20161001.zip,1395,1428480,2016/10/01,/kiban/app/api/download/file/537121,今帰仁城跡
611517,DEM1A,392870,FG-GML-392870-DEM1A-20250423.zip,160369,164217856,2025/04/23,/kiban/app/api/download/file/611517,今帰仁城跡
616357,DEM5A,392870,FG-GML-392870-DEM5A-20250620.zip,6809,6972416,2025/06/20,/kiban/app/api/download/file/616357,今帰仁城跡
537128,DEM10B,402706,FG-GML-402706-DEM10B-20161001.zip,289,295936,2016/10/01,/kiban/app/api/download/file/537128,今帰仁城跡
611521,DEM1A,402706,FG-GML-402706-DEM1A-20250423.zip,30283,31009792,2025/04/23,/kiban/app/api/download/file/611521,今帰仁城跡
616361,DEM5A,402706,FG-GML-402706-DEM5A-20250620.zip,1443,1477632,2025/06/20,/kiban/app/api/download/file/616361,今帰仁城跡
537129,DEM10B,402707,FG-GML-402707-DEM10B-20161001.zip,670,686080,2016/10/01,/kiban/app/api/download/file/537129,今帰仁城跡
611522,DEM1A,402707,FG-GML-402707-DEM1A-20250423.zip,73553,75318272,2025/04/23,/kiban/app/api/download/file/611522,今帰仁城跡
616362,DEM5A,402707,FG-GML-402707-DEM5A-20250620.zip,3244,3321856,2025/06/20,/kiban/app/api/download/file/616362,今帰仁城跡
537134,DEM10B,402800,FG-GML-402800-DEM10B-20161001.zip,267,273408,2016/10/01,/kiban/app/api/download/file/537134,今帰仁城跡
611523,DEM1A,402800,FG-GML-402800-DEM1A-20250423.zip,23678,24246272,2025/04/23,/kiban/app/api/download/file/611523,今帰仁城跡
616363,DEM5A,402800,FG-GML-402800-DEM5A-20250620.zip,1064,1089536,2025/06/20,/kiban/app/api/download/file/616363,今帰仁城跡
537215,DEM10B,453023,FG-GML-453023-DEM10B-20161001.zip,239,244736,2016/10/01,/kiban/app/api/download/file/537215,宮之浦岳（屋久島）
717616,DEM1A,453023,FG-GML-453023-DEM1A-20260522.zip,13389,13710336,2026/05/22,/kiban/app/api/download/file/717616,宮之浦岳（屋久島）
719874,DEM5A,453023,FG-GML-453023-DEM5A-20260522.zip,712,729088,2026/05/22,/kiban/app/api/download/file/719874,宮之浦岳（屋久島）
537216,DEM10B,453024,FG-GML-453024-DEM10B-20161001.zip,302,309248,2016/10/01,/kiban/app/api/download/file/537216,宮之浦岳（屋久島）
717617,DEM1A,453024,FG-GML-453024-DEM1A-20260522.zip,17051,17460224,2026/05/22,/kiban/app/api/download/file/717617,宮之浦岳（屋久島）
719875,DEM5A,453024,FG-GML-453024-DEM5A-20260522.zip,928,950272,2026/05/22,/kiban/app/api/download/file/719875,宮之浦岳（屋久島）
537217,DEM10B,453033,FG-GML-453033-DEM10B-20161001.zip,1630,1669120,2016/10/01,/kiban/app/api/download/file/537217,宮之浦岳（屋久島）
717618,DEM1A,453033,FG-GML-453033-DEM1A-20260522.zip,118466,121309184,2026/05/22,/kiban/app/api/download/file/717618,宮之浦岳（屋久島）
719876,DEM5A,453033,FG-GML-453033-DEM5A-20260522.zip,5538,5670912,2026/05/22,/kiban/app/api/download/file/719876,宮之浦岳（屋久島）
537218,DEM10B,453034,FG-GML-453034-DEM10B-20161001.zip,2130,2181120,2016/10/01,/kiban/app/api/download/file/537218,宮之浦岳（屋久島）
717619,DEM1A,453034,FG-GML-453034-DEM1A-20260522.zip,160611,164465664,2026/05/22,/kiban/app/api/download/file/717619,宮之浦岳（屋久島）
719877,DEM5A,453034,FG-GML-453034-DEM5A-20260522.zip,7482,7661568,2026/05/22,/kiban/app/api/download/file/719877,宮之浦岳（屋久島）
537220,DEM10B,453043,FG-GML-453043-DEM10B-20161001.zip,1885,1930240,2016/10/01,/kiban/app/api/download/file/537220,宮之浦岳（屋久島）
717621,DEM1A,453043,FG-GML-453043-DEM1A-20260522.zip,145671,149167104,2026/05/22,/kiban/app/api/download/file/717621,宮之浦岳（屋久島）
719879,DEM5A,453043,FG-GML-453043-DEM5A-20260522.zip,6716,6877184,2026/05/22,/kiban/app/api/download/file/719879,宮之浦岳（屋久島）
537221,DEM10B,453044,FG-GML-453044-DEM10B-20161001.zip,2080,2129920,2016/10/01,/kiban/app/api/download/file/537221,宮之浦岳（屋久島）
717622,DEM1A,453044,FG-GML-453044-DEM1A-20260522.zip,161574,165451776,2026/05/22,/kiban/app/api/download/file/717622,宮之浦岳（屋久島）
719880,DEM5A,453044,FG-GML-453044-DEM5A-20260522.zip,7477,7656448,2026/05/22,/kiban/app/api/download/file/719880,宮之浦岳（屋久島）
537227,DEM10B,453053,FG-GML-453053-DEM10B-20161001.zip,424,434176,2016/10/01,/kiban/app/api/download/file/537227,宮之浦岳（屋久島）
717628,DEM1A,453053,FG-GML-453053-DEM1A-20260522.zip,28340,29020160,2026/05/22,/kiban/app/api/download/file/717628,宮之浦岳（屋久島）
719886,DEM5A,453053,FG-GML-453053-DEM5A-20260522.zip,1342,1374208,2026/05/22,/kiban/app/api/download/file/719886,宮之浦岳（屋久島）
537228,DEM10B,453054,FG-GML-453054-DEM10B-20161001.zip,491,502784,2016/10/01,/kiban/app/api/download/file/537228,宮之浦岳（屋久島）
717629,DEM1A,453054,FG-GML-453054-DEM1A-20260522.zip,32917,33707008,2026/05/22,/kiban/app/api/download/file/717629,宮之浦岳（屋久島）
719887,DEM5A,453054,FG-GML-453054-DEM5A-20260522.zip,1589,1627136,2026/05/22,/kiban/app/api/download/file/719887,宮之浦岳（屋久島）
537253,DEM10B,463054,FG-GML-463054-DEM10B-20161001.zip,66,67584,2016/10/01,/kiban/app/api/download/file/537253,開聞岳
611532,DEM1A,463054,FG-GML-463054-DEM1A-20250424.zip,2653,2716672,2025/04/24,/kiban/app/api/download/file/611532,開聞岳
616402,DEM5A,463054,FG-GML-463054-DEM5A-20250620.zip,129,132096,2025/06/20,/kiban/app/api/download/file/616402,開聞岳
614838,DEM5B,463054,FG-GML-463054-DEM5B-20250609.zip,39,39936,2025/06/09,/kiban/app/api/download/file/614838,開聞岳
537254,DEM10B,463055,FG-GML-463055-DEM10B-20161001.zip,448,458752,2016/10/01,/kiban/app/api/download/file/537254,開聞岳
616403,DEM5A,463055,FG-GML-463055-DEM5A-20250620.zip,1845,1889280,2025/06/20,/kiban/app/api/download/file/616403,開聞岳
537259,DEM10B,463063,FG-GML-463063-DEM10B-20161001.zip,108,110592,2016/10/01,/kiban/app/api/download/file/537259,開聞岳
611535,DEM1A,463063,FG-GML-463063-DEM1A-20250424.zip,7227,7400448,2025/04/24,/kiban/app/api/download/file/611535,開聞岳
616408,DEM5A,463063,FG-GML-463063-DEM5A-20250620.zip,352,360448,2025/06/20,/kiban/app/api/download/file/616408,開聞岳
537260,DEM10B,463064,FG-GML-463064-DEM10B-20161001.zip,1370,1402880,2016/10/01,/kiban/app/api/download/file/537260,開聞岳
611536,DEM1A,463064,FG-GML-463064-DEM1A-20250424.zip,147915,151464960,2025/04/24,/kiban/app/api/download/file/611536,開聞岳
616409,DEM5A,463064,FG-GML-463064-DEM5A-20250620.zip,6604,6762496,2025/06/20,/kiban/app/api/download/file/616409,開聞岳
614839,DEM5B,463064,FG-GML-463064-DEM5B-20250609.zip,963,986112,2025/06/09,/kiban/app/api/download/file/614839,開聞岳
537261,DEM10B,463065,FG-GML-463065-DEM10B-20161001.zip,257,263168,2016/10/01,/kiban/app/api/download/file/537261,開聞岳
611537,DEM1A,463065,FG-GML-463065-DEM1A-20250424.zip,23839,24411136,2025/04/24,/kiban/app/api/download/file/611537,開聞岳
616410,DEM5A,463065,FG-GML-463065-DEM5A-20250620.zip,1092,1118208,2025/06/20,/kiban/app/api/download/file/616410,開聞岳
614840,DEM5B,463065,FG-GML-463065-DEM5B-20250609.zip,279,285696,2025/06/09,/kiban/app/api/download/file/614840,開聞岳
537265,DEM10B,463072,FG-GML-463072-DEM10B-20161001.zip,1580,1617920,2016/10/01,/kiban/app/api/download/file/537265,知覧城跡
729174,DEM1A,463072,FG-GML-463072-DEM1A-20260219.zip,59128,60547072,2026/02/19,/kiban/app/api/download/file/729174,知覧城跡
616414,DEM5A,463072,FG-GML-463072-DEM5A-20250620.zip,7751,7937024,2025/06/20,/kiban/app/api/download/file/616414,知覧城跡
537266,DEM10B,463073,FG-GML-463073-DEM10B-20161001.zip,1434,1468416,2016/10/01,/kiban/app/api/download/file/537266,開聞岳|知覧城跡
729175,DEM1A,463073,FG-GML-463073-DEM1A-20260219.zip,120480,123371520,2026/02/19,/kiban/app/api/download/file/729175,開聞岳|知覧城跡
616415,DEM5A,463073,FG-GML-463073-DEM5A-20250620.zip,7498,7677952,2025/06/20,/kiban/app/api/download/file/616415,開聞岳|知覧城跡
537267,DEM10B,463074,FG-GML-463074-DEM10B-20161001.zip,1490,1525760,2016/10/01,/kiban/app/api/download/file/537267,開聞岳|知覧城跡
611541,DEM1A,463074,FG-GML-463074-DEM1A-20250424.zip,143739,147188736,2025/04/24,/kiban/app/api/download/file/611541,開聞岳|知覧城跡
616416,DEM5A,463074,FG-GML-463074-DEM5A-20250620.zip,6869,7033856,2025/06/20,/kiban/app/api/download/file/616416,開聞岳|知覧城跡
614841,DEM5B,463074,FG-GML-463074-DEM5B-20250609.zip,308,315392,2025/06/09,/kiban/app/api/download/file/614841,開聞岳|知覧城跡
537288,DEM10B,473002,FG-GML-473002-DEM10B-20161001.zip,1753,1795072,2016/10/01,/kiban/app/api/download/file/537288,知覧城跡
611545,DEM1A,473002,FG-GML-473002-DEM1A-20250424.zip,3465,3548160,2025/04/24,/kiban/app/api/download/file/611545,知覧城跡
616428,DEM5A,473002,FG-GML-473002-DEM5A-20250620.zip,8569,8774656,2025/06/20,/kiban/app/api/download/file/616428,知覧城跡
537289,DEM10B,473003,FG-GML-473003-DEM10B-20161001.zip,1702,1742848,2016/10/01,/kiban/app/api/download/file/537289,知覧城跡
611546,DEM1A,473003,FG-GML-473003-DEM1A-20250424.zip,27460,28119040,2025/04/24,/kiban/app/api/download/file/611546,知覧城跡
616429,DEM5A,473003,FG-GML-473003-DEM5A-20250620.zip,8381,8582144,2025/06/20,/kiban/app/api/download/file/616429,知覧城跡
537290,DEM10B,473004,FG-GML-473004-DEM10B-20161001.zip,771,789504,2016/10/01,/kiban/app/api/download/file/537290,知覧城跡
611547,DEM1A,473004,FG-GML-473004-DEM1A-20250424.zip,6838,7002112,2025/04/24,/kiban/app/api/download/file/611547,知覧城跡
616430,DEM5A,473004,FG-GML-473004-DEM5A-20250620.zip,3336,3416064,2025/06/20,/kiban/app/api/download/file/616430,知覧城跡
537295,DEM10B,473012,FG-GML-473012-DEM10B-20161001.zip,911,932864,2016/10/01,/kiban/app/api/download/file/537295,知覧城跡
611550,DEM1A,473012,FG-GML-473012-DEM1A-20250424.zip,14757,15111168,2025/04/24,/kiban/app/api/download/file/611550,知覧城跡
616435,DEM5A,473012,FG-GML-473012-DEM5A-20250620.zip,4801,4916224,2025/06/20,/kiban/app/api/download/file/616435,知覧城跡
614850,DEM5B,473012,FG-GML-473012-DEM5B-20250609.zip,3,3072,2025/06/09,/kiban/app/api/download/file/614850,知覧城跡
547323,DEM5C,473012,FG-GML-473012-DEM5C-20200117.zip,190,194560,2020/01/17,/kiban/app/api/download/file/547323,知覧城跡
537296,DEM10B,473013,FG-GML-473013-DEM10B-20161001.zip,1929,1975296,2016/10/01,/kiban/app/api/download/file/537296,知覧城跡
616436,DEM5A,473013,FG-GML-473013-DEM5A-20250620.zip,9259,9481216,2025/06/20,/kiban/app/api/download/file/616436,知覧城跡
537297,DEM10B,473014,FG-GML-473014-DEM10B-20161001.zip,334,342016,2016/10/01,/kiban/app/api/download/file/537297,知覧城跡|アミュラン
616437,DEM5A,473014,FG-GML-473014-DEM5A-20250620.zip,1372,1404928,2025/06/20,/kiban/app/api/download/file/616437,知覧城跡|アミュラン
537303,DEM10B,473023,FG-GML-473023-DEM10B-20161001.zip,1860,1904640,2016/10/01,/kiban/app/api/download/file/537303,鹿児島城跡（鶴丸城）|アミュラン
611554,DEM1A,473023,FG-GML-473023-DEM1A-20250424.zip,38128,39043072,2025/04/24,/kiban/app/api/download/file/611554,鹿児島城跡（鶴丸城）|アミュラン
616442,DEM5A,473023,FG-GML-473023-DEM5A-20250620.zip,8896,9109504,2025/06/20,/kiban/app/api/download/file/616442,鹿児島城跡（鶴丸城）|アミュラン
729189,DEM5B,473023,FG-GML-473023-DEM5B-20161001.zip,946,968704,2016/10/01,/kiban/app/api/download/file/729189,鹿児島城跡（鶴丸城）|アミュラン
615730,DEM5C,473023,FG-GML-473023-DEM5C-20250605.zip,67,68608,2025/06/05,/kiban/app/api/download/file/615730,鹿児島城跡（鶴丸城）|アミュラン
537304,DEM10B,473024,FG-GML-473024-DEM10B-20161001.zip,536,548864,2016/10/01,/kiban/app/api/download/file/537304,鹿児島城跡（鶴丸城）|アミュラン
611555,DEM1A,473024,FG-GML-473024-DEM1A-20250424.zip,9104,9322496,2025/04/24,/kiban/app/api/download/file/611555,鹿児島城跡（鶴丸城）|アミュラン
616443,DEM5A,473024,FG-GML-473024-DEM5A-20250620.zip,2198,2250752,2025/06/20,/kiban/app/api/download/file/616443,鹿児島城跡（鶴丸城）|アミュラン
614852,DEM5B,473024,FG-GML-473024-DEM5B-20250609.zip,229,234496,2025/06/09,/kiban/app/api/download/file/614852,鹿児島城跡（鶴丸城）|アミュラン
537305,DEM10B,473025,FG-GML-473025-DEM10B-20161001.zip,1149,1176576,2016/10/01,/kiban/app/api/download/file/537305,鹿児島城跡（鶴丸城）|アミュラン
611556,DEM1A,473025,FG-GML-473025-DEM1A-20250424.zip,62470,63969280,2025/04/24,/kiban/app/api/download/file/611556,鹿児島城跡（鶴丸城）|アミュラン
616444,DEM5A,473025,FG-GML-473025-DEM5A-20250620.zip,5135,5258240,2025/06/20,/kiban/app/api/download/file/616444,鹿児島城跡（鶴丸城）|アミュラン
614853,DEM5B,473025,FG-GML-473025-DEM5B-20250609.zip,936,958464,2025/06/09,/kiban/app/api/download/file/614853,鹿児島城跡（鶴丸城）|アミュラン
537309,DEM10B,473033,FG-GML-473033-DEM10B-20161001.zip,1663,1702912,2016/10/01,/kiban/app/api/download/file/537309,鹿児島城跡（鶴丸城）|アミュラン
611560,DEM1A,473033,FG-GML-473033-DEM1A-20250424.zip,117625,120448000,2025/04/24,/kiban/app/api/download/file/611560,鹿児島城跡（鶴丸城）|アミュラン
616448,DEM5A,473033,FG-GML-473033-DEM5A-20250620.zip,7549,7730176,2025/06/20,/kiban/app/api/download/file/616448,鹿児島城跡（鶴丸城）|アミュラン
614854,DEM5B,473033,FG-GML-473033-DEM5B-20250609.zip,158,161792,2025/06/09,/kiban/app/api/download/file/614854,鹿児島城跡（鶴丸城）|アミュラン
547329,DEM5C,473033,FG-GML-473033-DEM5C-20200117.zip,1278,1308672,2020/01/17,/kiban/app/api/download/file/547329,鹿児島城跡（鶴丸城）|アミュラン
537310,DEM10B,473034,FG-GML-473034-DEM10B-20161001.zip,1361,1393664,2016/10/01,/kiban/app/api/download/file/537310,鹿児島城跡（鶴丸城）|アミュラン
611561,DEM1A,473034,FG-GML-473034-DEM1A-20250424.zip,14352,14696448,2025/04/24,/kiban/app/api/download/file/611561,鹿児島城跡（鶴丸城）|アミュラン
616449,DEM5A,473034,FG-GML-473034-DEM5A-20250620.zip,5393,5522432,2025/06/20,/kiban/app/api/download/file/616449,鹿児島城跡（鶴丸城）|アミュラン
614855,DEM5B,473034,FG-GML-473034-DEM5B-20250609.zip,204,208896,2025/06/09,/kiban/app/api/download/file/614855,鹿児島城跡（鶴丸城）|アミュラン
537311,DEM10B,473035,FG-GML-473035-DEM10B-20161001.zip,699,715776,2016/10/01,/kiban/app/api/download/file/537311,鹿児島城跡（鶴丸城）|アミュラン
611562,DEM1A,473035,FG-GML-473035-DEM1A-20250424.zip,70867,72567808,2025/04/24,/kiban/app/api/download/file/611562,鹿児島城跡（鶴丸城）|アミュラン
616450,DEM5A,473035,FG-GML-473035-DEM5A-20250620.zip,3063,3136512,2025/06/20,/kiban/app/api/download/file/616450,鹿児島城跡（鶴丸城）|アミュラン
614856,DEM5B,473035,FG-GML-473035-DEM5B-20250609.zip,702,718848,2025/06/09,/kiban/app/api/download/file/614856,鹿児島城跡（鶴丸城）|アミュラン
537316,DEM10B,473043,FG-GML-473043-DEM10B-20161001.zip,1861,1905664,2016/10/01,/kiban/app/api/download/file/537316,鹿児島城跡（鶴丸城）|アミュラン
611567,DEM1A,473043,FG-GML-473043-DEM1A-20250424.zip,198752,203522048,2025/04/24,/kiban/app/api/download/file/611567,鹿児島城跡（鶴丸城）|アミュラン
616455,DEM5A,473043,FG-GML-473043-DEM5A-20250620.zip,8574,8779776,2025/06/20,/kiban/app/api/download/file/616455,鹿児島城跡（鶴丸城）|アミュラン
614857,DEM5B,473043,FG-GML-473043-DEM5B-20250609.zip,175,179200,2025/06/09,/kiban/app/api/download/file/614857,鹿児島城跡（鶴丸城）|アミュラン
615733,DEM5C,473043,FG-GML-473043-DEM5C-20250605.zip,291,297984,2025/06/05,/kiban/app/api/download/file/615733,鹿児島城跡（鶴丸城）|アミュラン
537317,DEM10B,473044,FG-GML-473044-DEM10B-20161001.zip,1734,1775616,2016/10/01,/kiban/app/api/download/file/537317,鹿児島城跡（鶴丸城）|アミュラン
611568,DEM1A,473044,FG-GML-473044-DEM1A-20250424.zip,145123,148605952,2025/04/24,/kiban/app/api/download/file/611568,鹿児島城跡（鶴丸城）|アミュラン
616456,DEM5A,473044,FG-GML-473044-DEM5A-20250620.zip,6688,6848512,2025/06/20,/kiban/app/api/download/file/616456,鹿児島城跡（鶴丸城）|アミュラン
729195,DEM5B,473044,FG-GML-473044-DEM5B-20161001.zip,386,395264,2016/10/01,/kiban/app/api/download/file/729195,鹿児島城跡（鶴丸城）|アミュラン
729196,DEM5C,473044,FG-GML-473044-DEM5C-20200117.zip,987,1010688,2020/01/17,/kiban/app/api/download/file/729196,鹿児島城跡（鶴丸城）|アミュラン
537326,DEM10B,473056,FG-GML-473056-DEM10B-20161001.zip,1776,1818624,2016/10/01,/kiban/app/api/download/file/537326,霧島山（高千穂峰）
611576,DEM1A,473056,FG-GML-473056-DEM1A-20250424.zip,1887,1932288,2025/04/24,/kiban/app/api/download/file/611576,霧島山（高千穂峰）
616465,DEM5A,473056,FG-GML-473056-DEM5A-20250620.zip,8630,8837120,2025/06/20,/kiban/app/api/download/file/616465,霧島山（高千穂峰）
537327,DEM10B,473057,FG-GML-473057-DEM10B-20161001.zip,1861,1905664,2016/10/01,/kiban/app/api/download/file/537327,霧島山（高千穂峰）
717653,DEM1A,473057,FG-GML-473057-DEM1A-20260522.zip,157192,160964608,2026/05/22,/kiban/app/api/download/file/717653,霧島山（高千穂峰）
719911,DEM5A,473057,FG-GML-473057-DEM5A-20260522.zip,8017,8209408,2026/05/22,/kiban/app/api/download/file/719911,霧島山（高千穂峰）
614859,DEM5B,473057,FG-GML-473057-DEM5B-20250609.zip,172,176128,2025/06/09,/kiban/app/api/download/file/614859,霧島山（高千穂峰）
536929,DEM10A,473066,FG-GML-473066-DEM10A-20161001.zip,524,536576,2016/10/01,/kiban/app/api/download/file/536929,霧島山（高千穂峰）|霧島山（韓国岳）
537334,DEM10B,473066,FG-GML-473066-DEM10B-20161001.zip,1964,2011136,2016/10/01,/kiban/app/api/download/file/537334,霧島山（高千穂峰）|霧島山（韓国岳）
611583,DEM1A,473066,FG-GML-473066-DEM1A-20250424.zip,99655,102046720,2025/04/24,/kiban/app/api/download/file/611583,霧島山（高千穂峰）|霧島山（韓国岳）
616472,DEM5A,473066,FG-GML-473066-DEM5A-20250620.zip,8987,9202688,2025/06/20,/kiban/app/api/download/file/616472,霧島山（高千穂峰）|霧島山（韓国岳）
536930,DEM10A,473067,FG-GML-473067-DEM10A-20161001.zip,687,703488,2016/10/01,/kiban/app/api/download/file/536930,霧島山（高千穂峰）|霧島山（韓国岳）
537335,DEM10B,473067,FG-GML-473067-DEM10B-20161001.zip,1976,2023424,2016/10/01,/kiban/app/api/download/file/537335,霧島山（高千穂峰）|霧島山（韓国岳）
611584,DEM1A,473067,FG-GML-473067-DEM1A-20250424.zip,207369,212345856,2025/04/24,/kiban/app/api/download/file/611584,霧島山（高千穂峰）|霧島山（韓国岳）
616473,DEM5A,473067,FG-GML-473067-DEM5A-20250620.zip,8726,8935424,2025/06/20,/kiban/app/api/download/file/616473,霧島山（高千穂峰）|霧島山（韓国岳）
536931,DEM10A,473076,FG-GML-473076-DEM10A-20161001.zip,760,778240,2016/10/01,/kiban/app/api/download/file/536931,霧島山（高千穂峰）|霧島山（韓国岳）
537341,DEM10B,473076,FG-GML-473076-DEM10B-20161001.zip,2039,2087936,2016/10/01,/kiban/app/api/download/file/537341,霧島山（高千穂峰）|霧島山（韓国岳）
611589,DEM1A,473076,FG-GML-473076-DEM1A-20250424.zip,212386,217483264,2025/04/24,/kiban/app/api/download/file/611589,霧島山（高千穂峰）|霧島山（韓国岳）
616479,DEM5A,473076,FG-GML-473076-DEM5A-20250620.zip,9215,9436160,2025/06/20,/kiban/app/api/download/file/616479,霧島山（高千穂峰）|霧島山（韓国岳）
536932,DEM10A,473077,FG-GML-473077-DEM10A-20161001.zip,667,683008,2016/10/01,/kiban/app/api/download/file/536932,霧島山（高千穂峰）|霧島山（韓国岳）
537342,DEM10B,473077,FG-GML-473077-DEM10B-20161001.zip,1906,1951744,2016/10/01,/kiban/app/api/download/file/537342,霧島山（高千穂峰）|霧島山（韓国岳）
663482,DEM1A,473077,FG-GML-473077-DEM1A-20250718.zip,194227,198888448,2025/07/18,/kiban/app/api/download/file/663482,霧島山（高千穂峰）|霧島山（韓国岳）
662004,DEM5A,473077,FG-GML-473077-DEM5A-20250718.zip,7580,7761920,2025/07/18,/kiban/app/api/download/file/662004,霧島山（高千穂峰）|霧島山（韓国岳）
537352,DEM10B,473122,FG-GML-473122-DEM10B-20161001.zip,1761,1803264,2016/10/01,/kiban/app/api/download/file/537352,飫肥城跡
717656,DEM1A,473122,FG-GML-473122-DEM1A-20260603.zip,156150,159897600,2026/06/03,/kiban/app/api/download/file/717656,飫肥城跡
719914,DEM5A,473122,FG-GML-473122-DEM5A-20260603.zip,8346,8546304,2026/06/03,/kiban/app/api/download/file/719914,飫肥城跡
537353,DEM10B,473123,FG-GML-473123-DEM10B-20161001.zip,292,299008,2016/10/01,/kiban/app/api/download/file/537353,飫肥城跡
717657,DEM1A,473123,FG-GML-473123-DEM1A-20260522.zip,21568,22085632,2026/05/22,/kiban/app/api/download/file/717657,飫肥城跡
719915,DEM5A,473123,FG-GML-473123-DEM5A-20260522.zip,1217,1246208,2026/05/22,/kiban/app/api/download/file/719915,飫肥城跡
537355,DEM10B,473131,FG-GML-473131-DEM10B-20161001.zip,2011,2059264,2016/10/01,/kiban/app/api/download/file/537355,飫肥城跡
717659,DEM1A,473131,FG-GML-473131-DEM1A-20260603.zip,181381,185734144,2026/06/03,/kiban/app/api/download/file/717659,飫肥城跡
719917,DEM5A,473131,FG-GML-473131-DEM5A-20260603.zip,8621,8827904,2026/06/03,/kiban/app/api/download/file/719917,飫肥城跡
537356,DEM10B,473132,FG-GML-473132-DEM10B-20161001.zip,1853,1897472,2016/10/01,/kiban/app/api/download/file/537356,飫肥城跡
717660,DEM1A,473132,FG-GML-473132-DEM1A-20260603.zip,180964,185307136,2026/06/03,/kiban/app/api/download/file/717660,飫肥城跡
719918,DEM5A,473132,FG-GML-473132-DEM5A-20260603.zip,8570,8775680,2026/06/03,/kiban/app/api/download/file/719918,飫肥城跡
537357,DEM10B,473133,FG-GML-473133-DEM10B-20161001.zip,957,979968,2016/10/01,/kiban/app/api/download/file/537357,飫肥城跡
717661,DEM1A,473133,FG-GML-473133-DEM1A-20260522.zip,86747,88828928,2026/05/22,/kiban/app/api/download/file/717661,飫肥城跡
719919,DEM5A,473133,FG-GML-473133-DEM5A-20260522.zip,4676,4788224,2026/05/22,/kiban/app/api/download/file/719919,飫肥城跡
537360,DEM10B,473142,FG-GML-473142-DEM10B-20161001.zip,2036,2084864,2016/10/01,/kiban/app/api/download/file/537360,飫肥城跡
717664,DEM1A,473142,FG-GML-473142-DEM1A-20260603.zip,89700,91852800,2026/06/03,/kiban/app/api/download/file/717664,飫肥城跡
719922,DEM5A,473142,FG-GML-473142-DEM5A-20260603.zip,9825,10060800,2026/06/03,/kiban/app/api/download/file/719922,飫肥城跡
537361,DEM10B,473143,FG-GML-473143-DEM10B-20161001.zip,1462,1497088,2016/10/01,/kiban/app/api/download/file/537361,飫肥城跡
717665,DEM1A,473143,FG-GML-473143-DEM1A-20260522.zip,132329,135504896,2026/05/22,/kiban/app/api/download/file/717665,飫肥城跡
719923,DEM5A,473143,FG-GML-473143-DEM5A-20260522.zip,6152,6299648,2026/05/22,/kiban/app/api/download/file/719923,飫肥城跡
614866,DEM5B,473143,FG-GML-473143-DEM5B-20250609.zip,38,38912,2025/06/09,/kiban/app/api/download/file/614866,飫肥城跡
537362,DEM10B,473150,FG-GML-473150-DEM10B-20161001.zip,1141,1168384,2016/10/01,/kiban/app/api/download/file/537362,霧島山（高千穂峰）
717666,DEM1A,473150,FG-GML-473150-DEM1A-20260522.zip,147570,151111680,2026/05/22,/kiban/app/api/download/file/717666,霧島山（高千穂峰）
719924,DEM5A,473150,FG-GML-473150-DEM5A-20260522.zip,5912,6053888,2026/05/22,/kiban/app/api/download/file/719924,霧島山（高千穂峰）
614867,DEM5B,473150,FG-GML-473150-DEM5B-20250609.zip,198,202752,2025/06/09,/kiban/app/api/download/file/614867,霧島山（高千穂峰）
537366,DEM10B,473160,FG-GML-473160-DEM10B-20161001.zip,1658,1697792,2016/10/01,/kiban/app/api/download/file/537366,霧島山（高千穂峰）
611604,DEM1A,473160,FG-GML-473160-DEM1A-20250609.zip,181826,186189824,2025/06/09,/kiban/app/api/download/file/611604,霧島山（高千穂峰）
616504,DEM5A,473160,FG-GML-473160-DEM5A-20250620.zip,5844,5984256,2025/06/20,/kiban/app/api/download/file/616504,霧島山（高千穂峰）
537369,DEM10B,473163,FG-GML-473163-DEM10B-20161001.zip,646,661504,2016/10/01,/kiban/app/api/download/file/537369,シェラトン・グランデ・オーシャンリゾート
611607,DEM1A,473163,FG-GML-473163-DEM1A-20250609.zip,7216,7389184,2025/06/09,/kiban/app/api/download/file/611607,シェラトン・グランデ・オーシャンリゾート
616507,DEM5A,473163,FG-GML-473163-DEM5A-20250620.zip,3583,3668992,2025/06/20,/kiban/app/api/download/file/616507,シェラトン・グランデ・オーシャンリゾート
614871,DEM5B,473163,FG-GML-473163-DEM5B-20250609.zip,729,746496,2025/06/09,/kiban/app/api/download/file/614871,シェラトン・グランデ・オーシャンリゾート
537370,DEM10B,473170,FG-GML-473170-DEM10B-20161001.zip,1631,1670144,2016/10/01,/kiban/app/api/download/file/537370,霧島山（高千穂峰）
663487,DEM1A,473170,FG-GML-473170-DEM1A-20250718.zip,143031,146463744,2025/07/18,/kiban/app/api/download/file/663487,霧島山（高千穂峰）
662009,DEM5A,473170,FG-GML-473170-DEM5A-20250718.zip,5681,5817344,2025/07/18,/kiban/app/api/download/file/662009,霧島山（高千穂峰）
537372,DEM10B,473172,FG-GML-473172-DEM10B-20161001.zip,1419,1453056,2016/10/01,/kiban/app/api/download/file/537372,シェラトン・グランデ・オーシャンリゾート
717672,DEM1A,473172,FG-GML-473172-DEM1A-20260603.zip,120925,123827200,2026/06/03,/kiban/app/api/download/file/717672,シェラトン・グランデ・オーシャンリゾート
719930,DEM5A,473172,FG-GML-473172-DEM5A-20260603.zip,7334,7510016,2026/06/03,/kiban/app/api/download/file/719930,シェラトン・グランデ・オーシャンリゾート
614873,DEM5B,473172,FG-GML-473172-DEM5B-20250609.zip,163,166912,2025/06/09,/kiban/app/api/download/file/614873,シェラトン・グランデ・オーシャンリゾート
537373,DEM10B,473173,FG-GML-473173-DEM10B-20161001.zip,769,787456,2016/10/01,/kiban/app/api/download/file/537373,シェラトン・グランデ・オーシャンリゾート
611611,DEM1A,473173,FG-GML-473173-DEM1A-20250609.zip,1438,1472512,2025/06/09,/kiban/app/api/download/file/611611,シェラトン・グランデ・オーシャンリゾート
616511,DEM5A,473173,FG-GML-473173-DEM5A-20250620.zip,5329,5456896,2025/06/20,/kiban/app/api/download/file/616511,シェラトン・グランデ・オーシャンリゾート
614874,DEM5B,473173,FG-GML-473173-DEM5B-20250609.zip,6,6144,2025/06/09,/kiban/app/api/download/file/614874,シェラトン・グランデ・オーシャンリゾート
537400,DEM10B,483006,FG-GML-483006-DEM10B-20161001.zip,1481,1516544,2016/10/01,/kiban/app/api/download/file/537400,霧島山（韓国岳）
611633,DEM1A,483006,FG-GML-483006-DEM1A-20250515.zip,77878,79747072,2025/05/15,/kiban/app/api/download/file/611633,霧島山（韓国岳）
616533,DEM5A,483006,FG-GML-483006-DEM5A-20250620.zip,7214,7387136,2025/06/20,/kiban/app/api/download/file/616533,霧島山（韓国岳）
537401,DEM10B,483007,FG-GML-483007-DEM10B-20161001.zip,1717,1758208,2016/10/01,/kiban/app/api/download/file/537401,霧島山（韓国岳）
663489,DEM1A,483007,FG-GML-483007-DEM1A-20250718.zip,108238,110835712,2025/07/18,/kiban/app/api/download/file/663489,霧島山（韓国岳）
662011,DEM5A,483007,FG-GML-483007-DEM5A-20250718.zip,6571,6728704,2025/07/18,/kiban/app/api/download/file/662011,霧島山（韓国岳）
537407,DEM10B,483015,FG-GML-483015-DEM10B-20161001.zip,2015,2063360,2016/10/01,/kiban/app/api/download/file/537407,人吉城跡
611640,DEM1A,483015,FG-GML-483015-DEM1A-20250515.zip,161656,165535744,2025/05/15,/kiban/app/api/download/file/611640,人吉城跡
616540,DEM5A,483015,FG-GML-483015-DEM5A-20250620.zip,7774,7960576,2025/06/20,/kiban/app/api/download/file/616540,人吉城跡
537408,DEM10B,483016,FG-GML-483016-DEM10B-20161001.zip,1980,2027520,2016/10/01,/kiban/app/api/download/file/537408,人吉城跡
611641,DEM1A,483016,FG-GML-483016-DEM1A-20250515.zip,178669,182957056,2025/05/15,/kiban/app/api/download/file/611641,人吉城跡
616541,DEM5A,483016,FG-GML-483016-DEM5A-20250620.zip,7684,7868416,2025/06/20,/kiban/app/api/download/file/616541,人吉城跡
537415,DEM10B,483025,FG-GML-483025-DEM10B-20161001.zip,1882,1927168,2016/10/01,/kiban/app/api/download/file/537415,人吉城跡
611648,DEM1A,483025,FG-GML-483025-DEM1A-20250515.zip,213072,218185728,2025/05/15,/kiban/app/api/download/file/611648,人吉城跡
616548,DEM5A,483025,FG-GML-483025-DEM5A-20250620.zip,6903,7068672,2025/06/20,/kiban/app/api/download/file/616548,人吉城跡
729213,DEM5C,483025,FG-GML-483025-DEM5C-20200117.zip,915,936960,2020/01/17,/kiban/app/api/download/file/729213,人吉城跡
537416,DEM10B,483026,FG-GML-483026-DEM10B-20161001.zip,1421,1455104,2016/10/01,/kiban/app/api/download/file/537416,人吉城跡
611649,DEM1A,483026,FG-GML-483026-DEM1A-20250515.zip,165513,169485312,2025/05/15,/kiban/app/api/download/file/611649,人吉城跡
616549,DEM5A,483026,FG-GML-483026-DEM5A-20250620.zip,4782,4896768,2025/06/20,/kiban/app/api/download/file/616549,人吉城跡
537423,DEM10B,483035,FG-GML-483035-DEM10B-20161001.zip,2047,2096128,2016/10/01,/kiban/app/api/download/file/537423,人吉城跡
611656,DEM1A,483035,FG-GML-483035-DEM1A-20250515.zip,234545,240174080,2025/05/15,/kiban/app/api/download/file/611656,人吉城跡
616556,DEM5A,483035,FG-GML-483035-DEM5A-20250620.zip,8064,8257536,2025/06/20,/kiban/app/api/download/file/616556,人吉城跡
537424,DEM10B,483036,FG-GML-483036-DEM10B-20161001.zip,1945,1991680,2016/10/01,/kiban/app/api/download/file/537424,人吉城跡
611657,DEM1A,483036,FG-GML-483036-DEM1A-20250515.zip,221097,226403328,2025/05/15,/kiban/app/api/download/file/611657,人吉城跡
616557,DEM5A,483036,FG-GML-483036-DEM5A-20250620.zip,7544,7725056,2025/06/20,/kiban/app/api/download/file/616557,人吉城跡
537460,DEM10B,483103,FG-GML-483103-DEM10B-20161001.zip,1118,1144832,2016/10/01,/kiban/app/api/download/file/537460,シェラトン・グランデ・オーシャンリゾート
611689,DEM1A,483103,FG-GML-483103-DEM1A-20250515.zip,282,288768,2025/05/15,/kiban/app/api/download/file/611689,シェラトン・グランデ・オーシャンリゾート
616592,DEM5A,483103,FG-GML-483103-DEM5A-20250620.zip,6587,6745088,2025/06/20,/kiban/app/api/download/file/616592,シェラトン・グランデ・オーシャンリゾート
537461,DEM10B,483104,FG-GML-483104-DEM10B-20161001.zip,94,96256,2016/10/01,/kiban/app/api/download/file/537461,シェラトン・グランデ・オーシャンリゾート
616593,DEM5A,483104,FG-GML-483104-DEM5A-20250620.zip,299,306176,2025/06/20,/kiban/app/api/download/file/616593,シェラトン・グランデ・オーシャンリゾート
537488,DEM10B,483154,FG-GML-483154-DEM10B-20161001.zip,1925,1971200,2016/10/01,/kiban/app/api/download/file/537488,延岡城跡
616619,DEM5A,483154,FG-GML-483154-DEM5A-20250620.zip,9327,9550848,2025/06/20,/kiban/app/api/download/file/616619,延岡城跡
537489,DEM10B,483155,FG-GML-483155-DEM10B-20161001.zip,708,724992,2016/10/01,/kiban/app/api/download/file/537489,延岡城跡
616620,DEM5A,483155,FG-GML-483155-DEM5A-20250620.zip,3488,3571712,2025/06/20,/kiban/app/api/download/file/616620,延岡城跡
614882,DEM5B,483155,FG-GML-483155-DEM5B-20250609.zip,503,515072,2025/06/09,/kiban/app/api/download/file/614882,延岡城跡
537494,DEM10B,483164,FG-GML-483164-DEM10B-20161001.zip,1821,1864704,2016/10/01,/kiban/app/api/download/file/537494,延岡城跡
616625,DEM5A,483164,FG-GML-483164-DEM5A-20250620.zip,9019,9235456,2025/06/20,/kiban/app/api/download/file/616625,延岡城跡
729232,DEM5B,483164,FG-GML-483164-DEM5B-20100801.zip,1526,1562624,2010/08/01,/kiban/app/api/download/file/729232,延岡城跡
537495,DEM10B,483165,FG-GML-483165-DEM10B-20161001.zip,801,820224,2016/10/01,/kiban/app/api/download/file/537495,延岡城跡
616626,DEM5A,483165,FG-GML-483165-DEM5A-20250620.zip,4284,4386816,2025/06/20,/kiban/app/api/download/file/616626,延岡城跡
614883,DEM5B,483165,FG-GML-483165-DEM5B-20250609.zip,365,373760,2025/06/09,/kiban/app/api/download/file/614883,延岡城跡
537500,DEM10B,483174,FG-GML-483174-DEM10B-20161001.zip,1998,2045952,2016/10/01,/kiban/app/api/download/file/537500,延岡城跡
616631,DEM5A,483174,FG-GML-483174-DEM5A-20250620.zip,9637,9868288,2025/06/20,/kiban/app/api/download/file/616631,延岡城跡
729233,DEM5B,483174,FG-GML-483174-DEM5B-20100801.zip,3087,3161088,2010/08/01,/kiban/app/api/download/file/729233,延岡城跡
537501,DEM10B,483175,FG-GML-483175-DEM10B-20161001.zip,1597,1635328,2016/10/01,/kiban/app/api/download/file/537501,延岡城跡
616632,DEM5A,483175,FG-GML-483175-DEM5A-20250620.zip,8319,8518656,2025/06/20,/kiban/app/api/download/file/616632,延岡城跡
614884,DEM5B,483175,FG-GML-483175-DEM5B-20250609.zip,165,168960,2025/06/09,/kiban/app/api/download/file/614884,延岡城跡
537502,DEM10B,483176,FG-GML-483176-DEM10B-20161001.zip,283,289792,2016/10/01,/kiban/app/api/download/file/537502,延岡城跡
616633,DEM5A,483176,FG-GML-483176-DEM5A-20250620.zip,1212,1241088,2025/06/20,/kiban/app/api/download/file/616633,延岡城跡
614885,DEM5B,483176,FG-GML-483176-DEM5B-20250609.zip,346,354304,2025/06/09,/kiban/app/api/download/file/614885,延岡城跡
537534,DEM10B,492936,FG-GML-492936-DEM10B-20161001.zip,963,986112,2016/10/01,/kiban/app/api/download/file/537534,ハウステンボス
611735,DEM1A,492936,FG-GML-492936-DEM1A-20250609.zip,84687,86719488,2025/06/09,/kiban/app/api/download/file/611735,ハウステンボス
616664,DEM5A,492936,FG-GML-492936-DEM5A-20250620.zip,3906,3999744,2025/06/20,/kiban/app/api/download/file/616664,ハウステンボス
537541,DEM10B,492945,FG-GML-492945-DEM10B-20161001.zip,1271,1301504,2016/10/01,/kiban/app/api/download/file/537541,ハウステンボス
611741,DEM1A,492945,FG-GML-492945-DEM1A-20250609.zip,135754,139012096,2025/06/09,/kiban/app/api/download/file/611741,ハウステンボス
616670,DEM5A,492945,FG-GML-492945-DEM5A-20250620.zip,6111,6257664,2025/06/20,/kiban/app/api/download/file/616670,ハウステンボス
537542,DEM10B,492946,FG-GML-492946-DEM10B-20161001.zip,588,602112,2016/10/01,/kiban/app/api/download/file/537542,ハウステンボス
611742,DEM1A,492946,FG-GML-492946-DEM1A-20250609.zip,49605,50795520,2025/06/09,/kiban/app/api/download/file/611742,ハウステンボス
616671,DEM5A,492946,FG-GML-492946-DEM5A-20250620.zip,2444,2502656,2025/06/20,/kiban/app/api/download/file/616671,ハウステンボス
537543,DEM10B,492947,FG-GML-492947-DEM10B-20161001.zip,1443,1477632,2016/10/01,/kiban/app/api/download/file/537543,ハウステンボス
611743,DEM1A,492947,FG-GML-492947-DEM1A-20250609.zip,105602,108136448,2025/06/09,/kiban/app/api/download/file/611743,ハウステンボス
616672,DEM5A,492947,FG-GML-492947-DEM5A-20250620.zip,5202,5326848,2025/06/20,/kiban/app/api/download/file/616672,ハウステンボス
537548,DEM10B,492955,FG-GML-492955-DEM10B-20161001.zip,652,667648,2016/10/01,/kiban/app/api/download/file/537548,ハウステンボス
611748,DEM1A,492955,FG-GML-492955-DEM1A-20250609.zip,65210,66775040,2025/06/09,/kiban/app/api/download/file/611748,ハウステンボス
616677,DEM5A,492955,FG-GML-492955-DEM5A-20250620.zip,3039,3111936,2025/06/20,/kiban/app/api/download/file/616677,ハウステンボス
614894,DEM5B,492955,FG-GML-492955-DEM5B-20250609.zip,10,10240,2025/06/09,/kiban/app/api/download/file/614894,ハウステンボス
537549,DEM10B,492956,FG-GML-492956-DEM10B-20161001.zip,1645,1684480,2016/10/01,/kiban/app/api/download/file/537549,ハウステンボス
611749,DEM1A,492956,FG-GML-492956-DEM1A-20250609.zip,168323,172362752,2025/06/09,/kiban/app/api/download/file/611749,ハウステンボス
616678,DEM5A,492956,FG-GML-492956-DEM5A-20250620.zip,7560,7741440,2025/06/20,/kiban/app/api/download/file/616678,ハウステンボス
537550,DEM10B,492957,FG-GML-492957-DEM10B-20161001.zip,1805,1848320,2016/10/01,/kiban/app/api/download/file/537550,ハウステンボス
611750,DEM1A,492957,FG-GML-492957-DEM1A-20250609.zip,168089,172123136,2025/06/09,/kiban/app/api/download/file/611750,ハウステンボス
616679,DEM5A,492957,FG-GML-492957-DEM5A-20250620.zip,7165,7336960,2025/06/20,/kiban/app/api/download/file/616679,ハウステンボス
537556,DEM10B,492965,FG-GML-492965-DEM10B-20161001.zip,1647,1686528,2016/10/01,/kiban/app/api/download/file/537556,ハウステンボス
611756,DEM1A,492965,FG-GML-492965-DEM1A-20250609.zip,179811,184126464,2025/06/09,/kiban/app/api/download/file/611756,ハウステンボス
616685,DEM5A,492965,FG-GML-492965-DEM5A-20250620.zip,7926,8116224,2025/06/20,/kiban/app/api/download/file/616685,ハウステンボス
537557,DEM10B,492966,FG-GML-492966-DEM10B-20161001.zip,1932,1978368,2016/10/01,/kiban/app/api/download/file/537557,ハウステンボス
611757,DEM1A,492966,FG-GML-492966-DEM1A-20250609.zip,205217,210142208,2025/06/09,/kiban/app/api/download/file/611757,ハウステンボス
616686,DEM5A,492966,FG-GML-492966-DEM5A-20250620.zip,8933,9147392,2025/06/20,/kiban/app/api/download/file/616686,ハウステンボス
546456,DEM5B,492966,FG-GML-492966-DEM5B-20180226.zip,937,959488,2018/02/26,/kiban/app/api/download/file/546456,ハウステンボス
537562,DEM10B,492973,FG-GML-492973-DEM10B-20161001.zip,1146,1173504,2016/10/01,/kiban/app/api/download/file/537562,平戸城
611761,DEM1A,492973,FG-GML-492973-DEM1A-20250609.zip,75113,76915712,2025/06/09,/kiban/app/api/download/file/611761,平戸城
616690,DEM5A,492973,FG-GML-492973-DEM5A-20250620.zip,3889,3982336,2025/06/20,/kiban/app/api/download/file/616690,平戸城
615828,DEM5C,492973,FG-GML-492973-DEM5C-20250605.zip,12,12288,2025/06/05,/kiban/app/api/download/file/615828,平戸城
537563,DEM10B,492974,FG-GML-492974-DEM10B-20161001.zip,946,968704,2016/10/01,/kiban/app/api/download/file/537563,平戸城
611762,DEM1A,492974,FG-GML-492974-DEM1A-20250609.zip,82679,84663296,2025/06/09,/kiban/app/api/download/file/611762,平戸城
616691,DEM5A,492974,FG-GML-492974-DEM5A-20250620.zip,3893,3986432,2025/06/20,/kiban/app/api/download/file/616691,平戸城
614900,DEM5B,492974,FG-GML-492974-DEM5B-20250609.zip,2,2048,2025/06/09,/kiban/app/api/download/file/614900,平戸城
615829,DEM5C,492974,FG-GML-492974-DEM5C-20250605.zip,192,196608,2025/06/05,/kiban/app/api/download/file/615829,平戸城
537564,DEM10B,492975,FG-GML-492975-DEM10B-20161001.zip,1836,1880064,2016/10/01,/kiban/app/api/download/file/537564,平戸城
611763,DEM1A,492975,FG-GML-492975-DEM1A-20250609.zip,179186,183486464,2025/06/09,/kiban/app/api/download/file/611763,平戸城
616692,DEM5A,492975,FG-GML-492975-DEM5A-20250620.zip,8109,8303616,2025/06/20,/kiban/app/api/download/file/616692,平戸城
536933,DEM10A,493002,FG-GML-493002-DEM10A-20161001.zip,342,350208,2016/10/01,/kiban/app/api/download/file/536933,島原城
537568,DEM10B,493002,FG-GML-493002-DEM10B-20161001.zip,1646,1685504,2016/10/01,/kiban/app/api/download/file/537568,島原城
685466,DEM1A,493002,FG-GML-493002-DEM1A-20251208.zip,125938,128960512,2025/12/08,/kiban/app/api/download/file/685466,島原城
686502,DEM5A,493002,FG-GML-493002-DEM5A-20251208.zip,6401,6554624,2025/12/08,/kiban/app/api/download/file/686502,島原城
536934,DEM10A,493003,FG-GML-493003-DEM10A-20161001.zip,11,11264,2016/10/01,/kiban/app/api/download/file/536934,島原城
537569,DEM10B,493003,FG-GML-493003-DEM10B-20161001.zip,44,45056,2016/10/01,/kiban/app/api/download/file/537569,島原城
685467,DEM1A,493003,FG-GML-493003-DEM1A-20251208.zip,275,281600,2025/12/08,/kiban/app/api/download/file/685467,島原城
686503,DEM5A,493003,FG-GML-493003-DEM5A-20251208.zip,17,17408,2025/12/08,/kiban/app/api/download/file/686503,島原城
537570,DEM10B,493004,FG-GML-493004-DEM10B-20161001.zip,514,526336,2016/10/01,/kiban/app/api/download/file/537570,熊本城
717679,DEM1A,493004,FG-GML-493004-DEM1A-20260603.zip,29385,30090240,2026/06/03,/kiban/app/api/download/file/717679,熊本城
719937,DEM5A,493004,FG-GML-493004-DEM5A-20260603.zip,1874,1918976,2026/06/03,/kiban/app/api/download/file/719937,熊本城
614901,DEM5B,493004,FG-GML-493004-DEM5B-20250609.zip,1838,1882112,2025/06/09,/kiban/app/api/download/file/614901,熊本城
537571,DEM10B,493005,FG-GML-493005-DEM10B-20161001.zip,686,702464,2016/10/01,/kiban/app/api/download/file/537571,熊本城
717680,DEM1A,493005,FG-GML-493005-DEM1A-20260603.zip,71388,73101312,2026/06/03,/kiban/app/api/download/file/717680,熊本城
719938,DEM5A,493005,FG-GML-493005-DEM5A-20260603.zip,4372,4476928,2026/06/03,/kiban/app/api/download/file/719938,熊本城
614902,DEM5B,493005,FG-GML-493005-DEM5B-20250609.zip,182,186368,2025/06/09,/kiban/app/api/download/file/614902,熊本城
537572,DEM10B,493006,FG-GML-493006-DEM10B-20161001.zip,1542,1579008,2016/10/01,/kiban/app/api/download/file/537572,熊本城
717681,DEM1A,493006,FG-GML-493006-DEM1A-20260603.zip,52824,54091776,2026/06/03,/kiban/app/api/download/file/717681,熊本城
719939,DEM5A,493006,FG-GML-493006-DEM5A-20260603.zip,6133,6280192,2026/06/03,/kiban/app/api/download/file/719939,熊本城
729261,DEM5B,493006,FG-GML-493006-DEM5B-20161001.zip,3347,3427328,2016/10/01,/kiban/app/api/download/file/729261,熊本城
536935,DEM10A,493012,FG-GML-493012-DEM10A-20161001.zip,1207,1235968,2016/10/01,/kiban/app/api/download/file/536935,島原城
537576,DEM10B,493012,FG-GML-493012-DEM10B-20161001.zip,1850,1894400,2016/10/01,/kiban/app/api/download/file/537576,島原城
685469,DEM1A,493012,FG-GML-493012-DEM1A-20251208.zip,113573,116298752,2025/12/08,/kiban/app/api/download/file/685469,島原城
686505,DEM5A,493012,FG-GML-493012-DEM5A-20251208.zip,6089,6235136,2025/12/08,/kiban/app/api/download/file/686505,島原城
536936,DEM10A,493013,FG-GML-493013-DEM10A-20161001.zip,40,40960,2016/10/01,/kiban/app/api/download/file/536936,島原城
537577,DEM10B,493013,FG-GML-493013-DEM10B-20161001.zip,52,53248,2016/10/01,/kiban/app/api/download/file/537577,島原城
685470,DEM1A,493013,FG-GML-493013-DEM1A-20251208.zip,759,777216,2025/12/08,/kiban/app/api/download/file/685470,島原城
686506,DEM5A,493013,FG-GML-493013-DEM5A-20251208.zip,53,54272,2025/12/08,/kiban/app/api/download/file/686506,島原城
537578,DEM10B,493014,FG-GML-493014-DEM10B-20161001.zip,314,321536,2016/10/01,/kiban/app/api/download/file/537578,熊本城
663515,DEM1A,493014,FG-GML-493014-DEM1A-20250908.zip,14986,15345664,2025/09/08,/kiban/app/api/download/file/663515,熊本城
662037,DEM5A,493014,FG-GML-493014-DEM5A-20250908.zip,1054,1079296,2025/09/08,/kiban/app/api/download/file/662037,熊本城
614904,DEM5B,493014,FG-GML-493014-DEM5B-20250609.zip,988,1011712,2025/06/09,/kiban/app/api/download/file/614904,熊本城
537579,DEM10B,493015,FG-GML-493015-DEM10B-20161001.zip,925,947200,2016/10/01,/kiban/app/api/download/file/537579,熊本城
663516,DEM1A,493015,FG-GML-493015-DEM1A-20250908.zip,71949,73675776,2025/09/08,/kiban/app/api/download/file/663516,熊本城
662038,DEM5A,493015,FG-GML-493015-DEM5A-20250908.zip,4228,4329472,2025/09/08,/kiban/app/api/download/file/662038,熊本城
614905,DEM5B,493015,FG-GML-493015-DEM5B-20250609.zip,2838,2906112,2025/06/09,/kiban/app/api/download/file/614905,熊本城
537580,DEM10B,493016,FG-GML-493016-DEM10B-20161001.zip,1240,1269760,2016/10/01,/kiban/app/api/download/file/537580,熊本城
717683,DEM1A,493016,FG-GML-493016-DEM1A-20260603.zip,108254,110852096,2026/06/03,/kiban/app/api/download/file/717683,熊本城
719941,DEM5A,493016,FG-GML-493016-DEM5A-20260603.zip,5718,5855232,2026/06/03,/kiban/app/api/download/file/719941,熊本城
729264,DEM5B,493016,FG-GML-493016-DEM5B-20161001.zip,1228,1257472,2016/10/01,/kiban/app/api/download/file/729264,熊本城
537584,DEM10B,493022,FG-GML-493022-DEM10B-20161001.zip,530,542720,2016/10/01,/kiban/app/api/download/file/537584,島原城
685473,DEM1A,493022,FG-GML-493022-DEM1A-20251208.zip,25871,26491904,2025/12/08,/kiban/app/api/download/file/685473,島原城
686509,DEM5A,493022,FG-GML-493022-DEM5A-20251208.zip,1614,1652736,2025/12/08,/kiban/app/api/download/file/686509,島原城
615833,DEM5C,493022,FG-GML-493022-DEM5C-20250605.zip,195,199680,2025/06/05,/kiban/app/api/download/file/615833,島原城
537585,DEM10B,493023,FG-GML-493023-DEM10B-20161001.zip,79,80896,2016/10/01,/kiban/app/api/download/file/537585,島原城
663517,DEM1A,493023,FG-GML-493023-DEM1A-20250908.zip,5084,5206016,2025/09/08,/kiban/app/api/download/file/663517,島原城
662039,DEM5A,493023,FG-GML-493023-DEM5A-20250908.zip,167,171008,2025/09/08,/kiban/app/api/download/file/662039,島原城
614906,DEM5B,493023,FG-GML-493023-DEM5B-20250609.zip,252,258048,2025/06/09,/kiban/app/api/download/file/614906,島原城
537586,DEM10B,493024,FG-GML-493024-DEM10B-20161001.zip,863,883712,2016/10/01,/kiban/app/api/download/file/537586,熊本城
663518,DEM1A,493024,FG-GML-493024-DEM1A-20250908.zip,44965,46044160,2025/09/08,/kiban/app/api/download/file/663518,熊本城
662040,DEM5A,493024,FG-GML-493024-DEM5A-20250908.zip,3320,3399680,2025/09/08,/kiban/app/api/download/file/662040,熊本城
614907,DEM5B,493024,FG-GML-493024-DEM5B-20250609.zip,4197,4297728,2025/06/09,/kiban/app/api/download/file/614907,熊本城
537587,DEM10B,493025,FG-GML-493025-DEM10B-20161001.zip,1527,1563648,2016/10/01,/kiban/app/api/download/file/537587,熊本城
663519,DEM1A,493025,FG-GML-493025-DEM1A-20250908.zip,87414,89511936,2025/09/08,/kiban/app/api/download/file/663519,熊本城
662041,DEM5A,493025,FG-GML-493025-DEM5A-20250908.zip,5098,5220352,2025/09/08,/kiban/app/api/download/file/662041,熊本城
614908,DEM5B,493025,FG-GML-493025-DEM5B-20250609.zip,4429,4535296,2025/06/09,/kiban/app/api/download/file/614908,熊本城
537588,DEM10B,493026,FG-GML-493026-DEM10B-20161001.zip,1109,1135616,2016/10/01,/kiban/app/api/download/file/537588,熊本城
717685,DEM1A,493026,FG-GML-493026-DEM1A-20260603.zip,37159,38050816,2026/06/03,/kiban/app/api/download/file/717685,熊本城
719943,DEM5A,493026,FG-GML-493026-DEM5A-20260603.zip,4338,4442112,2026/06/03,/kiban/app/api/download/file/719943,熊本城
614909,DEM5B,493026,FG-GML-493026-DEM5B-20250609.zip,1648,1687552,2025/06/09,/kiban/app/api/download/file/614909,熊本城
537589,DEM10B,493027,FG-GML-493027-DEM10B-20161001.zip,1842,1886208,2016/10/01,/kiban/app/api/download/file/537589,阿蘇山
717686,DEM1A,493027,FG-GML-493027-DEM1A-20260603.zip,59051,60468224,2026/06/03,/kiban/app/api/download/file/717686,阿蘇山
719944,DEM5A,493027,FG-GML-493027-DEM5A-20260603.zip,7053,7222272,2026/06/03,/kiban/app/api/download/file/719944,阿蘇山
537607,DEM10B,493052,FG-GML-493052-DEM10B-20161001.zip,82,83968,2016/10/01,/kiban/app/api/download/file/537607,佐賀城
611799,DEM1A,493052,FG-GML-493052-DEM1A-20250515.zip,16518,16914432,2025/05/15,/kiban/app/api/download/file/611799,佐賀城
616734,DEM5A,493052,FG-GML-493052-DEM5A-20250620.zip,865,885760,2025/06/20,/kiban/app/api/download/file/616734,佐賀城
614915,DEM5B,493052,FG-GML-493052-DEM5B-20250609.zip,3,3072,2025/06/09,/kiban/app/api/download/file/614915,佐賀城
537614,DEM10B,493061,FG-GML-493061-DEM10B-20161001.zip,468,479232,2016/10/01,/kiban/app/api/download/file/537614,佐賀城
611806,DEM1A,493061,FG-GML-493061-DEM1A-20250515.zip,38467,39390208,2025/05/15,/kiban/app/api/download/file/611806,佐賀城
616741,DEM5A,493061,FG-GML-493061-DEM5A-20250620.zip,3099,3173376,2025/06/20,/kiban/app/api/download/file/616741,佐賀城
729275,DEM5B,493061,FG-GML-493061-DEM5B-20161001.zip,1380,1413120,2016/10/01,/kiban/app/api/download/file/729275,佐賀城
537615,DEM10B,493062,FG-GML-493062-DEM10B-20161001.zip,178,182272,2016/10/01,/kiban/app/api/download/file/537615,佐賀城
611807,DEM1A,493062,FG-GML-493062-DEM1A-20250515.zip,74161,75940864,2025/05/15,/kiban/app/api/download/file/611807,佐賀城
616742,DEM5A,493062,FG-GML-493062-DEM5A-20250620.zip,4043,4140032,2025/06/20,/kiban/app/api/download/file/616742,佐賀城
729276,DEM5B,493062,FG-GML-493062-DEM5B-20091001.zip,3889,3982336,2009/10/01,/kiban/app/api/download/file/729276,佐賀城
537616,DEM10B,493063,FG-GML-493063-DEM10B-20161001.zip,263,269312,2016/10/01,/kiban/app/api/download/file/537616,佐賀城
611808,DEM1A,493063,FG-GML-493063-DEM1A-20250515.zip,90899,93080576,2025/05/15,/kiban/app/api/download/file/611808,佐賀城
616743,DEM5A,493063,FG-GML-493063-DEM5A-20250620.zip,4432,4538368,2025/06/20,/kiban/app/api/download/file/616743,佐賀城
729277,DEM5B,493063,FG-GML-493063-DEM5B-20091001.zip,4281,4383744,2009/10/01,/kiban/app/api/download/file/729277,佐賀城
537622,DEM10B,493071,FG-GML-493071-DEM10B-20161001.zip,1342,1374208,2016/10/01,/kiban/app/api/download/file/537622,佐賀城
611814,DEM1A,493071,FG-GML-493071-DEM1A-20250515.zip,132200,135372800,2025/05/15,/kiban/app/api/download/file/611814,佐賀城
616749,DEM5A,493071,FG-GML-493071-DEM5A-20250620.zip,5223,5348352,2025/06/20,/kiban/app/api/download/file/616749,佐賀城
537623,DEM10B,493072,FG-GML-493072-DEM10B-20161001.zip,428,438272,2016/10/01,/kiban/app/api/download/file/537623,佐賀城
611815,DEM1A,493072,FG-GML-493072-DEM1A-20250515.zip,99162,101541888,2025/05/15,/kiban/app/api/download/file/611815,佐賀城
616750,DEM5A,493072,FG-GML-493072-DEM5A-20250620.zip,5099,5221376,2025/06/20,/kiban/app/api/download/file/616750,佐賀城
729278,DEM5B,493072,FG-GML-493072-DEM5B-20091001.zip,4841,4957184,2009/10/01,/kiban/app/api/download/file/729278,佐賀城
537624,DEM10B,493073,FG-GML-493073-DEM10B-20161001.zip,311,318464,2016/10/01,/kiban/app/api/download/file/537624,佐賀城
611816,DEM1A,493073,FG-GML-493073-DEM1A-20250515.zip,89741,91894784,2025/05/15,/kiban/app/api/download/file/611816,佐賀城
616751,DEM5A,493073,FG-GML-493073-DEM5A-20250620.zip,4590,4700160,2025/06/20,/kiban/app/api/download/file/616751,佐賀城
729279,DEM5B,493073,FG-GML-493073-DEM5B-20091001.zip,4587,4697088,2009/10/01,/kiban/app/api/download/file/729279,佐賀城
537631,DEM10B,493102,FG-GML-493102-DEM10B-20161001.zip,2014,2062336,2016/10/01,/kiban/app/api/download/file/537631,祖母山
616758,DEM5A,493102,FG-GML-493102-DEM5A-20250620.zip,9470,9697280,2025/06/20,/kiban/app/api/download/file/616758,祖母山
537632,DEM10B,493103,FG-GML-493103-DEM10B-20161001.zip,2198,2250752,2016/10/01,/kiban/app/api/download/file/537632,祖母山
616759,DEM5A,493103,FG-GML-493103-DEM5A-20250620.zip,10104,10346496,2025/06/20,/kiban/app/api/download/file/616759,祖母山
537634,DEM10B,493105,FG-GML-493105-DEM10B-20161001.zip,1940,1986560,2016/10/01,/kiban/app/api/download/file/537634,延岡城跡
616761,DEM5A,493105,FG-GML-493105-DEM5A-20250620.zip,9492,9719808,2025/06/20,/kiban/app/api/download/file/616761,延岡城跡
537637,DEM10B,493110,FG-GML-493110-DEM10B-20161001.zip,1798,1841152,2016/10/01,/kiban/app/api/download/file/537637,阿蘇山
685482,DEM1A,493110,FG-GML-493110-DEM1A-20251208.zip,79546,81455104,2025/12/08,/kiban/app/api/download/file/685482,阿蘇山
686518,DEM5A,493110,FG-GML-493110-DEM5A-20251208.zip,6985,7152640,2025/12/08,/kiban/app/api/download/file/686518,阿蘇山
537638,DEM10B,493111,FG-GML-493111-DEM10B-20161001.zip,1896,1941504,2016/10/01,/kiban/app/api/download/file/537638,阿蘇山|祖母山
685483,DEM1A,493111,FG-GML-493111-DEM1A-20251208.zip,10555,10808320,2025/12/08,/kiban/app/api/download/file/685483,阿蘇山|祖母山
686519,DEM5A,493111,FG-GML-493111-DEM5A-20251208.zip,6603,6761472,2025/12/08,/kiban/app/api/download/file/686519,阿蘇山|祖母山
537639,DEM10B,493112,FG-GML-493112-DEM10B-20161001.zip,2114,2164736,2016/10/01,/kiban/app/api/download/file/537639,祖母山
685484,DEM1A,493112,FG-GML-493112-DEM1A-20251208.zip,13035,13347840,2025/12/08,/kiban/app/api/download/file/685484,祖母山
686520,DEM5A,493112,FG-GML-493112-DEM5A-20251208.zip,8859,9071616,2025/12/08,/kiban/app/api/download/file/686520,祖母山
537640,DEM10B,493113,FG-GML-493113-DEM10B-20161001.zip,2198,2250752,2016/10/01,/kiban/app/api/download/file/537640,祖母山
663531,DEM1A,493113,FG-GML-493113-DEM1A-20250908.zip,27023,27671552,2025/09/08,/kiban/app/api/download/file/663531,祖母山
662053,DEM5A,493113,FG-GML-493113-DEM5A-20250908.zip,10017,10257408,2025/09/08,/kiban/app/api/download/file/662053,祖母山
536937,DEM10A,493120,FG-GML-493120-DEM10A-20161001.zip,327,334848,2016/10/01,/kiban/app/api/download/file/536937,阿蘇山
537645,DEM10B,493120,FG-GML-493120-DEM10B-20161001.zip,1986,2033664,2016/10/01,/kiban/app/api/download/file/537645,阿蘇山
685485,DEM1A,493120,FG-GML-493120-DEM1A-20251208.zip,171167,175275008,2025/12/08,/kiban/app/api/download/file/685485,阿蘇山
686521,DEM5A,493120,FG-GML-493120-DEM5A-20251208.zip,8004,8196096,2025/12/08,/kiban/app/api/download/file/686521,阿蘇山
537646,DEM10B,493121,FG-GML-493121-DEM10B-20161001.zip,1831,1874944,2016/10/01,/kiban/app/api/download/file/537646,阿蘇山|祖母山
685486,DEM1A,493121,FG-GML-493121-DEM1A-20251208.zip,42342,43358208,2025/12/08,/kiban/app/api/download/file/685486,阿蘇山|祖母山
686522,DEM5A,493121,FG-GML-493121-DEM5A-20251208.zip,6421,6575104,2025/12/08,/kiban/app/api/download/file/686522,阿蘇山|祖母山
537647,DEM10B,493122,FG-GML-493122-DEM10B-20161001.zip,1942,1988608,2016/10/01,/kiban/app/api/download/file/537647,祖母山
685487,DEM1A,493122,FG-GML-493122-DEM1A-20251208.zip,125453,128463872,2025/12/08,/kiban/app/api/download/file/685487,祖母山
686523,DEM5A,493122,FG-GML-493122-DEM5A-20251208.zip,7506,7686144,2025/12/08,/kiban/app/api/download/file/686523,祖母山
537648,DEM10B,493123,FG-GML-493123-DEM10B-20161001.zip,2098,2148352,2016/10/01,/kiban/app/api/download/file/537648,祖母山
685488,DEM1A,493123,FG-GML-493123-DEM1A-20251208.zip,162716,166621184,2025/12/08,/kiban/app/api/download/file/685488,祖母山
686524,DEM5A,493123,FG-GML-493123-DEM5A-20251208.zip,7623,7805952,2025/12/08,/kiban/app/api/download/file/686524,祖母山
537653,DEM10B,493130,FG-GML-493130-DEM10B-20161001.zip,1332,1363968,2016/10/01,/kiban/app/api/download/file/537653,阿蘇山
685489,DEM1A,493130,FG-GML-493130-DEM1A-20251208.zip,116459,119254016,2025/12/08,/kiban/app/api/download/file/685489,阿蘇山
686525,DEM5A,493130,FG-GML-493130-DEM5A-20251208.zip,5991,6134784,2025/12/08,/kiban/app/api/download/file/686525,阿蘇山
537654,DEM10B,493131,FG-GML-493131-DEM10B-20161001.zip,1724,1765376,2016/10/01,/kiban/app/api/download/file/537654,阿蘇山|九重山（久住山）
685490,DEM1A,493131,FG-GML-493131-DEM1A-20251208.zip,28404,29085696,2025/12/08,/kiban/app/api/download/file/685490,阿蘇山|九重山（久住山）
686526,DEM5A,493131,FG-GML-493131-DEM5A-20251208.zip,5907,6048768,2025/12/08,/kiban/app/api/download/file/686526,阿蘇山|九重山（久住山）
537655,DEM10B,493132,FG-GML-493132-DEM10B-20161001.zip,1838,1882112,2016/10/01,/kiban/app/api/download/file/537655,九重山（久住山）|祖母山
685491,DEM1A,493132,FG-GML-493132-DEM1A-20251208.zip,145687,149183488,2025/12/08,/kiban/app/api/download/file/685491,九重山（久住山）|祖母山
686527,DEM5A,493132,FG-GML-493132-DEM5A-20251208.zip,7161,7332864,2025/12/08,/kiban/app/api/download/file/686527,九重山（久住山）|祖母山
536938,DEM10A,493141,FG-GML-493141-DEM10A-20161001.zip,244,249856,2016/10/01,/kiban/app/api/download/file/536938,九重山（久住山）
537662,DEM10B,493141,FG-GML-493141-DEM10B-20161001.zip,1862,1906688,2016/10/01,/kiban/app/api/download/file/537662,九重山（久住山）
685496,DEM1A,493141,FG-GML-493141-DEM1A-20251208.zip,83074,85067776,2025/12/08,/kiban/app/api/download/file/685496,九重山（久住山）
686532,DEM5A,493141,FG-GML-493141-DEM5A-20251208.zip,6613,6771712,2025/12/08,/kiban/app/api/download/file/686532,九重山（久住山）
536939,DEM10A,493142,FG-GML-493142-DEM10A-20161001.zip,346,354304,2016/10/01,/kiban/app/api/download/file/536939,九重山（久住山）
537663,DEM10B,493142,FG-GML-493142-DEM10B-20161001.zip,1861,1905664,2016/10/01,/kiban/app/api/download/file/537663,九重山（久住山）
611828,DEM1A,493142,FG-GML-493142-DEM1A-20250515.zip,116726,119527424,2025/05/15,/kiban/app/api/download/file/611828,九重山（久住山）
616790,DEM5A,493142,FG-GML-493142-DEM5A-20250620.zip,6090,6236160,2025/06/20,/kiban/app/api/download/file/616790,九重山（久住山）
536940,DEM10A,493151,FG-GML-493151-DEM10A-20161001.zip,550,563200,2016/10/01,/kiban/app/api/download/file/536940,九重山（久住山）
537670,DEM10B,493151,FG-GML-493151-DEM10B-20161001.zip,1997,2044928,2016/10/01,/kiban/app/api/download/file/537670,九重山（久住山）
611833,DEM1A,493151,FG-GML-493151-DEM1A-20250515.zip,214340,219484160,2025/05/15,/kiban/app/api/download/file/611833,九重山（久住山）
616797,DEM5A,493151,FG-GML-493151-DEM5A-20250620.zip,8527,8731648,2025/06/20,/kiban/app/api/download/file/616797,九重山（久住山）
536941,DEM10A,493152,FG-GML-493152-DEM10A-20161001.zip,797,816128,2016/10/01,/kiban/app/api/download/file/536941,九重山（久住山）
537671,DEM10B,493152,FG-GML-493152-DEM10B-20161001.zip,2091,2141184,2016/10/01,/kiban/app/api/download/file/537671,九重山（久住山）
611834,DEM1A,493152,FG-GML-493152-DEM1A-20250515.zip,82240,84213760,2025/05/15,/kiban/app/api/download/file/611834,九重山（久住山）
616798,DEM5A,493152,FG-GML-493152-DEM5A-20250620.zip,7405,7582720,2025/06/20,/kiban/app/api/download/file/616798,九重山（久住山）
537673,DEM10B,493154,FG-GML-493154-DEM10B-20161001.zip,2015,2063360,2016/10/01,/kiban/app/api/download/file/537673,大分府内城跡
717700,DEM1A,493154,FG-GML-493154-DEM1A-20260522.zip,225296,230703104,2026/05/22,/kiban/app/api/download/file/717700,大分府内城跡
719958,DEM5A,493154,FG-GML-493154-DEM5A-20260522.zip,9141,9360384,2026/05/22,/kiban/app/api/download/file/719958,大分府内城跡
614920,DEM5B,493154,FG-GML-493154-DEM5B-20250609.zip,101,103424,2025/06/09,/kiban/app/api/download/file/614920,大分府内城跡
537674,DEM10B,493155,FG-GML-493155-DEM10B-20161001.zip,1753,1795072,2016/10/01,/kiban/app/api/download/file/537674,大分府内城跡
717701,DEM1A,493155,FG-GML-493155-DEM1A-20260522.zip,180986,185329664,2026/05/22,/kiban/app/api/download/file/717701,大分府内城跡
719959,DEM5A,493155,FG-GML-493155-DEM5A-20260522.zip,8180,8376320,2026/05/22,/kiban/app/api/download/file/719959,大分府内城跡
729280,DEM5B,493155,FG-GML-493155-DEM5B-20100801.zip,6596,6754304,2010/08/01,/kiban/app/api/download/file/729280,大分府内城跡
537678,DEM10B,493161,FG-GML-493161-DEM10B-20161001.zip,1967,2014208,2016/10/01,/kiban/app/api/download/file/537678,九重山（久住山）
611839,DEM1A,493161,FG-GML-493161-DEM1A-20250515.zip,215131,220294144,2025/05/15,/kiban/app/api/download/file/611839,九重山（久住山）
616805,DEM5A,493161,FG-GML-493161-DEM5A-20250620.zip,8858,9070592,2025/06/20,/kiban/app/api/download/file/616805,九重山（久住山）
537679,DEM10B,493162,FG-GML-493162-DEM10B-20161001.zip,2026,2074624,2016/10/01,/kiban/app/api/download/file/537679,九重山（久住山）
611840,DEM1A,493162,FG-GML-493162-DEM1A-20250515.zip,72255,73989120,2025/05/15,/kiban/app/api/download/file/611840,九重山（久住山）
616806,DEM5A,493162,FG-GML-493162-DEM5A-20250620.zip,7679,7863296,2025/06/20,/kiban/app/api/download/file/616806,九重山（久住山）
729283,DEM5B,493162,FG-GML-493162-DEM5B-20161001.zip,1564,1601536,2016/10/01,/kiban/app/api/download/file/729283,九重山（久住山）
537680,DEM10B,493163,FG-GML-493163-DEM10B-20161001.zip,1952,1998848,2016/10/01,/kiban/app/api/download/file/537680,別府タワー
717704,DEM1A,493163,FG-GML-493163-DEM1A-20260522.zip,180,184320,2026/05/22,/kiban/app/api/download/file/717704,別府タワー
719962,DEM5A,493163,FG-GML-493163-DEM5A-20260522.zip,6603,6761472,2026/05/22,/kiban/app/api/download/file/719962,別府タワー
729287,DEM5B,493163,FG-GML-493163-DEM5B-20170314.zip,4908,5025792,2017/03/14,/kiban/app/api/download/file/729287,別府タワー
537681,DEM10B,493164,FG-GML-493164-DEM10B-20161001.zip,1386,1419264,2016/10/01,/kiban/app/api/download/file/537681,大分府内城跡|別府タワー
717705,DEM1A,493164,FG-GML-493164-DEM1A-20260522.zip,61846,63330304,2026/05/22,/kiban/app/api/download/file/717705,大分府内城跡|別府タワー
719963,DEM5A,493164,FG-GML-493164-DEM5A-20260522.zip,6923,7089152,2026/05/22,/kiban/app/api/download/file/719963,大分府内城跡|別府タワー
729288,DEM5B,493164,FG-GML-493164-DEM5B-20080331.zip,5240,5365760,2008/03/31,/kiban/app/api/download/file/729288,大分府内城跡|別府タワー
537682,DEM10B,493165,FG-GML-493165-DEM10B-20161001.zip,1297,1328128,2016/10/01,/kiban/app/api/download/file/537682,大分府内城跡
717706,DEM1A,493165,FG-GML-493165-DEM1A-20260522.zip,136149,139416576,2026/05/22,/kiban/app/api/download/file/717706,大分府内城跡
719964,DEM5A,493165,FG-GML-493165-DEM5A-20260522.zip,7509,7689216,2026/05/22,/kiban/app/api/download/file/719964,大分府内城跡
729289,DEM5B,493165,FG-GML-493165-DEM5B-20080331.zip,7591,7773184,2008/03/31,/kiban/app/api/download/file/729289,大分府内城跡
536943,DEM10A,493173,FG-GML-493173-DEM10A-20161001.zip,1734,1775616,2016/10/01,/kiban/app/api/download/file/536943,別府タワー
537688,DEM10B,493173,FG-GML-493173-DEM10B-20161001.zip,2033,2081792,2016/10/01,/kiban/app/api/download/file/537688,別府タワー
611844,DEM1A,493173,FG-GML-493173-DEM1A-20250515.zip,60241,61686784,2025/05/15,/kiban/app/api/download/file/611844,別府タワー
616815,DEM5A,493173,FG-GML-493173-DEM5A-20250620.zip,7035,7203840,2025/06/20,/kiban/app/api/download/file/616815,別府タワー
614923,DEM5B,493173,FG-GML-493173-DEM5B-20250609.zip,378,387072,2025/06/09,/kiban/app/api/download/file/614923,別府タワー
537689,DEM10B,493174,FG-GML-493174-DEM10B-20161001.zip,239,244736,2016/10/01,/kiban/app/api/download/file/537689,大分府内城跡|別府タワー
611845,DEM1A,493174,FG-GML-493174-DEM1A-20250515.zip,1180,1208320,2025/05/15,/kiban/app/api/download/file/611845,大分府内城跡|別府タワー
616816,DEM5A,493174,FG-GML-493174-DEM5A-20250620.zip,952,974848,2025/06/20,/kiban/app/api/download/file/616816,大分府内城跡|別府タワー
729292,DEM5B,493174,FG-GML-493174-DEM5B-20080331.zip,142,145408,2008/03/31,/kiban/app/api/download/file/729292,大分府内城跡|別府タワー
537690,DEM10B,493175,FG-GML-493175-DEM10B-20161001.zip,85,87040,2016/10/01,/kiban/app/api/download/file/537690,大分府内城跡
717709,DEM1A,493175,FG-GML-493175-DEM1A-20260522.zip,13619,13945856,2026/05/22,/kiban/app/api/download/file/717709,大分府内城跡
719967,DEM5A,493175,FG-GML-493175-DEM5A-20260522.zip,1071,1096704,2026/05/22,/kiban/app/api/download/file/719967,大分府内城跡
729293,DEM5B,493175,FG-GML-493175-DEM5B-20080331.zip,1082,1107968,2008/03/31,/kiban/app/api/download/file/729293,大分府内城跡
537724,DEM10B,493253,FG-GML-493253-DEM10B-20161001.zip,669,685056,2016/10/01,/kiban/app/api/download/file/537724,宇和島城
611867,DEM1A,493253,FG-GML-493253-DEM1A-20250515.zip,69214,70875136,2025/05/15,/kiban/app/api/download/file/611867,宇和島城
616851,DEM5A,493253,FG-GML-493253-DEM5A-20250620.zip,2324,2379776,2025/06/20,/kiban/app/api/download/file/616851,宇和島城
614938,DEM5B,493253,FG-GML-493253-DEM5B-20250609.zip,519,531456,2025/06/09,/kiban/app/api/download/file/614938,宇和島城
537725,DEM10B,493254,FG-GML-493254-DEM10B-20161001.zip,1932,1978368,2016/10/01,/kiban/app/api/download/file/537725,宇和島城
611868,DEM1A,493254,FG-GML-493254-DEM1A-20250515.zip,224000,229376000,2025/05/15,/kiban/app/api/download/file/611868,宇和島城
616852,DEM5A,493254,FG-GML-493254-DEM5A-20250620.zip,7155,7326720,2025/06/20,/kiban/app/api/download/file/616852,宇和島城
729296,DEM5B,493254,FG-GML-493254-DEM5B-20210115.zip,5297,5424128,2021/01/15,/kiban/app/api/download/file/729296,宇和島城
537726,DEM10B,493255,FG-GML-493255-DEM10B-20161001.zip,2109,2159616,2016/10/01,/kiban/app/api/download/file/537726,宇和島城
685512,DEM1A,493255,FG-GML-493255-DEM1A-20251208.zip,234522,240150528,2025/12/08,/kiban/app/api/download/file/685512,宇和島城
686548,DEM5A,493255,FG-GML-493255-DEM5A-20251208.zip,7828,8015872,2025/12/08,/kiban/app/api/download/file/686548,宇和島城
729297,DEM5C,493255,FG-GML-493255-DEM5C-20200117.zip,103,105472,2020/01/17,/kiban/app/api/download/file/729297,宇和島城
537730,DEM10B,493263,FG-GML-493263-DEM10B-20161001.zip,353,361472,2016/10/01,/kiban/app/api/download/file/537730,宇和島城
611873,DEM1A,493263,FG-GML-493263-DEM1A-20250515.zip,33947,34761728,2025/05/15,/kiban/app/api/download/file/611873,宇和島城
616857,DEM5A,493263,FG-GML-493263-DEM5A-20250620.zip,1234,1263616,2025/06/20,/kiban/app/api/download/file/616857,宇和島城
614940,DEM5B,493263,FG-GML-493263-DEM5B-20250609.zip,530,542720,2025/06/09,/kiban/app/api/download/file/614940,宇和島城
615838,DEM5C,493263,FG-GML-493263-DEM5C-20250605.zip,122,124928,2025/06/05,/kiban/app/api/download/file/615838,宇和島城
537731,DEM10B,493264,FG-GML-493264-DEM10B-20161001.zip,1730,1771520,2016/10/01,/kiban/app/api/download/file/537731,宇和島城
611874,DEM1A,493264,FG-GML-493264-DEM1A-20250515.zip,192715,197340160,2025/05/15,/kiban/app/api/download/file/611874,宇和島城
616858,DEM5A,493264,FG-GML-493264-DEM5A-20250620.zip,6192,6340608,2025/06/20,/kiban/app/api/download/file/616858,宇和島城
614941,DEM5B,493264,FG-GML-493264-DEM5B-20250609.zip,453,463872,2025/06/09,/kiban/app/api/download/file/614941,宇和島城
615839,DEM5C,493264,FG-GML-493264-DEM5C-20250605.zip,98,100352,2025/06/05,/kiban/app/api/download/file/615839,宇和島城
537732,DEM10B,493265,FG-GML-493265-DEM10B-20161001.zip,2049,2098176,2016/10/01,/kiban/app/api/download/file/537732,宇和島城
685513,DEM1A,493265,FG-GML-493265-DEM1A-20251208.zip,214531,219679744,2025/12/08,/kiban/app/api/download/file/685513,宇和島城
686549,DEM5A,493265,FG-GML-493265-DEM5A-20251208.zip,8635,8842240,2025/12/08,/kiban/app/api/download/file/686549,宇和島城
615840,DEM5C,493265,FG-GML-493265-DEM5C-20250605.zip,1286,1316864,2025/06/05,/kiban/app/api/download/file/615840,宇和島城
537736,DEM10B,493273,FG-GML-493273-DEM10B-20161001.zip,603,617472,2016/10/01,/kiban/app/api/download/file/537736,宇和島城
611879,DEM1A,493273,FG-GML-493273-DEM1A-20250515.zip,75424,77234176,2025/05/15,/kiban/app/api/download/file/611879,宇和島城
616863,DEM5A,493273,FG-GML-493273-DEM5A-20250620.zip,2134,2185216,2025/06/20,/kiban/app/api/download/file/616863,宇和島城
614942,DEM5B,493273,FG-GML-493273-DEM5B-20250609.zip,128,131072,2025/06/09,/kiban/app/api/download/file/614942,宇和島城
615841,DEM5C,493273,FG-GML-493273-DEM5C-20250605.zip,50,51200,2025/06/05,/kiban/app/api/download/file/615841,宇和島城
537737,DEM10B,493274,FG-GML-493274-DEM10B-20161001.zip,1741,1782784,2016/10/01,/kiban/app/api/download/file/537737,宇和島城
611880,DEM1A,493274,FG-GML-493274-DEM1A-20250515.zip,203250,208128000,2025/05/15,/kiban/app/api/download/file/611880,宇和島城
616864,DEM5A,493274,FG-GML-493274-DEM5A-20250620.zip,6354,6506496,2025/06/20,/kiban/app/api/download/file/616864,宇和島城
614943,DEM5B,493274,FG-GML-493274-DEM5B-20250609.zip,162,165888,2025/06/09,/kiban/app/api/download/file/614943,宇和島城
615842,DEM5C,493274,FG-GML-493274-DEM5C-20250605.zip,10,10240,2025/06/05,/kiban/app/api/download/file/615842,宇和島城
537738,DEM10B,493275,FG-GML-493275-DEM10B-20161001.zip,1909,1954816,2016/10/01,/kiban/app/api/download/file/537738,宇和島城
685515,DEM1A,493275,FG-GML-493275-DEM1A-20251208.zip,217240,222453760,2025/12/08,/kiban/app/api/download/file/685515,宇和島城
686551,DEM5A,493275,FG-GML-493275-DEM5A-20251208.zip,6968,7135232,2025/12/08,/kiban/app/api/download/file/686551,宇和島城
729299,DEM5B,493275,FG-GML-493275-DEM5B-20161001.zip,264,270336,2016/10/01,/kiban/app/api/download/file/729299,宇和島城
729300,DEM5C,493275,FG-GML-493275-DEM5C-20200117.zip,4234,4335616,2020/01/17,/kiban/app/api/download/file/729300,宇和島城
537760,DEM10B,502903,FG-GML-502903-DEM10B-20161001.zip,557,570368,2016/10/01,/kiban/app/api/download/file/537760,平戸城
611904,DEM1A,502903,FG-GML-502903-DEM1A-20250609.zip,33737,34546688,2025/06/09,/kiban/app/api/download/file/611904,平戸城
616887,DEM5A,502903,FG-GML-502903-DEM5A-20250620.zip,1760,1802240,2025/06/20,/kiban/app/api/download/file/616887,平戸城
537761,DEM10B,502904,FG-GML-502904-DEM10B-20161001.zip,895,916480,2016/10/01,/kiban/app/api/download/file/537761,平戸城
611905,DEM1A,502904,FG-GML-502904-DEM1A-20250609.zip,56164,57511936,2025/06/09,/kiban/app/api/download/file/611905,平戸城
616888,DEM5A,502904,FG-GML-502904-DEM5A-20250620.zip,3110,3184640,2025/06/20,/kiban/app/api/download/file/616888,平戸城
614947,DEM5B,502904,FG-GML-502904-DEM5B-20250609.zip,13,13312,2025/06/09,/kiban/app/api/download/file/614947,平戸城
537762,DEM10B,502905,FG-GML-502905-DEM10B-20161001.zip,712,729088,2016/10/01,/kiban/app/api/download/file/537762,平戸城
611906,DEM1A,502905,FG-GML-502905-DEM1A-20250609.zip,42457,43475968,2025/06/09,/kiban/app/api/download/file/611906,平戸城
616889,DEM5A,502905,FG-GML-502905-DEM5A-20250620.zip,2387,2444288,2025/06/20,/kiban/app/api/download/file/616889,平戸城
615843,DEM5C,502905,FG-GML-502905-DEM5C-20250605.zip,263,269312,2025/06/05,/kiban/app/api/download/file/615843,平戸城
537764,DEM10B,502907,FG-GML-502907-DEM10B-20161001.zip,1637,1676288,2016/10/01,/kiban/app/api/download/file/537764,唐津城
611908,DEM1A,502907,FG-GML-502907-DEM1A-20250609.zip,198148,202903552,2025/06/09,/kiban/app/api/download/file/611908,唐津城
616891,DEM5A,502907,FG-GML-502907-DEM5A-20250620.zip,8466,8669184,2025/06/20,/kiban/app/api/download/file/616891,唐津城
547447,DEM5C,502907,FG-GML-502907-DEM5C-20200117.zip,752,770048,2020/01/17,/kiban/app/api/download/file/547447,唐津城
537765,DEM10B,502913,FG-GML-502913-DEM10B-20161001.zip,87,89088,2016/10/01,/kiban/app/api/download/file/537765,平戸城
611909,DEM1A,502913,FG-GML-502913-DEM1A-20250609.zip,2851,2919424,2025/06/09,/kiban/app/api/download/file/611909,平戸城
616892,DEM5A,502913,FG-GML-502913-DEM5A-20250620.zip,167,171008,2025/06/20,/kiban/app/api/download/file/616892,平戸城
537766,DEM10B,502914,FG-GML-502914-DEM10B-20161001.zip,358,366592,2016/10/01,/kiban/app/api/download/file/537766,平戸城
611910,DEM1A,502914,FG-GML-502914-DEM1A-20250609.zip,19688,20160512,2025/06/09,/kiban/app/api/download/file/611910,平戸城
616893,DEM5A,502914,FG-GML-502914-DEM5A-20250620.zip,1111,1137664,2025/06/20,/kiban/app/api/download/file/616893,平戸城
537767,DEM10B,502915,FG-GML-502915-DEM10B-20161001.zip,141,144384,2016/10/01,/kiban/app/api/download/file/537767,平戸城
611911,DEM1A,502915,FG-GML-502915-DEM1A-20250609.zip,5848,5988352,2025/06/09,/kiban/app/api/download/file/611911,平戸城
616894,DEM5A,502915,FG-GML-502915-DEM5A-20250620.zip,333,340992,2025/06/20,/kiban/app/api/download/file/616894,平戸城
615845,DEM5C,502915,FG-GML-502915-DEM5C-20250605.zip,474,485376,2025/06/05,/kiban/app/api/download/file/615845,平戸城
537768,DEM10B,502916,FG-GML-502916-DEM10B-20161001.zip,1047,1072128,2016/10/01,/kiban/app/api/download/file/537768,唐津城
611912,DEM1A,502916,FG-GML-502916-DEM1A-20250609.zip,101707,104147968,2025/06/09,/kiban/app/api/download/file/611912,唐津城
616895,DEM5A,502916,FG-GML-502916-DEM5A-20250620.zip,4619,4729856,2025/06/20,/kiban/app/api/download/file/616895,唐津城
615846,DEM5C,502916,FG-GML-502916-DEM5C-20250605.zip,2640,2703360,2025/06/05,/kiban/app/api/download/file/615846,唐津城
537769,DEM10B,502917,FG-GML-502917-DEM10B-20161001.zip,1312,1343488,2016/10/01,/kiban/app/api/download/file/537769,唐津城
611913,DEM1A,502917,FG-GML-502917-DEM1A-20250609.zip,148723,152292352,2025/06/09,/kiban/app/api/download/file/611913,唐津城
616896,DEM5A,502917,FG-GML-502917-DEM5A-20250620.zip,6507,6663168,2025/06/20,/kiban/app/api/download/file/616896,唐津城
615847,DEM5C,502917,FG-GML-502917-DEM5C-20250605.zip,87,89088,2025/06/05,/kiban/app/api/download/file/615847,唐津城
537773,DEM10B,502927,FG-GML-502927-DEM10B-20161001.zip,650,665600,2016/10/01,/kiban/app/api/download/file/537773,唐津城
611917,DEM1A,502927,FG-GML-502927-DEM1A-20250609.zip,60372,61820928,2025/06/09,/kiban/app/api/download/file/611917,唐津城
616900,DEM5A,502927,FG-GML-502927-DEM5A-20250620.zip,2671,2735104,2025/06/20,/kiban/app/api/download/file/616900,唐津城
615849,DEM5C,502927,FG-GML-502927-DEM5C-20250605.zip,371,379904,2025/06/05,/kiban/app/api/download/file/615849,唐津城
537785,DEM10B,503000,FG-GML-503000-DEM10B-20161001.zip,1951,1997824,2016/10/01,/kiban/app/api/download/file/537785,唐津城
611927,DEM1A,503000,FG-GML-503000-DEM1A-20250515.zip,217485,222704640,2025/05/15,/kiban/app/api/download/file/611927,唐津城
616910,DEM5A,503000,FG-GML-503000-DEM5A-20250620.zip,9190,9410560,2025/06/20,/kiban/app/api/download/file/616910,唐津城
537787,DEM10B,503002,FG-GML-503002-DEM10B-20161001.zip,1893,1938432,2016/10/01,/kiban/app/api/download/file/537787,佐賀城
611929,DEM1A,503002,FG-GML-503002-DEM1A-20250515.zip,213872,219004928,2025/05/15,/kiban/app/api/download/file/611929,佐賀城
616912,DEM5A,503002,FG-GML-503002-DEM5A-20250620.zip,8909,9122816,2025/06/20,/kiban/app/api/download/file/616912,佐賀城
729303,DEM5B,503002,FG-GML-503002-DEM5B-20091001.zip,8885,9098240,2009/10/01,/kiban/app/api/download/file/729303,佐賀城
547461,DEM5C,503002,FG-GML-503002-DEM5C-20200117.zip,536,548864,2020/01/17,/kiban/app/api/download/file/547461,佐賀城
537793,DEM10B,503010,FG-GML-503010-DEM10B-20161001.zip,1435,1469440,2016/10/01,/kiban/app/api/download/file/537793,唐津城
611935,DEM1A,503010,FG-GML-503010-DEM1A-20250515.zip,158832,162643968,2025/05/15,/kiban/app/api/download/file/611935,唐津城
616918,DEM5A,503010,FG-GML-503010-DEM5A-20250620.zip,6344,6496256,2025/06/20,/kiban/app/api/download/file/616918,唐津城
537795,DEM10B,503012,FG-GML-503012-DEM10B-20161001.zip,1981,2028544,2016/10/01,/kiban/app/api/download/file/537795,福岡城跡
611937,DEM1A,503012,FG-GML-503012-DEM1A-20250515.zip,132020,135188480,2025/05/15,/kiban/app/api/download/file/611937,福岡城跡
616920,DEM5A,503012,FG-GML-503012-DEM5A-20250620.zip,9023,9239552,2025/06/20,/kiban/app/api/download/file/616920,福岡城跡
546513,DEM5B,503012,FG-GML-503012-DEM5B-20161001.zip,180,184320,2016/10/01,/kiban/app/api/download/file/546513,福岡城跡
537796,DEM10B,503013,FG-GML-503013-DEM10B-20161001.zip,1957,2003968,2016/10/01,/kiban/app/api/download/file/537796,福岡城跡
685521,DEM1A,503013,FG-GML-503013-DEM1A-20251208.zip,161302,165173248,2025/12/08,/kiban/app/api/download/file/685521,福岡城跡
686557,DEM5A,503013,FG-GML-503013-DEM5A-20251208.zip,8952,9166848,2025/12/08,/kiban/app/api/download/file/686557,福岡城跡
614949,DEM5B,503013,FG-GML-503013-DEM5B-20250609.zip,300,307200,2025/06/09,/kiban/app/api/download/file/614949,福岡城跡
537801,DEM10B,503020,FG-GML-503020-DEM10B-20161001.zip,225,230400,2016/10/01,/kiban/app/api/download/file/537801,唐津城
611943,DEM1A,503020,FG-GML-503020-DEM1A-20250515.zip,19712,20185088,2025/05/15,/kiban/app/api/download/file/611943,唐津城
616926,DEM5A,503020,FG-GML-503020-DEM5A-20250620.zip,658,673792,2025/06/20,/kiban/app/api/download/file/616926,唐津城
537802,DEM10B,503021,FG-GML-503021-DEM10B-20161001.zip,1151,1178624,2016/10/01,/kiban/app/api/download/file/537802,福岡タワー
611944,DEM1A,503021,FG-GML-503021-DEM1A-20250515.zip,141416,144809984,2025/05/15,/kiban/app/api/download/file/611944,福岡タワー
616927,DEM5A,503021,FG-GML-503021-DEM5A-20250620.zip,4104,4202496,2025/06/20,/kiban/app/api/download/file/616927,福岡タワー
537803,DEM10B,503022,FG-GML-503022-DEM10B-20161001.zip,1464,1499136,2016/10/01,/kiban/app/api/download/file/537803,福岡城跡|センターマークスタワー|福岡タワー
611945,DEM1A,503022,FG-GML-503022-DEM1A-20250515.zip,53779,55069696,2025/05/15,/kiban/app/api/download/file/611945,福岡城跡|センターマークスタワー|福岡タワー
616928,DEM5A,503022,FG-GML-503022-DEM5A-20250620.zip,7060,7229440,2025/06/20,/kiban/app/api/download/file/616928,福岡城跡|センターマークスタワー|福岡タワー
614951,DEM5B,503022,FG-GML-503022-DEM5B-20250609.zip,104,106496,2025/06/09,/kiban/app/api/download/file/614951,福岡城跡|センターマークスタワー|福岡タワー
537804,DEM10B,503023,FG-GML-503023-DEM10B-20161001.zip,1139,1166336,2016/10/01,/kiban/app/api/download/file/537804,福岡城跡|センターマークスタワー|福岡タワー
685525,DEM1A,503023,FG-GML-503023-DEM1A-20251208.zip,110240,112885760,2025/12/08,/kiban/app/api/download/file/685525,福岡城跡|センターマークスタワー|福岡タワー
686561,DEM5A,503023,FG-GML-503023-DEM5A-20251208.zip,6217,6366208,2025/12/08,/kiban/app/api/download/file/686561,福岡城跡|センターマークスタワー|福岡タワー
614952,DEM5B,503023,FG-GML-503023-DEM5B-20250609.zip,136,139264,2025/06/09,/kiban/app/api/download/file/614952,福岡城跡|センターマークスタワー|福岡タワー
537810,DEM10B,503031,FG-GML-503031-DEM10B-20161001.zip,828,847872,2016/10/01,/kiban/app/api/download/file/537810,福岡タワー
611952,DEM1A,503031,FG-GML-503031-DEM1A-20250515.zip,91917,94123008,2025/05/15,/kiban/app/api/download/file/611952,福岡タワー
616935,DEM5A,503031,FG-GML-503031-DEM5A-20250620.zip,2805,2872320,2025/06/20,/kiban/app/api/download/file/616935,福岡タワー
537811,DEM10B,503032,FG-GML-503032-DEM10B-20161001.zip,295,302080,2016/10/01,/kiban/app/api/download/file/537811,福岡城跡|センターマークスタワー|福岡タワー
611953,DEM1A,503032,FG-GML-503032-DEM1A-20250515.zip,35154,35997696,2025/05/15,/kiban/app/api/download/file/611953,福岡城跡|センターマークスタワー|福岡タワー
616936,DEM5A,503032,FG-GML-503032-DEM5A-20250620.zip,1049,1074176,2025/06/20,/kiban/app/api/download/file/616936,福岡城跡|センターマークスタワー|福岡タワー
614955,DEM5B,503032,FG-GML-503032-DEM5B-20250609.zip,1125,1152000,2025/06/09,/kiban/app/api/download/file/614955,福岡城跡|センターマークスタワー|福岡タワー
537812,DEM10B,503033,FG-GML-503033-DEM10B-20161001.zip,696,712704,2016/10/01,/kiban/app/api/download/file/537812,福岡城跡|センターマークスタワー|福岡タワー
611954,DEM1A,503033,FG-GML-503033-DEM1A-20250515.zip,109060,111677440,2025/05/15,/kiban/app/api/download/file/611954,福岡城跡|センターマークスタワー|福岡タワー
616937,DEM5A,503033,FG-GML-503033-DEM5A-20250620.zip,2888,2957312,2025/06/20,/kiban/app/api/download/file/616937,福岡城跡|センターマークスタワー|福岡タワー
614956,DEM5B,503033,FG-GML-503033-DEM5B-20250609.zip,166,169984,2025/06/09,/kiban/app/api/download/file/614956,福岡城跡|センターマークスタワー|福岡タワー
537813,DEM10B,503034,FG-GML-503034-DEM10B-20161001.zip,1921,1967104,2016/10/01,/kiban/app/api/download/file/537813,センターマークスタワー
717718,DEM1A,503034,FG-GML-503034-DEM1A-20260522.zip,103087,105561088,2026/05/22,/kiban/app/api/download/file/717718,センターマークスタワー
719976,DEM5A,503034,FG-GML-503034-DEM5A-20260522.zip,7665,7848960,2026/05/22,/kiban/app/api/download/file/719976,センターマークスタワー
614957,DEM5B,503034,FG-GML-503034-DEM5B-20250609.zip,1448,1482752,2025/06/09,/kiban/app/api/download/file/614957,センターマークスタワー
537818,DEM10B,503042,FG-GML-503042-DEM10B-20161001.zip,135,138240,2016/10/01,/kiban/app/api/download/file/537818,福岡城跡|センターマークスタワー|福岡タワー
611959,DEM1A,503042,FG-GML-503042-DEM1A-20250515.zip,9599,9829376,2025/05/15,/kiban/app/api/download/file/611959,福岡城跡|センターマークスタワー|福岡タワー
616943,DEM5A,503042,FG-GML-503042-DEM5A-20250620.zip,314,321536,2025/06/20,/kiban/app/api/download/file/616943,福岡城跡|センターマークスタワー|福岡タワー
614958,DEM5B,503042,FG-GML-503042-DEM5B-20250609.zip,435,445440,2025/06/09,/kiban/app/api/download/file/614958,福岡城跡|センターマークスタワー|福岡タワー
537819,DEM10B,503043,FG-GML-503043-DEM10B-20161001.zip,821,840704,2016/10/01,/kiban/app/api/download/file/537819,福岡城跡|センターマークスタワー|福岡タワー
611960,DEM1A,503043,FG-GML-503043-DEM1A-20250515.zip,95204,97488896,2025/05/15,/kiban/app/api/download/file/611960,福岡城跡|センターマークスタワー|福岡タワー
616944,DEM5A,503043,FG-GML-503043-DEM5A-20250620.zip,2776,2842624,2025/06/20,/kiban/app/api/download/file/616944,福岡城跡|センターマークスタワー|福岡タワー
614959,DEM5B,503043,FG-GML-503043-DEM5B-20250609.zip,969,992256,2025/06/09,/kiban/app/api/download/file/614959,福岡城跡|センターマークスタワー|福岡タワー
537820,DEM10B,503044,FG-GML-503044-DEM10B-20161001.zip,1877,1922048,2016/10/01,/kiban/app/api/download/file/537820,センターマークスタワー
685532,DEM1A,503044,FG-GML-503044-DEM1A-20251208.zip,166070,170055680,2025/12/08,/kiban/app/api/download/file/685532,センターマークスタワー
686568,DEM5A,503044,FG-GML-503044-DEM5A-20251208.zip,7056,7225344,2025/12/08,/kiban/app/api/download/file/686568,センターマークスタワー
614960,DEM5B,503044,FG-GML-503044-DEM5B-20250609.zip,877,898048,2025/06/09,/kiban/app/api/download/file/614960,センターマークスタワー
537825,DEM10B,503053,FG-GML-503053-DEM10B-20161001.zip,437,447488,2016/10/01,/kiban/app/api/download/file/537825,センターマークスタワー
611966,DEM1A,503053,FG-GML-503053-DEM1A-20250515.zip,47605,48747520,2025/05/15,/kiban/app/api/download/file/611966,センターマークスタワー
616950,DEM5A,503053,FG-GML-503053-DEM5A-20250620.zip,2085,2135040,2025/06/20,/kiban/app/api/download/file/616950,センターマークスタワー
614964,DEM5B,503053,FG-GML-503053-DEM5B-20250609.zip,768,786432,2025/06/09,/kiban/app/api/download/file/614964,センターマークスタワー
537843,DEM10B,503103,FG-GML-503103-DEM10B-20161001.zip,1887,1932288,2016/10/01,/kiban/app/api/download/file/537843,別府タワー
611983,DEM1A,503103,FG-GML-503103-DEM1A-20250515.zip,204762,209676288,2025/05/15,/kiban/app/api/download/file/611983,別府タワー
616967,DEM5A,503103,FG-GML-503103-DEM5A-20250620.zip,6437,6591488,2025/06/20,/kiban/app/api/download/file/616967,別府タワー
614974,DEM5B,503103,FG-GML-503103-DEM5B-20250609.zip,35,35840,2025/06/09,/kiban/app/api/download/file/614974,別府タワー
615867,DEM5C,503103,FG-GML-503103-DEM5C-20250605.zip,553,566272,2025/06/05,/kiban/app/api/download/file/615867,別府タワー
537844,DEM10B,503104,FG-GML-503104-DEM10B-20161001.zip,1119,1145856,2016/10/01,/kiban/app/api/download/file/537844,別府タワー
611984,DEM1A,503104,FG-GML-503104-DEM1A-20250515.zip,123257,126215168,2025/05/15,/kiban/app/api/download/file/611984,別府タワー
616968,DEM5A,503104,FG-GML-503104-DEM5A-20250620.zip,3740,3829760,2025/06/20,/kiban/app/api/download/file/616968,別府タワー
614975,DEM5B,503104,FG-GML-503104-DEM5B-20250609.zip,1,1024,2025/06/09,/kiban/app/api/download/file/614975,別府タワー
729315,DEM5C,503104,FG-GML-503104-DEM5C-20200117.zip,371,379904,2020/01/17,/kiban/app/api/download/file/729315,別府タワー
537891,DEM10B,503213,FG-GML-503213-DEM10B-20161001.zip,1704,1744896,2016/10/01,/kiban/app/api/download/file/537891,大洲城
663558,DEM1A,503213,FG-GML-503213-DEM1A-20250908.zip,161287,165157888,2025/09/08,/kiban/app/api/download/file/663558,大洲城
662080,DEM5A,503213,FG-GML-503213-DEM5A-20250908.zip,6298,6449152,2025/09/08,/kiban/app/api/download/file/662080,大洲城
729335,DEM5B,503213,FG-GML-503213-DEM5B-20161001.zip,3779,3869696,2016/10/01,/kiban/app/api/download/file/729335,大洲城
615879,DEM5C,503213,FG-GML-503213-DEM5C-20250605.zip,374,382976,2025/06/05,/kiban/app/api/download/file/615879,大洲城
537892,DEM10B,503214,FG-GML-503214-DEM10B-20161001.zip,1945,1991680,2016/10/01,/kiban/app/api/download/file/537892,大洲城
612021,DEM1A,503214,FG-GML-503214-DEM1A-20250515.zip,223971,229346304,2025/05/15,/kiban/app/api/download/file/612021,大洲城
617016,DEM5A,503214,FG-GML-503214-DEM5A-20250620.zip,7203,7375872,2025/06/20,/kiban/app/api/download/file/617016,大洲城
729337,DEM5B,503214,FG-GML-503214-DEM5B-20161001.zip,2114,2164736,2016/10/01,/kiban/app/api/download/file/729337,大洲城
537893,DEM10B,503215,FG-GML-503215-DEM10B-20161001.zip,1984,2031616,2016/10/01,/kiban/app/api/download/file/537893,大洲城
612022,DEM1A,503215,FG-GML-503215-DEM1A-20250515.zip,226704,232144896,2025/05/15,/kiban/app/api/download/file/612022,大洲城
617017,DEM5A,503215,FG-GML-503215-DEM5A-20250620.zip,7287,7461888,2025/06/20,/kiban/app/api/download/file/617017,大洲城
537897,DEM10B,503223,FG-GML-503223-DEM10B-20161001.zip,1574,1611776,2016/10/01,/kiban/app/api/download/file/537897,大洲城
663560,DEM1A,503223,FG-GML-503223-DEM1A-20250908.zip,162539,166439936,2025/09/08,/kiban/app/api/download/file/663560,大洲城
662082,DEM5A,503223,FG-GML-503223-DEM5A-20250908.zip,5629,5764096,2025/09/08,/kiban/app/api/download/file/662082,大洲城
729339,DEM5B,503223,FG-GML-503223-DEM5B-20161001.zip,3957,4051968,2016/10/01,/kiban/app/api/download/file/729339,大洲城
615881,DEM5C,503223,FG-GML-503223-DEM5C-20250605.zip,164,167936,2025/06/05,/kiban/app/api/download/file/615881,大洲城
537898,DEM10B,503224,FG-GML-503224-DEM10B-20161001.zip,1748,1789952,2016/10/01,/kiban/app/api/download/file/537898,大洲城
612027,DEM1A,503224,FG-GML-503224-DEM1A-20250515.zip,206125,211072000,2025/05/15,/kiban/app/api/download/file/612027,大洲城
617022,DEM5A,503224,FG-GML-503224-DEM5A-20250620.zip,6512,6668288,2025/06/20,/kiban/app/api/download/file/617022,大洲城
614984,DEM5B,503224,FG-GML-503224-DEM5B-20250609.zip,1582,1619968,2025/06/09,/kiban/app/api/download/file/614984,大洲城
537899,DEM10B,503225,FG-GML-503225-DEM10B-20161001.zip,1943,1989632,2016/10/01,/kiban/app/api/download/file/537899,大洲城
612028,DEM1A,503225,FG-GML-503225-DEM1A-20250515.zip,219735,225008640,2025/05/15,/kiban/app/api/download/file/612028,大洲城
617023,DEM5A,503225,FG-GML-503225-DEM5A-20250620.zip,7026,7194624,2025/06/20,/kiban/app/api/download/file/617023,大洲城
729341,DEM5B,503225,FG-GML-503225-DEM5B-20161001.zip,1868,1912832,2016/10/01,/kiban/app/api/download/file/729341,大洲城
729342,DEM5C,503225,FG-GML-503225-DEM5C-20200117.zip,2372,2428928,2020/01/17,/kiban/app/api/download/file/729342,大洲城
537902,DEM10B,503233,FG-GML-503233-DEM10B-20161001.zip,274,280576,2016/10/01,/kiban/app/api/download/file/537902,大洲城
612031,DEM1A,503233,FG-GML-503233-DEM1A-20250515.zip,25036,25636864,2025/05/15,/kiban/app/api/download/file/612031,大洲城
617026,DEM5A,503233,FG-GML-503233-DEM5A-20250620.zip,821,840704,2025/06/20,/kiban/app/api/download/file/617026,大洲城
615882,DEM5C,503233,FG-GML-503233-DEM5C-20250605.zip,161,164864,2025/06/05,/kiban/app/api/download/file/615882,大洲城
537903,DEM10B,503234,FG-GML-503234-DEM10B-20161001.zip,1625,1664000,2016/10/01,/kiban/app/api/download/file/537903,大洲城
612032,DEM1A,503234,FG-GML-503234-DEM1A-20250515.zip,178235,182512640,2025/05/15,/kiban/app/api/download/file/612032,大洲城
617027,DEM5A,503234,FG-GML-503234-DEM5A-20250620.zip,5783,5921792,2025/06/20,/kiban/app/api/download/file/617027,大洲城
614985,DEM5B,503234,FG-GML-503234-DEM5B-20250609.zip,89,91136,2025/06/09,/kiban/app/api/download/file/614985,大洲城
615883,DEM5C,503234,FG-GML-503234-DEM5C-20250605.zip,416,425984,2025/06/05,/kiban/app/api/download/file/615883,大洲城
537918,DEM10B,503255,FG-GML-503255-DEM10B-20161001.zip,318,325632,2016/10/01,/kiban/app/api/download/file/537918,松山城（愛媛）
663565,DEM1A,503255,FG-GML-503255-DEM1A-20250908.zip,7675,7859200,2025/09/08,/kiban/app/api/download/file/663565,松山城（愛媛）
662087,DEM5A,503255,FG-GML-503255-DEM5A-20250908.zip,2697,2761728,2025/09/08,/kiban/app/api/download/file/662087,松山城（愛媛）
614987,DEM5B,503255,FG-GML-503255-DEM5B-20250609.zip,2,2048,2025/06/09,/kiban/app/api/download/file/614987,松山城（愛媛）
537919,DEM10B,503256,FG-GML-503256-DEM10B-20161001.zip,1298,1329152,2016/10/01,/kiban/app/api/download/file/537919,松山城（愛媛）
663566,DEM1A,503256,FG-GML-503256-DEM1A-20250908.zip,106231,108780544,2025/09/08,/kiban/app/api/download/file/663566,松山城（愛媛）
662088,DEM5A,503256,FG-GML-503256-DEM5A-20250908.zip,6293,6444032,2025/09/08,/kiban/app/api/download/file/662088,松山城（愛媛）
729351,DEM5B,503256,FG-GML-503256-DEM5B-20161001.zip,3636,3723264,2016/10/01,/kiban/app/api/download/file/729351,松山城（愛媛）
537926,DEM10B,503265,FG-GML-503265-DEM10B-20161001.zip,528,540672,2016/10/01,/kiban/app/api/download/file/537926,松山城（愛媛）
612045,DEM1A,503265,FG-GML-503265-DEM1A-20250515.zip,54906,56223744,2025/05/15,/kiban/app/api/download/file/612045,松山城（愛媛）
617050,DEM5A,503265,FG-GML-503265-DEM5A-20250620.zip,2181,2233344,2025/06/20,/kiban/app/api/download/file/617050,松山城（愛媛）
614989,DEM5B,503265,FG-GML-503265-DEM5B-20250609.zip,61,62464,2025/06/09,/kiban/app/api/download/file/614989,松山城（愛媛）
537927,DEM10B,503266,FG-GML-503266-DEM10B-20161001.zip,1828,1871872,2016/10/01,/kiban/app/api/download/file/537927,松山城（愛媛）
663568,DEM1A,503266,FG-GML-503266-DEM1A-20250908.zip,202794,207661056,2025/09/08,/kiban/app/api/download/file/663568,松山城（愛媛）
662090,DEM5A,503266,FG-GML-503266-DEM5A-20250908.zip,6789,6951936,2025/09/08,/kiban/app/api/download/file/662090,松山城（愛媛）
729353,DEM5B,503266,FG-GML-503266-DEM5B-20161001.zip,5196,5320704,2016/10/01,/kiban/app/api/download/file/729353,松山城（愛媛）
537934,DEM10B,503275,FG-GML-503275-DEM10B-20161001.zip,290,296960,2016/10/01,/kiban/app/api/download/file/537934,松山城（愛媛）
612052,DEM1A,503275,FG-GML-503275-DEM1A-20250515.zip,26221,26850304,2025/05/15,/kiban/app/api/download/file/612052,松山城（愛媛）
617058,DEM5A,503275,FG-GML-503275-DEM5A-20250620.zip,899,920576,2025/06/20,/kiban/app/api/download/file/617058,松山城（愛媛）
537935,DEM10B,503276,FG-GML-503276-DEM10B-20161001.zip,1648,1687552,2016/10/01,/kiban/app/api/download/file/537935,松山城（愛媛）
612053,DEM1A,503276,FG-GML-503276-DEM1A-20250515.zip,170583,174676992,2025/05/15,/kiban/app/api/download/file/612053,松山城（愛媛）
617059,DEM5A,503276,FG-GML-503276-DEM5A-20250620.zip,5893,6034432,2025/06/20,/kiban/app/api/download/file/617059,松山城（愛媛）
729359,DEM5B,503276,FG-GML-503276-DEM5B-20161001.zip,2221,2274304,2016/10/01,/kiban/app/api/download/file/729359,松山城（愛媛）
537936,DEM10B,503277,FG-GML-503277-DEM10B-20161001.zip,2013,2061312,2016/10/01,/kiban/app/api/download/file/537936,今治城
663570,DEM1A,503277,FG-GML-503277-DEM1A-20250908.zip,226826,232269824,2025/09/08,/kiban/app/api/download/file/663570,今治城
662092,DEM5A,503277,FG-GML-503277-DEM5A-20250908.zip,7529,7709696,2025/09/08,/kiban/app/api/download/file/662092,今治城
614992,DEM5B,503277,FG-GML-503277-DEM5B-20250609.zip,387,396288,2025/06/09,/kiban/app/api/download/file/614992,今治城
537944,DEM10B,503313,FG-GML-503313-DEM10B-20161001.zip,1111,1137664,2016/10/01,/kiban/app/api/download/file/537944,高知城
612062,DEM1A,503313,FG-GML-503313-DEM1A-20250602.zip,134099,137317376,2025/06/02,/kiban/app/api/download/file/612062,高知城
617068,DEM5A,503313,FG-GML-503313-DEM5A-20250620.zip,4634,4745216,2025/06/20,/kiban/app/api/download/file/617068,高知城
729366,DEM5B,503313,FG-GML-503313-DEM5B-20161001.zip,660,675840,2016/10/01,/kiban/app/api/download/file/729366,高知城
537945,DEM10B,503314,FG-GML-503314-DEM10B-20161001.zip,189,193536,2016/10/01,/kiban/app/api/download/file/537945,高知城
717722,DEM1A,503314,FG-GML-503314-DEM1A-20260522.zip,22009,22537216,2026/05/22,/kiban/app/api/download/file/717722,高知城
719980,DEM5A,503314,FG-GML-503314-DEM5A-20260522.zip,772,790528,2026/05/22,/kiban/app/api/download/file/719980,高知城
614993,DEM5B,503314,FG-GML-503314-DEM5B-20250609.zip,6,6144,2025/06/09,/kiban/app/api/download/file/614993,高知城
537950,DEM10B,503323,FG-GML-503323-DEM10B-20161001.zip,1629,1668096,2016/10/01,/kiban/app/api/download/file/537950,高知城
717723,DEM1A,503323,FG-GML-503323-DEM1A-20260522.zip,193948,198602752,2026/05/22,/kiban/app/api/download/file/717723,高知城
719981,DEM5A,503323,FG-GML-503323-DEM5A-20260522.zip,6391,6544384,2026/05/22,/kiban/app/api/download/file/719981,高知城
614994,DEM5B,503323,FG-GML-503323-DEM5B-20250609.zip,126,129024,2025/06/09,/kiban/app/api/download/file/614994,高知城
537951,DEM10B,503324,FG-GML-503324-DEM10B-20161001.zip,977,1000448,2016/10/01,/kiban/app/api/download/file/537951,高知城
717724,DEM1A,503324,FG-GML-503324-DEM1A-20260522.zip,133432,136634368,2026/05/22,/kiban/app/api/download/file/717724,高知城
719982,DEM5A,503324,FG-GML-503324-DEM5A-20260522.zip,5778,5916672,2026/05/22,/kiban/app/api/download/file/719982,高知城
729370,DEM5B,503324,FG-GML-503324-DEM5B-20161001.zip,329,336896,2016/10/01,/kiban/app/api/download/file/729370,高知城
537952,DEM10B,503325,FG-GML-503325-DEM10B-20161001.zip,479,490496,2016/10/01,/kiban/app/api/download/file/537952,高知城
717725,DEM1A,503325,FG-GML-503325-DEM1A-20260522.zip,82012,83980288,2026/05/22,/kiban/app/api/download/file/717725,高知城
719983,DEM5A,503325,FG-GML-503325-DEM5A-20260522.zip,3713,3802112,2026/05/22,/kiban/app/api/download/file/719983,高知城
614995,DEM5B,503325,FG-GML-503325-DEM5B-20250609.zip,142,145408,2025/06/09,/kiban/app/api/download/file/614995,高知城
537958,DEM10B,503333,FG-GML-503333-DEM10B-20161001.zip,2081,2130944,2016/10/01,/kiban/app/api/download/file/537958,高知城
612076,DEM1A,503333,FG-GML-503333-DEM1A-20250602.zip,233672,239280128,2025/06/02,/kiban/app/api/download/file/612076,高知城
617082,DEM5A,503333,FG-GML-503333-DEM5A-20250620.zip,7617,7799808,2025/06/20,/kiban/app/api/download/file/617082,高知城
537959,DEM10B,503334,FG-GML-503334-DEM10B-20161001.zip,1937,1983488,2016/10/01,/kiban/app/api/download/file/537959,高知城
717726,DEM1A,503334,FG-GML-503334-DEM1A-20260522.zip,221709,227030016,2026/05/22,/kiban/app/api/download/file/717726,高知城
719984,DEM5A,503334,FG-GML-503334-DEM5A-20260522.zip,7157,7328768,2026/05/22,/kiban/app/api/download/file/719984,高知城
729375,DEM5B,503334,FG-GML-503334-DEM5B-20161001.zip,791,809984,2016/10/01,/kiban/app/api/download/file/729375,高知城
537960,DEM10B,503335,FG-GML-503335-DEM10B-20161001.zip,1630,1669120,2016/10/01,/kiban/app/api/download/file/537960,高知城
717727,DEM1A,503335,FG-GML-503335-DEM1A-20260522.zip,191813,196416512,2026/05/22,/kiban/app/api/download/file/717727,高知城
719985,DEM5A,503335,FG-GML-503335-DEM5A-20260522.zip,6704,6864896,2026/05/22,/kiban/app/api/download/file/719985,高知城
614996,DEM5B,503335,FG-GML-503335-DEM5B-20250609.zip,473,484352,2025/06/09,/kiban/app/api/download/file/614996,高知城
537963,DEM10B,503340,FG-GML-503340-DEM10B-20161001.zip,2141,2192384,2016/10/01,/kiban/app/api/download/file/537963,石鎚山
612081,DEM1A,503340,FG-GML-503340-DEM1A-20250602.zip,238188,243904512,2025/06/02,/kiban/app/api/download/file/612081,石鎚山
617087,DEM5A,503340,FG-GML-503340-DEM5A-20250620.zip,9993,10232832,2025/06/20,/kiban/app/api/download/file/617087,石鎚山
537964,DEM10B,503341,FG-GML-503341-DEM10B-20161001.zip,2146,2197504,2016/10/01,/kiban/app/api/download/file/537964,石鎚山
612082,DEM1A,503341,FG-GML-503341-DEM1A-20250602.zip,241585,247383040,2025/06/02,/kiban/app/api/download/file/612082,石鎚山
617088,DEM5A,503341,FG-GML-503341-DEM5A-20250620.zip,8145,8340480,2025/06/20,/kiban/app/api/download/file/617088,石鎚山
537971,DEM10B,503350,FG-GML-503350-DEM10B-20161001.zip,2194,2246656,2016/10/01,/kiban/app/api/download/file/537971,石鎚山
663572,DEM1A,503350,FG-GML-503350-DEM1A-20250908.zip,199475,204262400,2025/09/08,/kiban/app/api/download/file/663572,石鎚山
662094,DEM5A,503350,FG-GML-503350-DEM5A-20250908.zip,8652,8859648,2025/09/08,/kiban/app/api/download/file/662094,石鎚山
537972,DEM10B,503351,FG-GML-503351-DEM10B-20161001.zip,2215,2268160,2016/10/01,/kiban/app/api/download/file/537972,石鎚山
663573,DEM1A,503351,FG-GML-503351-DEM1A-20250908.zip,225849,231269376,2025/09/08,/kiban/app/api/download/file/663573,石鎚山
662095,DEM5A,503351,FG-GML-503351-DEM5A-20250908.zip,9045,9262080,2025/09/08,/kiban/app/api/download/file/662095,石鎚山
537978,DEM10B,503357,FG-GML-503357-DEM10B-20161001.zip,2190,2242560,2016/10/01,/kiban/app/api/download/file/537978,剣山
612096,DEM1A,503357,FG-GML-503357-DEM1A-20250602.zip,242784,248610816,2025/06/02,/kiban/app/api/download/file/612096,剣山
617102,DEM5A,503357,FG-GML-503357-DEM5A-20250620.zip,8528,8732672,2025/06/20,/kiban/app/api/download/file/617102,剣山
537979,DEM10B,503360,FG-GML-503360-DEM10B-20161001.zip,1650,1689600,2016/10/01,/kiban/app/api/download/file/537979,石鎚山
663577,DEM1A,503360,FG-GML-503360-DEM1A-20250908.zip,120415,123304960,2025/09/08,/kiban/app/api/download/file/663577,石鎚山
662099,DEM5A,503360,FG-GML-503360-DEM5A-20250908.zip,6914,7079936,2025/09/08,/kiban/app/api/download/file/662099,石鎚山
614997,DEM5B,503360,FG-GML-503360-DEM5B-20250609.zip,866,886784,2025/06/09,/kiban/app/api/download/file/614997,石鎚山
537980,DEM10B,503361,FG-GML-503361-DEM10B-20161001.zip,1793,1836032,2016/10/01,/kiban/app/api/download/file/537980,石鎚山
663578,DEM1A,503361,FG-GML-503361-DEM1A-20250908.zip,161851,165735424,2025/09/08,/kiban/app/api/download/file/663578,石鎚山
662100,DEM5A,503361,FG-GML-503361-DEM5A-20250908.zip,7185,7357440,2025/09/08,/kiban/app/api/download/file/662100,石鎚山
729379,DEM5B,503361,FG-GML-503361-DEM5B-20161001.zip,3452,3534848,2016/10/01,/kiban/app/api/download/file/729379,石鎚山
537986,DEM10B,503367,FG-GML-503367-DEM10B-20161001.zip,2170,2222080,2016/10/01,/kiban/app/api/download/file/537986,剣山
612104,DEM1A,503367,FG-GML-503367-DEM1A-20250602.zip,241134,246921216,2025/06/02,/kiban/app/api/download/file/612104,剣山
617110,DEM5A,503367,FG-GML-503367-DEM5A-20250620.zip,10174,10418176,2025/06/20,/kiban/app/api/download/file/617110,剣山
537987,DEM10B,503370,FG-GML-503370-DEM10B-20161001.zip,1033,1057792,2016/10/01,/kiban/app/api/download/file/537987,今治城
663581,DEM1A,503370,FG-GML-503370-DEM1A-20250908.zip,76970,78817280,2025/09/08,/kiban/app/api/download/file/663581,今治城
662103,DEM5A,503370,FG-GML-503370-DEM5A-20250908.zip,4542,4651008,2025/09/08,/kiban/app/api/download/file/662103,今治城
614998,DEM5B,503370,FG-GML-503370-DEM5B-20250609.zip,1050,1075200,2025/06/09,/kiban/app/api/download/file/614998,今治城
538013,DEM10B,503450,FG-GML-503450-DEM10B-20161001.zip,2189,2241536,2016/10/01,/kiban/app/api/download/file/538013,剣山
612129,DEM1A,503450,FG-GML-503450-DEM1A-20250602.zip,102409,104866816,2025/06/02,/kiban/app/api/download/file/612129,剣山
617137,DEM5A,503450,FG-GML-503450-DEM5A-20250620.zip,9349,9573376,2025/06/20,/kiban/app/api/download/file/617137,剣山
538014,DEM10B,503451,FG-GML-503451-DEM10B-20161001.zip,2125,2176000,2016/10/01,/kiban/app/api/download/file/538014,剣山
617138,DEM5A,503451,FG-GML-503451-DEM5A-20250620.zip,9846,10082304,2025/06/20,/kiban/app/api/download/file/617138,剣山
538020,DEM10B,503460,FG-GML-503460-DEM10B-20161001.zip,2155,2206720,2016/10/01,/kiban/app/api/download/file/538020,剣山
612130,DEM1A,503460,FG-GML-503460-DEM1A-20250602.zip,133091,136285184,2025/06/02,/kiban/app/api/download/file/612130,剣山
617144,DEM5A,503460,FG-GML-503460-DEM5A-20250620.zip,9594,9824256,2025/06/20,/kiban/app/api/download/file/617144,剣山
538021,DEM10B,503461,FG-GML-503461-DEM10B-20161001.zip,2205,2257920,2016/10/01,/kiban/app/api/download/file/538021,剣山
612131,DEM1A,503461,FG-GML-503461-DEM1A-20250602.zip,66704,68304896,2025/06/02,/kiban/app/api/download/file/612131,剣山
617145,DEM5A,503461,FG-GML-503461-DEM5A-20250620.zip,8148,8343552,2025/06/20,/kiban/app/api/download/file/617145,剣山
538027,DEM10B,503470,FG-GML-503470-DEM10B-20161001.zip,2143,2194432,2016/10/01,/kiban/app/api/download/file/538027,剣山
612135,DEM1A,503470,FG-GML-503470-DEM1A-20250602.zip,205979,210922496,2025/06/02,/kiban/app/api/download/file/612135,剣山
617151,DEM5A,503470,FG-GML-503470-DEM5A-20250620.zip,8082,8275968,2025/06/20,/kiban/app/api/download/file/617151,剣山
538028,DEM10B,503471,FG-GML-503471-DEM10B-20161001.zip,2125,2176000,2016/10/01,/kiban/app/api/download/file/538028,剣山
612136,DEM1A,503471,FG-GML-503471-DEM1A-20250602.zip,234405,240030720,2025/06/02,/kiban/app/api/download/file/612136,剣山
617152,DEM5A,503471,FG-GML-503471-DEM5A-20250620.zip,7979,8170496,2025/06/20,/kiban/app/api/download/file/617152,剣山
538030,DEM10B,503473,FG-GML-503473-DEM10B-20161001.zip,2002,2050048,2016/10/01,/kiban/app/api/download/file/538030,徳島城跡
663596,DEM1A,503473,FG-GML-503473-DEM1A-20250908.zip,155067,158788608,2025/09/08,/kiban/app/api/download/file/663596,徳島城跡
662118,DEM5A,503473,FG-GML-503473-DEM5A-20250908.zip,9040,9256960,2025/09/08,/kiban/app/api/download/file/662118,徳島城跡
615004,DEM5B,503473,FG-GML-503473-DEM5B-20250609.zip,292,299008,2025/06/09,/kiban/app/api/download/file/615004,徳島城跡
538031,DEM10B,503474,FG-GML-503474-DEM10B-20161001.zip,1458,1492992,2016/10/01,/kiban/app/api/download/file/538031,徳島城跡
663597,DEM1A,503474,FG-GML-503474-DEM1A-20250908.zip,62030,63518720,2025/09/08,/kiban/app/api/download/file/663597,徳島城跡
662119,DEM5A,503474,FG-GML-503474-DEM5A-20250908.zip,7263,7437312,2025/09/08,/kiban/app/api/download/file/662119,徳島城跡
615005,DEM5B,503474,FG-GML-503474-DEM5B-20250609.zip,1195,1223680,2025/06/09,/kiban/app/api/download/file/615005,徳島城跡
538142,DEM10B,513132,FG-GML-513132-DEM10B-20161001.zip,1876,1921024,2016/10/01,/kiban/app/api/download/file/538142,萩城跡
685575,DEM1A,513132,FG-GML-513132-DEM1A-20251208.zip,162163,166054912,2025/12/08,/kiban/app/api/download/file/685575,萩城跡
686611,DEM5A,513132,FG-GML-513132-DEM5A-20251208.zip,8804,9015296,2025/12/08,/kiban/app/api/download/file/686611,萩城跡
538143,DEM10B,513133,FG-GML-513133-DEM10B-20161001.zip,1960,2007040,2016/10/01,/kiban/app/api/download/file/538143,萩城跡
685576,DEM1A,513133,FG-GML-513133-DEM1A-20251208.zip,223579,228944896,2025/12/08,/kiban/app/api/download/file/685576,萩城跡
686612,DEM5A,513133,FG-GML-513133-DEM5A-20251208.zip,9685,9917440,2025/12/08,/kiban/app/api/download/file/686612,萩城跡
538150,DEM10B,513142,FG-GML-513142-DEM10B-20161001.zip,1499,1534976,2016/10/01,/kiban/app/api/download/file/538150,萩城跡
663618,DEM1A,513142,FG-GML-513142-DEM1A-20250908.zip,75307,77114368,2025/09/08,/kiban/app/api/download/file/663618,萩城跡
662140,DEM5A,513142,FG-GML-513142-DEM5A-20250908.zip,7220,7393280,2025/09/08,/kiban/app/api/download/file/662140,萩城跡
538151,DEM10B,513143,FG-GML-513143-DEM10B-20161001.zip,1786,1828864,2016/10/01,/kiban/app/api/download/file/538151,萩城跡
663619,DEM1A,513143,FG-GML-513143-DEM1A-20250908.zip,122461,125400064,2025/09/08,/kiban/app/api/download/file/663619,萩城跡
662141,DEM5A,513143,FG-GML-513143-DEM5A-20250908.zip,7924,8114176,2025/09/08,/kiban/app/api/download/file/662141,萩城跡
538158,DEM10B,513152,FG-GML-513152-DEM10B-20161001.zip,86,88064,2016/10/01,/kiban/app/api/download/file/538158,萩城跡
663624,DEM1A,513152,FG-GML-513152-DEM1A-20250908.zip,3111,3185664,2025/09/08,/kiban/app/api/download/file/663624,萩城跡
662146,DEM5A,513152,FG-GML-513152-DEM5A-20250908.zip,151,154624,2025/09/08,/kiban/app/api/download/file/662146,萩城跡
538159,DEM10B,513153,FG-GML-513153-DEM10B-20161001.zip,1175,1203200,2016/10/01,/kiban/app/api/download/file/538159,萩城跡
663625,DEM1A,513153,FG-GML-513153-DEM1A-20250908.zip,30015,30735360,2025/09/08,/kiban/app/api/download/file/663625,萩城跡
662147,DEM5A,513153,FG-GML-513153-DEM5A-20250908.zip,1957,2003968,2025/09/08,/kiban/app/api/download/file/662147,萩城跡
538164,DEM10B,513162,FG-GML-513162-DEM10B-20161001.zip,94,96256,2016/10/01,/kiban/app/api/download/file/538164,萩城跡
538165,DEM10B,513163,FG-GML-513163-DEM10B-20161001.zip,351,359424,2016/10/01,/kiban/app/api/download/file/538165,萩城跡
538181,DEM10B,513207,FG-GML-513207-DEM10B-20161001.zip,1480,1515520,2016/10/01,/kiban/app/api/download/file/538181,今治城
612263,DEM1A,513207,FG-GML-513207-DEM1A-20250502.zip,165513,169485312,2025/05/02,/kiban/app/api/download/file/612263,今治城
617297,DEM5A,513207,FG-GML-513207-DEM5A-20250620.zip,5551,5684224,2025/06/20,/kiban/app/api/download/file/617297,今治城
538189,DEM10B,513217,FG-GML-513217-DEM10B-20161001.zip,498,509952,2016/10/01,/kiban/app/api/download/file/538189,今治城|能島城跡
612271,DEM1A,513217,FG-GML-513217-DEM1A-20250502.zip,51180,52408320,2025/05/02,/kiban/app/api/download/file/612271,今治城|能島城跡
617305,DEM5A,513217,FG-GML-513217-DEM5A-20250620.zip,1668,1708032,2025/06/20,/kiban/app/api/download/file/617305,今治城|能島城跡
615034,DEM5B,513217,FG-GML-513217-DEM5B-20250609.zip,11,11264,2025/06/09,/kiban/app/api/download/file/615034,今治城|能島城跡
538197,DEM10B,513227,FG-GML-513227-DEM10B-20161001.zip,752,770048,2016/10/01,/kiban/app/api/download/file/538197,能島城跡
612279,DEM1A,513227,FG-GML-513227-DEM1A-20250502.zip,68655,70302720,2025/05/02,/kiban/app/api/download/file/612279,能島城跡
617313,DEM5A,513227,FG-GML-513227-DEM5A-20250620.zip,2678,2742272,2025/06/20,/kiban/app/api/download/file/617313,能島城跡
538201,DEM10B,513233,FG-GML-513233-DEM10B-20161001.zip,602,616448,2016/10/01,/kiban/app/api/download/file/538201,グランクロスタワー広島
612283,DEM1A,513233,FG-GML-513233-DEM1A-20250502.zip,42658,43681792,2025/05/02,/kiban/app/api/download/file/612283,グランクロスタワー広島
617317,DEM5A,513233,FG-GML-513233-DEM5A-20250620.zip,2122,2172928,2025/06/20,/kiban/app/api/download/file/617317,グランクロスタワー広島
729467,DEM5B,513233,FG-GML-513233-DEM5B-20090901.zip,2646,2709504,2009/09/01,/kiban/app/api/download/file/729467,グランクロスタワー広島
538202,DEM10B,513234,FG-GML-513234-DEM10B-20161001.zip,1789,1831936,2016/10/01,/kiban/app/api/download/file/538202,グランクロスタワー広島
612284,DEM1A,513234,FG-GML-513234-DEM1A-20250502.zip,129331,132434944,2025/05/02,/kiban/app/api/download/file/612284,グランクロスタワー広島
617318,DEM5A,513234,FG-GML-513234-DEM5A-20250620.zip,6336,6488064,2025/06/20,/kiban/app/api/download/file/617318,グランクロスタワー広島
729470,DEM5B,513234,FG-GML-513234-DEM5B-20161001.zip,831,850944,2016/10/01,/kiban/app/api/download/file/729470,グランクロスタワー広島
538208,DEM10B,513242,FG-GML-513242-DEM10B-20161001.zip,1685,1725440,2016/10/01,/kiban/app/api/download/file/538208,銀山城跡|グランクロスタワー広島
612290,DEM1A,513242,FG-GML-513242-DEM1A-20250502.zip,185223,189668352,2025/05/02,/kiban/app/api/download/file/612290,銀山城跡|グランクロスタワー広島
617324,DEM5A,513242,FG-GML-513242-DEM5A-20250620.zip,8020,8212480,2025/06/20,/kiban/app/api/download/file/617324,銀山城跡|グランクロスタワー広島
729476,DEM5B,513242,FG-GML-513242-DEM5B-20161001.zip,1679,1719296,2016/10/01,/kiban/app/api/download/file/729476,銀山城跡|グランクロスタワー広島
538209,DEM10B,513243,FG-GML-513243-DEM10B-20161001.zip,755,773120,2016/10/01,/kiban/app/api/download/file/538209,銀山城跡|グランクロスタワー広島
612291,DEM1A,513243,FG-GML-513243-DEM1A-20250502.zip,62456,63954944,2025/05/02,/kiban/app/api/download/file/612291,銀山城跡|グランクロスタワー広島
617325,DEM5A,513243,FG-GML-513243-DEM5A-20250620.zip,3383,3464192,2025/06/20,/kiban/app/api/download/file/617325,銀山城跡|グランクロスタワー広島
615041,DEM5B,513243,FG-GML-513243-DEM5B-20250609.zip,4,4096,2025/06/09,/kiban/app/api/download/file/615041,銀山城跡|グランクロスタワー広島
538210,DEM10B,513244,FG-GML-513244-DEM10B-20161001.zip,1767,1809408,2016/10/01,/kiban/app/api/download/file/538210,銀山城跡|グランクロスタワー広島
612292,DEM1A,513244,FG-GML-513244-DEM1A-20250502.zip,126070,129095680,2025/05/02,/kiban/app/api/download/file/612292,銀山城跡|グランクロスタワー広島
617326,DEM5A,513244,FG-GML-513244-DEM5A-20250620.zip,6309,6460416,2025/06/20,/kiban/app/api/download/file/617326,銀山城跡|グランクロスタワー広島
729479,DEM5B,513244,FG-GML-513244-DEM5B-20161001.zip,1728,1769472,2016/10/01,/kiban/app/api/download/file/729479,銀山城跡|グランクロスタワー広島
538213,DEM10B,513247,FG-GML-513247-DEM10B-20161001.zip,1743,1784832,2016/10/01,/kiban/app/api/download/file/538213,三原城跡
612295,DEM1A,513247,FG-GML-513247-DEM1A-20250502.zip,171704,175824896,2025/05/02,/kiban/app/api/download/file/612295,三原城跡
617329,DEM5A,513247,FG-GML-513247-DEM5A-20250620.zip,7708,7892992,2025/06/20,/kiban/app/api/download/file/617329,三原城跡
729487,DEM5B,513247,FG-GML-513247-DEM5B-20161001.zip,3927,4021248,2016/10/01,/kiban/app/api/download/file/729487,三原城跡
538216,DEM10B,513252,FG-GML-513252-DEM10B-20161001.zip,2022,2070528,2016/10/01,/kiban/app/api/download/file/538216,銀山城跡|グランクロスタワー広島
612298,DEM1A,513252,FG-GML-513252-DEM1A-20250502.zip,208993,214008832,2025/05/02,/kiban/app/api/download/file/612298,銀山城跡|グランクロスタワー広島
617332,DEM5A,513252,FG-GML-513252-DEM5A-20250620.zip,9010,9226240,2025/06/20,/kiban/app/api/download/file/617332,銀山城跡|グランクロスタワー広島
729490,DEM5B,513252,FG-GML-513252-DEM5B-20161001.zip,1787,1829888,2016/10/01,/kiban/app/api/download/file/729490,銀山城跡|グランクロスタワー広島
538217,DEM10B,513253,FG-GML-513253-DEM10B-20161001.zip,1658,1697792,2016/10/01,/kiban/app/api/download/file/538217,銀山城跡|グランクロスタワー広島
612299,DEM1A,513253,FG-GML-513253-DEM1A-20250502.zip,125354,128362496,2025/05/02,/kiban/app/api/download/file/612299,銀山城跡|グランクロスタワー広島
617333,DEM5A,513253,FG-GML-513253-DEM5A-20250620.zip,6327,6478848,2025/06/20,/kiban/app/api/download/file/617333,銀山城跡|グランクロスタワー広島
729491,DEM5B,513253,FG-GML-513253-DEM5B-20090901.zip,8305,8504320,2009/09/01,/kiban/app/api/download/file/729491,銀山城跡|グランクロスタワー広島
538218,DEM10B,513254,FG-GML-513254-DEM10B-20161001.zip,1910,1955840,2016/10/01,/kiban/app/api/download/file/538218,銀山城跡|グランクロスタワー広島
612300,DEM1A,513254,FG-GML-513254-DEM1A-20250502.zip,140820,144199680,2025/05/02,/kiban/app/api/download/file/612300,銀山城跡|グランクロスタワー広島
617334,DEM5A,513254,FG-GML-513254-DEM5A-20250620.zip,6865,7029760,2025/06/20,/kiban/app/api/download/file/617334,銀山城跡|グランクロスタワー広島
729494,DEM5B,513254,FG-GML-513254-DEM5B-20161001.zip,5396,5525504,2016/10/01,/kiban/app/api/download/file/729494,銀山城跡|グランクロスタワー広島
538221,DEM10B,513257,FG-GML-513257-DEM10B-20161001.zip,1837,1881088,2016/10/01,/kiban/app/api/download/file/538221,三原城跡
612303,DEM1A,513257,FG-GML-513257-DEM1A-20250502.zip,197027,201755648,2025/05/02,/kiban/app/api/download/file/612303,三原城跡
617337,DEM5A,513257,FG-GML-513257-DEM5A-20250620.zip,8551,8756224,2025/06/20,/kiban/app/api/download/file/617337,三原城跡
729502,DEM5B,513257,FG-GML-513257-DEM5B-20161001.zip,7850,8038400,2016/10/01,/kiban/app/api/download/file/729502,三原城跡
538224,DEM10B,513262,FG-GML-513262-DEM10B-20161001.zip,2050,2099200,2016/10/01,/kiban/app/api/download/file/538224,銀山城跡
612306,DEM1A,513262,FG-GML-513262-DEM1A-20250502.zip,191116,195702784,2025/05/02,/kiban/app/api/download/file/612306,銀山城跡
617340,DEM5A,513262,FG-GML-513262-DEM5A-20250620.zip,8425,8627200,2025/06/20,/kiban/app/api/download/file/617340,銀山城跡
538225,DEM10B,513263,FG-GML-513263-DEM10B-20161001.zip,1971,2018304,2016/10/01,/kiban/app/api/download/file/538225,銀山城跡
612307,DEM1A,513263,FG-GML-513263-DEM1A-20250502.zip,150430,154040320,2025/05/02,/kiban/app/api/download/file/612307,銀山城跡
617341,DEM5A,513263,FG-GML-513263-DEM5A-20250620.zip,7170,7342080,2025/06/20,/kiban/app/api/download/file/617341,銀山城跡
729505,DEM5B,513263,FG-GML-513263-DEM5B-20161001.zip,80,81920,2016/10/01,/kiban/app/api/download/file/729505,銀山城跡
538226,DEM10B,513264,FG-GML-513264-DEM10B-20161001.zip,1978,2025472,2016/10/01,/kiban/app/api/download/file/538226,銀山城跡
612308,DEM1A,513264,FG-GML-513264-DEM1A-20250502.zip,148185,151741440,2025/05/02,/kiban/app/api/download/file/612308,銀山城跡
617342,DEM5A,513264,FG-GML-513264-DEM5A-20250620.zip,7079,7248896,2025/06/20,/kiban/app/api/download/file/617342,銀山城跡
729509,DEM5B,513264,FG-GML-513264-DEM5B-20190130.zip,18175,18611200,2019/01/30,/kiban/app/api/download/file/729509,銀山城跡
538238,DEM10B,513300,FG-GML-513300-DEM10B-20161001.zip,287,293888,2016/10/01,/kiban/app/api/download/file/538238,今治城
612320,DEM1A,513300,FG-GML-513300-DEM1A-20250502.zip,27524,28184576,2025/05/02,/kiban/app/api/download/file/612320,今治城
617354,DEM5A,513300,FG-GML-513300-DEM5A-20250620.zip,1278,1308672,2025/06/20,/kiban/app/api/download/file/617354,今治城
538244,DEM10B,513310,FG-GML-513310-DEM10B-20161001.zip,540,552960,2016/10/01,/kiban/app/api/download/file/538244,今治城|能島城跡
612325,DEM1A,513310,FG-GML-513310-DEM1A-20250502.zip,56696,58056704,2025/05/02,/kiban/app/api/download/file/612325,今治城|能島城跡
617360,DEM5A,513310,FG-GML-513310-DEM5A-20250620.zip,1834,1878016,2025/06/20,/kiban/app/api/download/file/617360,今治城|能島城跡
538245,DEM10B,513311,FG-GML-513311-DEM10B-20161001.zip,72,73728,2016/10/01,/kiban/app/api/download/file/538245,能島城跡
612326,DEM1A,513311,FG-GML-513311-DEM1A-20250502.zip,3107,3181568,2025/05/02,/kiban/app/api/download/file/612326,能島城跡
617361,DEM5A,513311,FG-GML-513311-DEM5A-20250620.zip,128,131072,2025/06/20,/kiban/app/api/download/file/617361,能島城跡
538252,DEM10B,513320,FG-GML-513320-DEM10B-20161001.zip,1079,1104896,2016/10/01,/kiban/app/api/download/file/538252,能島城跡
612330,DEM1A,513320,FG-GML-513320-DEM1A-20250502.zip,117980,120811520,2025/05/02,/kiban/app/api/download/file/612330,能島城跡
617368,DEM5A,513320,FG-GML-513320-DEM5A-20250620.zip,3856,3948544,2025/06/20,/kiban/app/api/download/file/617368,能島城跡
538253,DEM10B,513321,FG-GML-513321-DEM10B-20161001.zip,195,199680,2016/10/01,/kiban/app/api/download/file/538253,能島城跡
685581,DEM1A,513321,FG-GML-513321-DEM1A-20251208.zip,17046,17455104,2025/12/08,/kiban/app/api/download/file/685581,能島城跡
686617,DEM5A,513321,FG-GML-513321-DEM5A-20251208.zip,782,800768,2025/12/08,/kiban/app/api/download/file/686617,能島城跡
538259,DEM10B,513330,FG-GML-513330-DEM10B-20161001.zip,994,1017856,2016/10/01,/kiban/app/api/download/file/538259,三原城跡|能島城跡
612334,DEM1A,513330,FG-GML-513330-DEM1A-20250502.zip,105926,108468224,2025/05/02,/kiban/app/api/download/file/612334,三原城跡|能島城跡
617375,DEM5A,513330,FG-GML-513330-DEM5A-20250620.zip,4185,4285440,2025/06/20,/kiban/app/api/download/file/617375,三原城跡|能島城跡
538260,DEM10B,513331,FG-GML-513331-DEM10B-20161001.zip,983,1006592,2016/10/01,/kiban/app/api/download/file/538260,三原城跡|能島城跡
685583,DEM1A,513331,FG-GML-513331-DEM1A-20251208.zip,103805,106296320,2025/12/08,/kiban/app/api/download/file/685583,三原城跡|能島城跡
686619,DEM5A,513331,FG-GML-513331-DEM5A-20251208.zip,4651,4762624,2025/12/08,/kiban/app/api/download/file/686619,三原城跡|能島城跡
538264,DEM10B,513335,FG-GML-513335-DEM10B-20161001.zip,227,232448,2016/10/01,/kiban/app/api/download/file/538264,瀬戸大橋タワー
663646,DEM1A,513335,FG-GML-513335-DEM1A-20250908.zip,3930,4024320,2025/09/08,/kiban/app/api/download/file/663646,瀬戸大橋タワー
662168,DEM5A,513335,FG-GML-513335-DEM5A-20250908.zip,886,907264,2025/09/08,/kiban/app/api/download/file/662168,瀬戸大橋タワー
538265,DEM10B,513336,FG-GML-513336-DEM10B-20161001.zip,618,632832,2016/10/01,/kiban/app/api/download/file/538265,瀬戸大橋タワー
663647,DEM1A,513336,FG-GML-513336-DEM1A-20250908.zip,46086,47192064,2025/09/08,/kiban/app/api/download/file/663647,瀬戸大橋タワー
662169,DEM5A,513336,FG-GML-513336-DEM5A-20250908.zip,2869,2937856,2025/09/08,/kiban/app/api/download/file/662169,瀬戸大橋タワー
615042,DEM5B,513336,FG-GML-513336-DEM5B-20250609.zip,974,997376,2025/06/09,/kiban/app/api/download/file/615042,瀬戸大橋タワー
538266,DEM10B,513337,FG-GML-513337-DEM10B-20161001.zip,1494,1529856,2016/10/01,/kiban/app/api/download/file/538266,高松城|高松シンボルタワー|瀬戸大橋タワー
663648,DEM1A,513337,FG-GML-513337-DEM1A-20250908.zip,97991,100342784,2025/09/08,/kiban/app/api/download/file/663648,高松城|高松シンボルタワー|瀬戸大橋タワー
662170,DEM5A,513337,FG-GML-513337-DEM5A-20250908.zip,5391,5520384,2025/09/08,/kiban/app/api/download/file/662170,高松城|高松シンボルタワー|瀬戸大橋タワー
538267,DEM10B,513340,FG-GML-513340-DEM10B-20161001.zip,1350,1382400,2016/10/01,/kiban/app/api/download/file/538267,三原城跡
612338,DEM1A,513340,FG-GML-513340-DEM1A-20250502.zip,159148,162967552,2025/05/02,/kiban/app/api/download/file/612338,三原城跡
617383,DEM5A,513340,FG-GML-513340-DEM5A-20250620.zip,6871,7035904,2025/06/20,/kiban/app/api/download/file/617383,三原城跡
729521,DEM5B,513340,FG-GML-513340-DEM5B-20161001.zip,1155,1182720,2016/10/01,/kiban/app/api/download/file/729521,三原城跡
538268,DEM10B,513341,FG-GML-513341-DEM10B-20161001.zip,964,987136,2016/10/01,/kiban/app/api/download/file/538268,三原城跡
612339,DEM1A,513341,FG-GML-513341-DEM1A-20250502.zip,103338,105818112,2025/05/02,/kiban/app/api/download/file/612339,三原城跡
617384,DEM5A,513341,FG-GML-513341-DEM5A-20250620.zip,4550,4659200,2025/06/20,/kiban/app/api/download/file/617384,三原城跡
538269,DEM10B,513342,FG-GML-513342-DEM10B-20161001.zip,1045,1070080,2016/10/01,/kiban/app/api/download/file/538269,福山城
612340,DEM1A,513342,FG-GML-513342-DEM1A-20250502.zip,77951,79821824,2025/05/02,/kiban/app/api/download/file/612340,福山城
617385,DEM5A,513342,FG-GML-513342-DEM5A-20250620.zip,3822,3913728,2025/06/20,/kiban/app/api/download/file/617385,福山城
538270,DEM10B,513343,FG-GML-513343-DEM10B-20161001.zip,174,178176,2016/10/01,/kiban/app/api/download/file/538270,福山城
663649,DEM1A,513343,FG-GML-513343-DEM1A-20250908.zip,9364,9588736,2025/09/08,/kiban/app/api/download/file/663649,福山城
662171,DEM5A,513343,FG-GML-513343-DEM5A-20250908.zip,518,530432,2025/09/08,/kiban/app/api/download/file/662171,福山城
538272,DEM10B,513345,FG-GML-513345-DEM10B-20161001.zip,375,384000,2016/10/01,/kiban/app/api/download/file/538272,瀬戸大橋タワー
617388,DEM5A,513345,FG-GML-513345-DEM5A-20250620.zip,1581,1618944,2025/06/20,/kiban/app/api/download/file/617388,瀬戸大橋タワー
538273,DEM10B,513346,FG-GML-513346-DEM10B-20161001.zip,285,291840,2016/10/01,/kiban/app/api/download/file/538273,瀬戸大橋タワー
663651,DEM1A,513346,FG-GML-513346-DEM1A-20250908.zip,3937,4031488,2025/09/08,/kiban/app/api/download/file/663651,瀬戸大橋タワー
662173,DEM5A,513346,FG-GML-513346-DEM5A-20250908.zip,1177,1205248,2025/09/08,/kiban/app/api/download/file/662173,瀬戸大橋タワー
538274,DEM10B,513347,FG-GML-513347-DEM10B-20161001.zip,835,855040,2016/10/01,/kiban/app/api/download/file/538274,高松城|高松シンボルタワー|瀬戸大橋タワー
663652,DEM1A,513347,FG-GML-513347-DEM1A-20250908.zip,56523,57879552,2025/09/08,/kiban/app/api/download/file/663652,高松城|高松シンボルタワー|瀬戸大橋タワー
662174,DEM5A,513347,FG-GML-513347-DEM5A-20250908.zip,2945,3015680,2025/09/08,/kiban/app/api/download/file/662174,高松城|高松シンボルタワー|瀬戸大橋タワー
615043,DEM5B,513347,FG-GML-513347-DEM5B-20250609.zip,2,2048,2025/06/09,/kiban/app/api/download/file/615043,高松城|高松シンボルタワー|瀬戸大橋タワー
538275,DEM10B,513350,FG-GML-513350-DEM10B-20161001.zip,1898,1943552,2016/10/01,/kiban/app/api/download/file/538275,三原城跡
612342,DEM1A,513350,FG-GML-513350-DEM1A-20250502.zip,214969,220128256,2025/05/02,/kiban/app/api/download/file/612342,三原城跡
617391,DEM5A,513350,FG-GML-513350-DEM5A-20250620.zip,9080,9297920,2025/06/20,/kiban/app/api/download/file/617391,三原城跡
729523,DEM5B,513350,FG-GML-513350-DEM5B-20161001.zip,6887,7052288,2016/10/01,/kiban/app/api/download/file/729523,三原城跡
538276,DEM10B,513351,FG-GML-513351-DEM10B-20161001.zip,1754,1796096,2016/10/01,/kiban/app/api/download/file/538276,三原城跡
612343,DEM1A,513351,FG-GML-513351-DEM1A-20250502.zip,192332,196947968,2025/05/02,/kiban/app/api/download/file/612343,三原城跡
617392,DEM5A,513351,FG-GML-513351-DEM5A-20250620.zip,8354,8554496,2025/06/20,/kiban/app/api/download/file/617392,三原城跡
729525,DEM5B,513351,FG-GML-513351-DEM5B-20161001.zip,2861,2929664,2016/10/01,/kiban/app/api/download/file/729525,三原城跡
538277,DEM10B,513352,FG-GML-513352-DEM10B-20161001.zip,1549,1586176,2016/10/01,/kiban/app/api/download/file/538277,福山城
612344,DEM1A,513352,FG-GML-513352-DEM1A-20250502.zip,107454,110032896,2025/05/02,/kiban/app/api/download/file/612344,福山城
617393,DEM5A,513352,FG-GML-513352-DEM5A-20250620.zip,5619,5753856,2025/06/20,/kiban/app/api/download/file/617393,福山城
729528,DEM5B,513352,FG-GML-513352-DEM5B-20180226.zip,990,1013760,2018/02/26,/kiban/app/api/download/file/729528,福山城
538278,DEM10B,513353,FG-GML-513353-DEM10B-20161001.zip,628,643072,2016/10/01,/kiban/app/api/download/file/538278,福山城
663653,DEM1A,513353,FG-GML-513353-DEM1A-20250908.zip,48256,49414144,2025/09/08,/kiban/app/api/download/file/663653,福山城
662175,DEM5A,513353,FG-GML-513353-DEM5A-20250908.zip,3097,3171328,2025/09/08,/kiban/app/api/download/file/662175,福山城
729531,DEM5B,513353,FG-GML-513353-DEM5B-20180226.zip,162,165888,2018/02/26,/kiban/app/api/download/file/729531,福山城
538280,DEM10B,513355,FG-GML-513355-DEM10B-20161001.zip,101,103424,2016/10/01,/kiban/app/api/download/file/538280,瀬戸大橋タワー
663655,DEM1A,513355,FG-GML-513355-DEM1A-20250908.zip,192,196608,2025/09/08,/kiban/app/api/download/file/663655,瀬戸大橋タワー
662177,DEM5A,513355,FG-GML-513355-DEM5A-20250908.zip,950,972800,2025/09/08,/kiban/app/api/download/file/662177,瀬戸大橋タワー
729533,DEM5B,513355,FG-GML-513355-DEM5B-20100115.zip,205,209920,2010/01/15,/kiban/app/api/download/file/729533,瀬戸大橋タワー
538281,DEM10B,513356,FG-GML-513356-DEM10B-20161001.zip,854,874496,2016/10/01,/kiban/app/api/download/file/538281,瀬戸大橋タワー
663656,DEM1A,513356,FG-GML-513356-DEM1A-20250908.zip,86747,88828928,2025/09/08,/kiban/app/api/download/file/663656,瀬戸大橋タワー
662178,DEM5A,513356,FG-GML-513356-DEM5A-20250908.zip,3193,3269632,2025/09/08,/kiban/app/api/download/file/662178,瀬戸大橋タワー
615044,DEM5B,513356,FG-GML-513356-DEM5B-20250609.zip,4,4096,2025/06/09,/kiban/app/api/download/file/615044,瀬戸大橋タワー
538282,DEM10B,513357,FG-GML-513357-DEM10B-20161001.zip,735,752640,2016/10/01,/kiban/app/api/download/file/538282,高松城|高松シンボルタワー|瀬戸大橋タワー
685584,DEM1A,513357,FG-GML-513357-DEM1A-20251208.zip,51598,52836352,2025/12/08,/kiban/app/api/download/file/685584,高松城|高松シンボルタワー|瀬戸大橋タワー
686620,DEM5A,513357,FG-GML-513357-DEM5A-20251208.zip,2600,2662400,2025/12/08,/kiban/app/api/download/file/686620,高松城|高松シンボルタワー|瀬戸大橋タワー
615045,DEM5B,513357,FG-GML-513357-DEM5B-20250609.zip,2,2048,2025/06/09,/kiban/app/api/download/file/615045,高松城|高松シンボルタワー|瀬戸大橋タワー
538285,DEM10B,513362,FG-GML-513362-DEM10B-20161001.zip,1410,1443840,2016/10/01,/kiban/app/api/download/file/538285,福山城
612352,DEM1A,513362,FG-GML-513362-DEM1A-20250502.zip,103410,105891840,2025/05/02,/kiban/app/api/download/file/612352,福山城
617401,DEM5A,513362,FG-GML-513362-DEM5A-20250620.zip,5427,5557248,2025/06/20,/kiban/app/api/download/file/617401,福山城
729540,DEM5B,513362,FG-GML-513362-DEM5B-20180226.zip,527,539648,2018/02/26,/kiban/app/api/download/file/729540,福山城
538286,DEM10B,513363,FG-GML-513363-DEM10B-20161001.zip,1577,1614848,2016/10/01,/kiban/app/api/download/file/538286,福山城
663658,DEM1A,513363,FG-GML-513363-DEM1A-20250908.zip,145059,148540416,2025/09/08,/kiban/app/api/download/file/663658,福山城
662180,DEM5A,513363,FG-GML-513363-DEM5A-20250908.zip,5855,5995520,2025/09/08,/kiban/app/api/download/file/662180,福山城
729543,DEM5B,513363,FG-GML-513363-DEM5B-20180226.zip,621,635904,2018/02/26,/kiban/app/api/download/file/729543,福山城
538290,DEM10B,513367,FG-GML-513367-DEM10B-20161001.zip,1085,1111040,2016/10/01,/kiban/app/api/download/file/538290,岡山城
685585,DEM1A,513367,FG-GML-513367-DEM1A-20251208.zip,75295,77102080,2025/12/08,/kiban/app/api/download/file/685585,岡山城
686621,DEM5A,513367,FG-GML-513367-DEM5A-20251208.zip,4812,4927488,2025/12/08,/kiban/app/api/download/file/686621,岡山城
615046,DEM5B,513367,FG-GML-513367-DEM5B-20250609.zip,5,5120,2025/06/09,/kiban/app/api/download/file/615046,岡山城
538297,DEM10B,513376,FG-GML-513376-DEM10B-20161001.zip,959,982016,2016/10/01,/kiban/app/api/download/file/538297,岡山城
663665,DEM1A,513376,FG-GML-513376-DEM1A-20250908.zip,108435,111037440,2025/09/08,/kiban/app/api/download/file/663665,岡山城
662187,DEM5A,513376,FG-GML-513376-DEM5A-20250908.zip,4400,4505600,2025/09/08,/kiban/app/api/download/file/662187,岡山城
729561,DEM5B,513376,FG-GML-513376-DEM5B-20100115.zip,4882,4999168,2010/01/15,/kiban/app/api/download/file/729561,岡山城
538298,DEM10B,513377,FG-GML-513377-DEM10B-20161001.zip,409,418816,2016/10/01,/kiban/app/api/download/file/538298,岡山城
663666,DEM1A,513377,FG-GML-513377-DEM1A-20250908.zip,42009,43017216,2025/09/08,/kiban/app/api/download/file/663666,岡山城
662188,DEM5A,513377,FG-GML-513377-DEM5A-20250908.zip,3061,3134464,2025/09/08,/kiban/app/api/download/file/662188,岡山城
729562,DEM5B,513377,FG-GML-513377-DEM5B-20100115.zip,4808,4923392,2010/01/15,/kiban/app/api/download/file/729562,岡山城
538302,DEM10B,513403,FG-GML-513403-DEM10B-20161001.zip,1440,1474560,2016/10/01,/kiban/app/api/download/file/538302,徳島城跡
612368,DEM1A,513403,FG-GML-513403-DEM1A-20250502.zip,177369,181625856,2025/05/02,/kiban/app/api/download/file/612368,徳島城跡
617418,DEM5A,513403,FG-GML-513403-DEM5A-20250620.zip,7498,7677952,2025/06/20,/kiban/app/api/download/file/617418,徳島城跡
615048,DEM5B,513403,FG-GML-513403-DEM5B-20250609.zip,5316,5443584,2025/06/09,/kiban/app/api/download/file/615048,徳島城跡
538303,DEM10B,513404,FG-GML-513404-DEM10B-20161001.zip,793,812032,2016/10/01,/kiban/app/api/download/file/538303,徳島城跡
612369,DEM1A,513404,FG-GML-513404-DEM1A-20250502.zip,43964,45019136,2025/05/02,/kiban/app/api/download/file/612369,徳島城跡
617419,DEM5A,513404,FG-GML-513404-DEM5A-20250620.zip,3997,4092928,2025/06/20,/kiban/app/api/download/file/617419,徳島城跡
615049,DEM5B,513404,FG-GML-513404-DEM5B-20250609.zip,1653,1692672,2025/06/09,/kiban/app/api/download/file/615049,徳島城跡
538304,DEM10B,513405,FG-GML-513405-DEM10B-20161001.zip,55,56320,2016/10/01,/kiban/app/api/download/file/538304,徳島城跡
617420,DEM5A,513405,FG-GML-513405-DEM5A-20250620.zip,97,99328,2025/06/20,/kiban/app/api/download/file/617420,徳島城跡
615050,DEM5B,513405,FG-GML-513405-DEM5B-20250609.zip,2,2048,2025/06/09,/kiban/app/api/download/file/615050,徳島城跡
538308,DEM10B,513413,FG-GML-513413-DEM10B-20161001.zip,937,959488,2016/10/01,/kiban/app/api/download/file/538308,徳島城跡
612373,DEM1A,513413,FG-GML-513413-DEM1A-20250502.zip,134628,137859072,2025/05/02,/kiban/app/api/download/file/612373,徳島城跡
617424,DEM5A,513413,FG-GML-513413-DEM5A-20250620.zip,5723,5860352,2025/06/20,/kiban/app/api/download/file/617424,徳島城跡
729571,DEM5B,513413,FG-GML-513413-DEM5B-20170202.zip,3038,3110912,2017/02/02,/kiban/app/api/download/file/729571,徳島城跡
538309,DEM10B,513414,FG-GML-513414-DEM10B-20161001.zip,311,318464,2016/10/01,/kiban/app/api/download/file/538309,徳島城跡
612374,DEM1A,513414,FG-GML-513414-DEM1A-20250502.zip,81372,83324928,2025/05/02,/kiban/app/api/download/file/612374,徳島城跡
617425,DEM5A,513414,FG-GML-513414-DEM5A-20250620.zip,4771,4885504,2025/06/20,/kiban/app/api/download/file/617425,徳島城跡
615051,DEM5B,513414,FG-GML-513414-DEM5B-20250609.zip,116,118784,2025/06/09,/kiban/app/api/download/file/615051,徳島城跡
538310,DEM10B,513415,FG-GML-513415-DEM10B-20161001.zip,47,48128,2016/10/01,/kiban/app/api/download/file/538310,徳島城跡
612375,DEM1A,513415,FG-GML-513415-DEM1A-20250502.zip,823,842752,2025/05/02,/kiban/app/api/download/file/612375,徳島城跡
617426,DEM5A,513415,FG-GML-513415-DEM5A-20250620.zip,44,45056,2025/06/20,/kiban/app/api/download/file/617426,徳島城跡
615052,DEM5B,513415,FG-GML-513415-DEM5B-20250609.zip,2,2048,2025/06/09,/kiban/app/api/download/file/615052,徳島城跡
538320,DEM10B,513430,FG-GML-513430-DEM10B-20161001.zip,854,874496,2016/10/01,/kiban/app/api/download/file/538320,高松城|高松シンボルタワー
663671,DEM1A,513430,FG-GML-513430-DEM1A-20250908.zip,59123,60541952,2025/09/08,/kiban/app/api/download/file/663671,高松城|高松シンボルタワー
662193,DEM5A,513430,FG-GML-513430-DEM5A-20250908.zip,3696,3784704,2025/09/08,/kiban/app/api/download/file/662193,高松城|高松シンボルタワー
538321,DEM10B,513431,FG-GML-513431-DEM10B-20161001.zip,1309,1340416,2016/10/01,/kiban/app/api/download/file/538321,高松城|高松シンボルタワー
663672,DEM1A,513431,FG-GML-513431-DEM1A-20250908.zip,88050,90163200,2025/09/08,/kiban/app/api/download/file/663672,高松城|高松シンボルタワー
662194,DEM5A,513431,FG-GML-513431-DEM5A-20250908.zip,4876,4993024,2025/09/08,/kiban/app/api/download/file/662194,高松城|高松シンボルタワー
538328,DEM10B,513440,FG-GML-513440-DEM10B-20161001.zip,431,441344,2016/10/01,/kiban/app/api/download/file/538328,高松城|高松シンボルタワー
663676,DEM1A,513440,FG-GML-513440-DEM1A-20250908.zip,24288,24870912,2025/09/08,/kiban/app/api/download/file/663676,高松城|高松シンボルタワー
662198,DEM5A,513440,FG-GML-513440-DEM5A-20250908.zip,1795,1838080,2025/09/08,/kiban/app/api/download/file/662198,高松城|高松シンボルタワー
729580,DEM5B,513440,FG-GML-513440-DEM5B-20080331.zip,408,417792,2008/03/31,/kiban/app/api/download/file/729580,高松城|高松シンボルタワー
538329,DEM10B,513441,FG-GML-513441-DEM10B-20161001.zip,589,603136,2016/10/01,/kiban/app/api/download/file/538329,高松城|高松シンボルタワー
685586,DEM1A,513441,FG-GML-513441-DEM1A-20251208.zip,35893,36754432,2025/12/08,/kiban/app/api/download/file/685586,高松城|高松シンボルタワー
686622,DEM5A,513441,FG-GML-513441-DEM5A-20251208.zip,1985,2032640,2025/12/08,/kiban/app/api/download/file/686622,高松城|高松シンボルタワー
729581,DEM5B,513441,FG-GML-513441-DEM5B-20080331.zip,76,77824,2008/03/31,/kiban/app/api/download/file/729581,高松城|高松シンボルタワー
538334,DEM10B,513450,FG-GML-513450-DEM10B-20161001.zip,441,451584,2016/10/01,/kiban/app/api/download/file/538334,高松城|高松シンボルタワー
685587,DEM1A,513450,FG-GML-513450-DEM1A-20251208.zip,25874,26494976,2025/12/08,/kiban/app/api/download/file/685587,高松城|高松シンボルタワー
686623,DEM5A,513450,FG-GML-513450-DEM5A-20251208.zip,1518,1554432,2025/12/08,/kiban/app/api/download/file/686623,高松城|高松シンボルタワー
729583,DEM5B,513450,FG-GML-513450-DEM5B-20100115.zip,369,377856,2010/01/15,/kiban/app/api/download/file/729583,高松城|高松シンボルタワー
538345,DEM10B,513467,FG-GML-513467-DEM10B-20161001.zip,1216,1245184,2016/10/01,/kiban/app/api/download/file/538345,明石城
612396,DEM1A,513467,FG-GML-513467-DEM1A-20250502.zip,125836,128856064,2025/05/02,/kiban/app/api/download/file/612396,明石城
617461,DEM5A,513467,FG-GML-513467-DEM5A-20250620.zip,3943,4037632,2025/06/20,/kiban/app/api/download/file/617461,明石城
538346,DEM10B,513470,FG-GML-513470-DEM10B-20161001.zip,966,989184,2016/10/01,/kiban/app/api/download/file/538346,岡山城
663681,DEM1A,513470,FG-GML-513470-DEM1A-20250908.zip,70225,71910400,2025/09/08,/kiban/app/api/download/file/663681,岡山城
662203,DEM5A,513470,FG-GML-513470-DEM5A-20250908.zip,3974,4069376,2025/09/08,/kiban/app/api/download/file/662203,岡山城
729585,DEM5B,513470,FG-GML-513470-DEM5B-20100115.zip,5771,5909504,2010/01/15,/kiban/app/api/download/file/729585,岡山城
538350,DEM10B,513477,FG-GML-513477-DEM10B-20161001.zip,243,248832,2016/10/01,/kiban/app/api/download/file/538350,明石城
612399,DEM1A,513477,FG-GML-513477-DEM1A-20250502.zip,14935,15293440,2025/05/02,/kiban/app/api/download/file/612399,明石城
617466,DEM5A,513477,FG-GML-513477-DEM5A-20250620.zip,1036,1060864,2025/06/20,/kiban/app/api/download/file/617466,明石城
729586,DEM5B,513477,FG-GML-513477-DEM5B-20100801.zip,12,12288,2010/08/01,/kiban/app/api/download/file/729586,明石城
538362,DEM10B,513513,FG-GML-513513-DEM10B-20161001.zip,2051,2100224,2016/10/01,/kiban/app/api/download/file/538362,高野山 金剛峯寺
612411,DEM1A,513513,FG-GML-513513-DEM1A-20250502.zip,127150,130201600,2025/05/02,/kiban/app/api/download/file/612411,高野山 金剛峯寺
617478,DEM5A,513513,FG-GML-513513-DEM5A-20250620.zip,8478,8681472,2025/06/20,/kiban/app/api/download/file/617478,高野山 金剛峯寺
538363,DEM10B,513514,FG-GML-513514-DEM10B-20161001.zip,2102,2152448,2016/10/01,/kiban/app/api/download/file/538363,高野山 金剛峯寺
663689,DEM1A,513514,FG-GML-513514-DEM1A-20250828.zip,97853,100201472,2025/08/28,/kiban/app/api/download/file/663689,高野山 金剛峯寺
662211,DEM5A,513514,FG-GML-513514-DEM5A-20250828.zip,8977,9192448,2025/08/28,/kiban/app/api/download/file/662211,高野山 金剛峯寺
538364,DEM10B,513515,FG-GML-513515-DEM10B-20161001.zip,2141,2192384,2016/10/01,/kiban/app/api/download/file/538364,高野山 金剛峯寺
663690,DEM1A,513515,FG-GML-513515-DEM1A-20250828.zip,197090,201820160,2025/08/28,/kiban/app/api/download/file/663690,高野山 金剛峯寺
662212,DEM5A,513515,FG-GML-513515-DEM5A-20250828.zip,8779,8989696,2025/08/28,/kiban/app/api/download/file/662212,高野山 金剛峯寺
538365,DEM10B,513516,FG-GML-513516-DEM10B-20161001.zip,2144,2195456,2016/10/01,/kiban/app/api/download/file/538365,大峰山（弥山）
663691,DEM1A,513516,FG-GML-513516-DEM1A-20250828.zip,240818,246597632,2025/08/28,/kiban/app/api/download/file/663691,大峰山（弥山）
662213,DEM5A,513516,FG-GML-513516-DEM5A-20250828.zip,10383,10632192,2025/08/28,/kiban/app/api/download/file/662213,大峰山（弥山）
538366,DEM10B,513517,FG-GML-513517-DEM10B-20161001.zip,2229,2282496,2016/10/01,/kiban/app/api/download/file/538366,大峰山（弥山）
663692,DEM1A,513517,FG-GML-513517-DEM1A-20250828.zip,240082,245843968,2025/08/28,/kiban/app/api/download/file/663692,大峰山（弥山）
662214,DEM5A,513517,FG-GML-513517-DEM5A-20250828.zip,10374,10622976,2025/08/28,/kiban/app/api/download/file/662214,大峰山（弥山）
538370,DEM10B,513523,FG-GML-513523-DEM10B-20161001.zip,2016,2064384,2016/10/01,/kiban/app/api/download/file/538370,高野山 金剛峯寺
612417,DEM1A,513523,FG-GML-513523-DEM1A-20250502.zip,229178,234678272,2025/05/02,/kiban/app/api/download/file/612417,高野山 金剛峯寺
617486,DEM5A,513523,FG-GML-513523-DEM5A-20250620.zip,7340,7516160,2025/06/20,/kiban/app/api/download/file/617486,高野山 金剛峯寺
729599,DEM5B,513523,FG-GML-513523-DEM5B-20161001.zip,2111,2161664,2016/10/01,/kiban/app/api/download/file/729599,高野山 金剛峯寺
538371,DEM10B,513524,FG-GML-513524-DEM10B-20161001.zip,2043,2092032,2016/10/01,/kiban/app/api/download/file/538371,高野山 金剛峯寺
612418,DEM1A,513524,FG-GML-513524-DEM1A-20250502.zip,188527,193051648,2025/05/02,/kiban/app/api/download/file/612418,高野山 金剛峯寺
617487,DEM5A,513524,FG-GML-513524-DEM5A-20250620.zip,7876,8065024,2025/06/20,/kiban/app/api/download/file/617487,高野山 金剛峯寺
538372,DEM10B,513525,FG-GML-513525-DEM10B-20161001.zip,2026,2074624,2016/10/01,/kiban/app/api/download/file/538372,高野山 金剛峯寺
663696,DEM1A,513525,FG-GML-513525-DEM1A-20250828.zip,206272,211222528,2025/08/28,/kiban/app/api/download/file/663696,高野山 金剛峯寺
662218,DEM5A,513525,FG-GML-513525-DEM5A-20250828.zip,8176,8372224,2025/08/28,/kiban/app/api/download/file/662218,高野山 金剛峯寺
538373,DEM10B,513526,FG-GML-513526-DEM10B-20161001.zip,2103,2153472,2016/10/01,/kiban/app/api/download/file/538373,大峰山（弥山）
663697,DEM1A,513526,FG-GML-513526-DEM1A-20250828.zip,193039,197671936,2025/08/28,/kiban/app/api/download/file/663697,大峰山（弥山）
662219,DEM5A,513526,FG-GML-513526-DEM5A-20250828.zip,8386,8587264,2025/08/28,/kiban/app/api/download/file/662219,大峰山（弥山）
538374,DEM10B,513527,FG-GML-513527-DEM10B-20161001.zip,2217,2270208,2016/10/01,/kiban/app/api/download/file/538374,大峰山（弥山）
663698,DEM1A,513527,FG-GML-513527-DEM1A-20250828.zip,210705,215761920,2025/08/28,/kiban/app/api/download/file/663698,大峰山（弥山）
662220,DEM5A,513527,FG-GML-513527-DEM5A-20250828.zip,9340,9564160,2025/08/28,/kiban/app/api/download/file/662220,大峰山（弥山）
538378,DEM10B,513533,FG-GML-513533-DEM10B-20161001.zip,1711,1752064,2016/10/01,/kiban/app/api/download/file/538378,高野山 金剛峯寺
663702,DEM1A,513533,FG-GML-513533-DEM1A-20250828.zip,192221,196834304,2025/08/28,/kiban/app/api/download/file/663702,高野山 金剛峯寺
662224,DEM5A,513533,FG-GML-513533-DEM5A-20250828.zip,6751,6913024,2025/08/28,/kiban/app/api/download/file/662224,高野山 金剛峯寺
729605,DEM5B,513533,FG-GML-513533-DEM5B-20161001.zip,5766,5904384,2016/10/01,/kiban/app/api/download/file/729605,高野山 金剛峯寺
538379,DEM10B,513534,FG-GML-513534-DEM10B-20161001.zip,1776,1818624,2016/10/01,/kiban/app/api/download/file/538379,高野山 金剛峯寺
663703,DEM1A,513534,FG-GML-513534-DEM1A-20250828.zip,204829,209744896,2025/08/28,/kiban/app/api/download/file/663703,高野山 金剛峯寺
662225,DEM5A,513534,FG-GML-513534-DEM5A-20250828.zip,7104,7274496,2025/08/28,/kiban/app/api/download/file/662225,高野山 金剛峯寺
729607,DEM5B,513534,FG-GML-513534-DEM5B-20161001.zip,4010,4106240,2016/10/01,/kiban/app/api/download/file/729607,高野山 金剛峯寺
538380,DEM10B,513535,FG-GML-513535-DEM10B-20161001.zip,1935,1981440,2016/10/01,/kiban/app/api/download/file/538380,高野山 金剛峯寺
663704,DEM1A,513535,FG-GML-513535-DEM1A-20250828.zip,221505,226821120,2025/08/28,/kiban/app/api/download/file/663704,高野山 金剛峯寺
662226,DEM5A,513535,FG-GML-513535-DEM5A-20250828.zip,7108,7278592,2025/08/28,/kiban/app/api/download/file/662226,高野山 金剛峯寺
729609,DEM5B,513535,FG-GML-513535-DEM5B-20161001.zip,4109,4207616,2016/10/01,/kiban/app/api/download/file/729609,高野山 金剛峯寺
538381,DEM10B,513536,FG-GML-513536-DEM10B-20161001.zip,2065,2114560,2016/10/01,/kiban/app/api/download/file/538381,大峰山（弥山）
663705,DEM1A,513536,FG-GML-513536-DEM1A-20250828.zip,225177,230581248,2025/08/28,/kiban/app/api/download/file/663705,大峰山（弥山）
662227,DEM5A,513536,FG-GML-513536-DEM5A-20250828.zip,8032,8224768,2025/08/28,/kiban/app/api/download/file/662227,大峰山（弥山）
729611,DEM5B,513536,FG-GML-513536-DEM5B-20161001.zip,937,959488,2016/10/01,/kiban/app/api/download/file/729611,大峰山（弥山）
538382,DEM10B,513537,FG-GML-513537-DEM10B-20161001.zip,2176,2228224,2016/10/01,/kiban/app/api/download/file/538382,大峰山（弥山）
663706,DEM1A,513537,FG-GML-513537-DEM1A-20250828.zip,221420,226734080,2025/08/28,/kiban/app/api/download/file/663706,大峰山（弥山）
662228,DEM5A,513537,FG-GML-513537-DEM5A-20250828.zip,9727,9960448,2025/08/28,/kiban/app/api/download/file/662228,大峰山（弥山）
538384,DEM10B,513542,FG-GML-513542-DEM10B-20161001.zip,1249,1278976,2016/10/01,/kiban/app/api/download/file/538384,岸和田城
685597,DEM1A,513542,FG-GML-513542-DEM1A-20251208.zip,64454,66000896,2025/12/08,/kiban/app/api/download/file/685597,岸和田城
686633,DEM5A,513542,FG-GML-513542-DEM5A-20251208.zip,5676,5812224,2025/12/08,/kiban/app/api/download/file/686633,岸和田城
615065,DEM5B,513542,FG-GML-513542-DEM5B-20250609.zip,3,3072,2025/06/09,/kiban/app/api/download/file/615065,岸和田城
538385,DEM10B,513543,FG-GML-513543-DEM10B-20161001.zip,1980,2027520,2016/10/01,/kiban/app/api/download/file/538385,岸和田城
685598,DEM1A,513543,FG-GML-513543-DEM1A-20251208.zip,178873,183165952,2025/12/08,/kiban/app/api/download/file/685598,岸和田城
686634,DEM5A,513543,FG-GML-513543-DEM5A-20251208.zip,7714,7899136,2025/12/08,/kiban/app/api/download/file/686634,岸和田城
729613,DEM5B,513543,FG-GML-513543-DEM5B-20161001.zip,6730,6891520,2016/10/01,/kiban/app/api/download/file/729613,岸和田城
538386,DEM10B,513544,FG-GML-513544-DEM10B-20161001.zip,2008,2056192,2016/10/01,/kiban/app/api/download/file/538386,PLの塔（大平和祈念塔）
663707,DEM1A,513544,FG-GML-513544-DEM1A-20250828.zip,227178,232630272,2025/08/28,/kiban/app/api/download/file/663707,PLの塔（大平和祈念塔）
662229,DEM5A,513544,FG-GML-513544-DEM5A-20250828.zip,7397,7574528,2025/08/28,/kiban/app/api/download/file/662229,PLの塔（大平和祈念塔）
729615,DEM5B,513544,FG-GML-513544-DEM5B-20161001.zip,8500,8704000,2016/10/01,/kiban/app/api/download/file/729615,PLの塔（大平和祈念塔）
538391,DEM10B,513552,FG-GML-513552-DEM10B-20161001.zip,238,243712,2016/10/01,/kiban/app/api/download/file/538391,岸和田城
617507,DEM5A,513552,FG-GML-513552-DEM5A-20250620.zip,1487,1522688,2025/06/20,/kiban/app/api/download/file/617507,岸和田城
538392,DEM10B,513553,FG-GML-513553-DEM10B-20161001.zip,1248,1277952,2016/10/01,/kiban/app/api/download/file/538392,岸和田城|PLの塔（大平和祈念塔）
685600,DEM1A,513553,FG-GML-513553-DEM1A-20251208.zip,10464,10715136,2025/12/08,/kiban/app/api/download/file/685600,岸和田城|PLの塔（大平和祈念塔）
686636,DEM5A,513553,FG-GML-513553-DEM5A-20251208.zip,6813,6976512,2025/12/08,/kiban/app/api/download/file/686636,岸和田城|PLの塔（大平和祈念塔）
729624,DEM5B,513553,FG-GML-513553-DEM5B-20170314.zip,297,304128,2017/03/14,/kiban/app/api/download/file/729624,岸和田城|PLの塔（大平和祈念塔）
538393,DEM10B,513554,FG-GML-513554-DEM10B-20161001.zip,1624,1662976,2016/10/01,/kiban/app/api/download/file/538393,PLの塔（大平和祈念塔）
685601,DEM1A,513554,FG-GML-513554-DEM1A-20251208.zip,103935,106429440,2025/12/08,/kiban/app/api/download/file/685601,PLの塔（大平和祈念塔）
686637,DEM5A,513554,FG-GML-513554-DEM5A-20251208.zip,6692,6852608,2025/12/08,/kiban/app/api/download/file/686637,PLの塔（大平和祈念塔）
729627,DEM5B,513554,FG-GML-513554-DEM5B-20170314.zip,3142,3217408,2017/03/14,/kiban/app/api/download/file/729627,PLの塔（大平和祈念塔）
538394,DEM10B,513555,FG-GML-513555-DEM10B-20161001.zip,1866,1910784,2016/10/01,/kiban/app/api/download/file/538394,PLの塔（大平和祈念塔）
612436,DEM1A,513555,FG-GML-513555-DEM1A-20250502.zip,188632,193159168,2025/05/02,/kiban/app/api/download/file/612436,PLの塔（大平和祈念塔）
617510,DEM5A,513555,FG-GML-513555-DEM5A-20250620.zip,6581,6738944,2025/06/20,/kiban/app/api/download/file/617510,PLの塔（大平和祈念塔）
729629,DEM5B,513555,FG-GML-513555-DEM5B-20161001.zip,7271,7445504,2016/10/01,/kiban/app/api/download/file/729629,PLの塔（大平和祈念塔）
538397,DEM10B,513560,FG-GML-513560-DEM10B-20161001.zip,154,157696,2016/10/01,/kiban/app/api/download/file/538397,明石城
612439,DEM1A,513560,FG-GML-513560-DEM1A-20250502.zip,11001,11265024,2025/05/02,/kiban/app/api/download/file/612439,明石城
617513,DEM5A,513560,FG-GML-513560-DEM5A-20250620.zip,350,358400,2025/06/20,/kiban/app/api/download/file/617513,明石城
538398,DEM10B,513562,FG-GML-513562-DEM10B-20161001.zip,47,48128,2016/10/01,/kiban/app/api/download/file/538398,岸和田城|大阪府咲洲庁舎
617514,DEM5A,513562,FG-GML-513562-DEM5A-20250620.zip,52,53248,2025/06/20,/kiban/app/api/download/file/617514,岸和田城|大阪府咲洲庁舎
538399,DEM10B,513563,FG-GML-513563-DEM10B-20161001.zip,514,526336,2016/10/01,/kiban/app/api/download/file/538399,岸和田城|ユニバーサル・スタジオ・ジャパン|あべのハルカス|大阪府咲洲庁舎|通天閣|PLの塔（大平和祈念塔）
685603,DEM1A,513563,FG-GML-513563-DEM1A-20251208.zip,516,528384,2025/12/08,/kiban/app/api/download/file/685603,岸和田城|ユニバーサル・スタジオ・ジャパン|あべのハルカス|大阪府咲洲庁舎|通天閣|PLの塔（大平和祈念塔）
686639,DEM5A,513563,FG-GML-513563-DEM5A-20251208.zip,4247,4348928,2025/12/08,/kiban/app/api/download/file/686639,岸和田城|ユニバーサル・スタジオ・ジャパン|あべのハルカス|大阪府咲洲庁舎|通天閣|PLの塔（大平和祈念塔）
538400,DEM10B,513564,FG-GML-513564-DEM10B-20161001.zip,929,951296,2016/10/01,/kiban/app/api/download/file/538400,あべのハルカス|大阪府咲洲庁舎|通天閣|PLの塔（大平和祈念塔）
685604,DEM1A,513564,FG-GML-513564-DEM1A-20251208.zip,11384,11657216,2025/12/08,/kiban/app/api/download/file/685604,あべのハルカス|大阪府咲洲庁舎|通天閣|PLの塔（大平和祈念塔）
686640,DEM5A,513564,FG-GML-513564-DEM5A-20251208.zip,5937,6079488,2025/12/08,/kiban/app/api/download/file/686640,あべのハルカス|大阪府咲洲庁舎|通天閣|PLの塔（大平和祈念塔）
538401,DEM10B,513565,FG-GML-513565-DEM10B-20161001.zip,1462,1497088,2016/10/01,/kiban/app/api/download/file/538401,大和郡山城|PLの塔（大平和祈念塔）
612440,DEM1A,513565,FG-GML-513565-DEM1A-20250502.zip,154253,157955072,2025/05/02,/kiban/app/api/download/file/612440,大和郡山城|PLの塔（大平和祈念塔）
617517,DEM5A,513565,FG-GML-513565-DEM5A-20250620.zip,5514,5646336,2025/06/20,/kiban/app/api/download/file/617517,大和郡山城|PLの塔（大平和祈念塔）
729636,DEM5B,513565,FG-GML-513565-DEM5B-20161001.zip,5407,5536768,2016/10/01,/kiban/app/api/download/file/729636,大和郡山城|PLの塔（大平和祈念塔）
538402,DEM10B,513566,FG-GML-513566-DEM10B-20161001.zip,850,870400,2016/10/01,/kiban/app/api/download/file/538402,大和郡山城
685605,DEM1A,513566,FG-GML-513566-DEM1A-20251208.zip,50052,51253248,2025/12/08,/kiban/app/api/download/file/685605,大和郡山城
686641,DEM5A,513566,FG-GML-513566-DEM5A-20251208.zip,5673,5809152,2025/12/08,/kiban/app/api/download/file/686641,大和郡山城
615066,DEM5B,513566,FG-GML-513566-DEM5B-20250609.zip,68,69632,2025/06/09,/kiban/app/api/download/file/615066,大和郡山城
538404,DEM10B,513570,FG-GML-513570-DEM10B-20161001.zip,707,723968,2016/10/01,/kiban/app/api/download/file/538404,明石城|シティタワー神戸三宮|D'グラフォート神戸三宮タワー|神戸ポートタワー
685606,DEM1A,513570,FG-GML-513570-DEM1A-20251208.zip,37319,38214656,2025/12/08,/kiban/app/api/download/file/685606,明石城|シティタワー神戸三宮|D'グラフォート神戸三宮タワー|神戸ポートタワー
686642,DEM5A,513570,FG-GML-513570-DEM5A-20251208.zip,2670,2734080,2025/12/08,/kiban/app/api/download/file/686642,明石城|シティタワー神戸三宮|D'グラフォート神戸三宮タワー|神戸ポートタワー
615067,DEM5B,513570,FG-GML-513570-DEM5B-20250609.zip,2,2048,2025/06/09,/kiban/app/api/download/file/615067,明石城|シティタワー神戸三宮|D'グラフォート神戸三宮タワー|神戸ポートタワー
538405,DEM10B,513571,FG-GML-513571-DEM10B-20161001.zip,142,145408,2016/10/01,/kiban/app/api/download/file/538405,シティタワー神戸三宮|D'グラフォート神戸三宮タワー|神戸ポートタワー
685607,DEM1A,513571,FG-GML-513571-DEM1A-20251208.zip,2213,2266112,2025/12/08,/kiban/app/api/download/file/685607,シティタワー神戸三宮|D'グラフォート神戸三宮タワー|神戸ポートタワー
686643,DEM5A,513571,FG-GML-513571-DEM5A-20251208.zip,1040,1064960,2025/12/08,/kiban/app/api/download/file/686643,シティタワー神戸三宮|D'グラフォート神戸三宮タワー|神戸ポートタワー
729639,DEM5B,513571,FG-GML-513571-DEM5B-20100801.zip,36,36864,2010/08/01,/kiban/app/api/download/file/729639,シティタワー神戸三宮|D'グラフォート神戸三宮タワー|神戸ポートタワー
538406,DEM10B,513572,FG-GML-513572-DEM10B-20161001.zip,43,44032,2016/10/01,/kiban/app/api/download/file/538406,ユニバーサル・スタジオ・ジャパン|シティタワー神戸三宮|D'グラフォート神戸三宮タワー|大阪府咲洲庁舎|神戸ポートタワー
617522,DEM5A,513572,FG-GML-513572-DEM5A-20250620.zip,6,6144,2025/06/20,/kiban/app/api/download/file/617522,ユニバーサル・スタジオ・ジャパン|シティタワー神戸三宮|D'グラフォート神戸三宮タワー|大阪府咲洲庁舎|神戸ポートタワー
615068,DEM5B,513572,FG-GML-513572-DEM5B-20250609.zip,38,38912,2025/06/09,/kiban/app/api/download/file/615068,ユニバーサル・スタジオ・ジャパン|シティタワー神戸三宮|D'グラフォート神戸三宮タワー|大阪府咲洲庁舎|神戸ポートタワー
538407,DEM10B,513573,FG-GML-513573-DEM10B-20161001.zip,277,283648,2016/10/01,/kiban/app/api/download/file/538407,大阪城|ユニバーサル・スタジオ・ジャパン|あべのハルカス|梅田スカイビル|大阪府咲洲庁舎|通天閣|HEP FIVE観覧車
617523,DEM5A,513573,FG-GML-513573-DEM5A-20250620.zip,3185,3261440,2025/06/20,/kiban/app/api/download/file/617523,大阪城|ユニバーサル・スタジオ・ジャパン|あべのハルカス|梅田スカイビル|大阪府咲洲庁舎|通天閣|HEP FIVE観覧車
615069,DEM5B,513573,FG-GML-513573-DEM5B-20250609.zip,60,61440,2025/06/09,/kiban/app/api/download/file/615069,大阪城|ユニバーサル・スタジオ・ジャパン|あべのハルカス|梅田スカイビル|大阪府咲洲庁舎|通天閣|HEP FIVE観覧車
538408,DEM10B,513574,FG-GML-513574-DEM10B-20161001.zip,334,342016,2016/10/01,/kiban/app/api/download/file/538408,大阪城|ユニバーサル・スタジオ・ジャパン|あべのハルカス|梅田スカイビル|大阪府咲洲庁舎|通天閣|PLの塔（大平和祈念塔）|HEP FIVE観覧車
617524,DEM5A,513574,FG-GML-513574-DEM5A-20250620.zip,5115,5237760,2025/06/20,/kiban/app/api/download/file/617524,大阪城|ユニバーサル・スタジオ・ジャパン|あべのハルカス|梅田スカイビル|大阪府咲洲庁舎|通天閣|PLの塔（大平和祈念塔）|HEP FIVE観覧車
538409,DEM10B,513575,FG-GML-513575-DEM10B-20161001.zip,1662,1701888,2016/10/01,/kiban/app/api/download/file/538409,大阪城|大和郡山城|PLの塔（大平和祈念塔）
612444,DEM1A,513575,FG-GML-513575-DEM1A-20250502.zip,153602,157288448,2025/05/02,/kiban/app/api/download/file/612444,大阪城|大和郡山城|PLの塔（大平和祈念塔）
617525,DEM5A,513575,FG-GML-513575-DEM5A-20250620.zip,6404,6557696,2025/06/20,/kiban/app/api/download/file/617525,大阪城|大和郡山城|PLの塔（大平和祈念塔）
729642,DEM5B,513575,FG-GML-513575-DEM5B-20161001.zip,5922,6064128,2016/10/01,/kiban/app/api/download/file/729642,大阪城|大和郡山城|PLの塔（大平和祈念塔）
538410,DEM10B,513576,FG-GML-513576-DEM10B-20161001.zip,1060,1085440,2016/10/01,/kiban/app/api/download/file/538410,大和郡山城
685608,DEM1A,513576,FG-GML-513576-DEM1A-20251208.zip,67491,69110784,2025/12/08,/kiban/app/api/download/file/685608,大和郡山城
686644,DEM5A,513576,FG-GML-513576-DEM5A-20251208.zip,5761,5899264,2025/12/08,/kiban/app/api/download/file/686644,大和郡山城
729645,DEM5B,513576,FG-GML-513576-DEM5B-20161001.zip,2502,2562048,2016/10/01,/kiban/app/api/download/file/729645,大和郡山城
538411,DEM10B,513577,FG-GML-513577-DEM10B-20161001.zip,1807,1850368,2016/10/01,/kiban/app/api/download/file/538411,大和郡山城
663713,DEM1A,513577,FG-GML-513577-DEM1A-20250828.zip,203938,208832512,2025/08/28,/kiban/app/api/download/file/663713,大和郡山城
662235,DEM5A,513577,FG-GML-513577-DEM5A-20250828.zip,6567,6724608,2025/08/28,/kiban/app/api/download/file/662235,大和郡山城
729647,DEM5B,513577,FG-GML-513577-DEM5B-20161001.zip,7556,7737344,2016/10/01,/kiban/app/api/download/file/729647,大和郡山城
538415,DEM10B,513610,FG-GML-513610-DEM10B-20161001.zip,2160,2211840,2016/10/01,/kiban/app/api/download/file/538415,大峰山（弥山）|大台ヶ原山
685612,DEM1A,513610,FG-GML-513610-DEM1A-20251208.zip,229698,235210752,2025/12/08,/kiban/app/api/download/file/685612,大峰山（弥山）|大台ヶ原山
686648,DEM5A,513610,FG-GML-513610-DEM5A-20251208.zip,9471,9698304,2025/12/08,/kiban/app/api/download/file/686648,大峰山（弥山）|大台ヶ原山
729650,DEM5C,513610,FG-GML-513610-DEM5C-20220124.zip,41,41984,2022/01/24,/kiban/app/api/download/file/729650,大峰山（弥山）|大台ヶ原山
538416,DEM10B,513611,FG-GML-513611-DEM10B-20161001.zip,1937,1983488,2016/10/01,/kiban/app/api/download/file/538416,大台ヶ原山
685613,DEM1A,513611,FG-GML-513611-DEM1A-20251208.zip,181300,185651200,2025/12/08,/kiban/app/api/download/file/685613,大台ヶ原山
686649,DEM5A,513611,FG-GML-513611-DEM5A-20251208.zip,7178,7350272,2025/12/08,/kiban/app/api/download/file/686649,大台ヶ原山
615071,DEM5B,513611,FG-GML-513611-DEM5B-20250609.zip,254,260096,2025/06/09,/kiban/app/api/download/file/615071,大台ヶ原山
615912,DEM5C,513611,FG-GML-513611-DEM5C-20250605.zip,247,252928,2025/06/05,/kiban/app/api/download/file/615912,大台ヶ原山
538418,DEM10B,513620,FG-GML-513620-DEM10B-20161001.zip,2184,2236416,2016/10/01,/kiban/app/api/download/file/538418,大峰山（弥山）|大台ヶ原山
663715,DEM1A,513620,FG-GML-513620-DEM1A-20250828.zip,243482,249325568,2025/08/28,/kiban/app/api/download/file/663715,大峰山（弥山）|大台ヶ原山
662237,DEM5A,513620,FG-GML-513620-DEM5A-20250828.zip,9946,10184704,2025/08/28,/kiban/app/api/download/file/662237,大峰山（弥山）|大台ヶ原山
538419,DEM10B,513621,FG-GML-513621-DEM10B-20161001.zip,2191,2243584,2016/10/01,/kiban/app/api/download/file/538419,大台ヶ原山
685615,DEM1A,513621,FG-GML-513621-DEM1A-20251208.zip,226592,232030208,2025/12/08,/kiban/app/api/download/file/685615,大台ヶ原山
686651,DEM5A,513621,FG-GML-513621-DEM5A-20251208.zip,7953,8143872,2025/12/08,/kiban/app/api/download/file/686651,大台ヶ原山
538424,DEM10B,513630,FG-GML-513630-DEM10B-20161001.zip,2154,2205696,2016/10/01,/kiban/app/api/download/file/538424,大台ヶ原山
663716,DEM1A,513630,FG-GML-513630-DEM1A-20250828.zip,242875,248704000,2025/08/28,/kiban/app/api/download/file/663716,大台ヶ原山
662238,DEM5A,513630,FG-GML-513630-DEM5A-20250828.zip,9928,10166272,2025/08/28,/kiban/app/api/download/file/662238,大台ヶ原山
538425,DEM10B,513631,FG-GML-513631-DEM10B-20161001.zip,2152,2203648,2016/10/01,/kiban/app/api/download/file/538425,大台ヶ原山
612457,DEM1A,513631,FG-GML-513631-DEM1A-20250606.zip,240754,246532096,2025/06/06,/kiban/app/api/download/file/612457,大台ヶ原山
617541,DEM5A,513631,FG-GML-513631-DEM5A-20250620.zip,7807,7994368,2025/06/20,/kiban/app/api/download/file/617541,大台ヶ原山
538429,DEM10B,513635,FG-GML-513635-DEM10B-20161001.zip,700,716800,2016/10/01,/kiban/app/api/download/file/538429,志摩スペイン村
717744,DEM1A,513635,FG-GML-513635-DEM1A-20260522.zip,40814,41793536,2026/05/22,/kiban/app/api/download/file/717744,志摩スペイン村
720002,DEM5A,513635,FG-GML-513635-DEM5A-20260522.zip,2762,2828288,2026/05/22,/kiban/app/api/download/file/720002,志摩スペイン村
615920,DEM5C,513635,FG-GML-513635-DEM5C-20250605.zip,2006,2054144,2025/06/05,/kiban/app/api/download/file/615920,志摩スペイン村
538430,DEM10B,513636,FG-GML-513636-DEM10B-20161001.zip,1010,1034240,2016/10/01,/kiban/app/api/download/file/538430,志摩スペイン村
617546,DEM5A,513636,FG-GML-513636-DEM5A-20250620.zip,5198,5322752,2025/06/20,/kiban/app/api/download/file/617546,志摩スペイン村
615921,DEM5C,513636,FG-GML-513636-DEM5C-20250605.zip,3178,3254272,2025/06/05,/kiban/app/api/download/file/615921,志摩スペイン村
538431,DEM10B,513637,FG-GML-513637-DEM10B-20161001.zip,173,177152,2016/10/01,/kiban/app/api/download/file/538431,志摩スペイン村
617547,DEM5A,513637,FG-GML-513637-DEM5A-20250620.zip,636,651264,2025/06/20,/kiban/app/api/download/file/617547,志摩スペイン村
615922,DEM5C,513637,FG-GML-513637-DEM5C-20250605.zip,451,461824,2025/06/05,/kiban/app/api/download/file/615922,志摩スペイン村
538436,DEM10B,513644,FG-GML-513644-DEM10B-20161001.zip,2005,2053120,2016/10/01,/kiban/app/api/download/file/538436,田丸城跡
717745,DEM1A,513644,FG-GML-513644-DEM1A-20260522.zip,222059,227388416,2026/05/22,/kiban/app/api/download/file/717745,田丸城跡
720003,DEM5A,513644,FG-GML-513644-DEM5A-20260522.zip,7365,7541760,2026/05/22,/kiban/app/api/download/file/720003,田丸城跡
729651,DEM5C,513644,FG-GML-513644-DEM5C-20220124.zip,7750,7936000,2022/01/24,/kiban/app/api/download/file/729651,田丸城跡
538437,DEM10B,513645,FG-GML-513645-DEM10B-20161001.zip,1807,1850368,2016/10/01,/kiban/app/api/download/file/538437,田丸城跡|志摩スペイン村
717746,DEM1A,513645,FG-GML-513645-DEM1A-20260522.zip,132034,135202816,2026/05/22,/kiban/app/api/download/file/717746,田丸城跡|志摩スペイン村
720004,DEM5A,513645,FG-GML-513645-DEM5A-20260522.zip,7397,7574528,2026/05/22,/kiban/app/api/download/file/720004,田丸城跡|志摩スペイン村
615923,DEM5C,513645,FG-GML-513645-DEM5C-20250605.zip,818,837632,2025/06/05,/kiban/app/api/download/file/615923,田丸城跡|志摩スペイン村
538438,DEM10B,513646,FG-GML-513646-DEM10B-20161001.zip,1621,1659904,2016/10/01,/kiban/app/api/download/file/538438,志摩スペイン村
717747,DEM1A,513646,FG-GML-513646-DEM1A-20260522.zip,1832,1875968,2026/05/22,/kiban/app/api/download/file/717747,志摩スペイン村
720005,DEM5A,513646,FG-GML-513646-DEM5A-20260522.zip,8246,8443904,2026/05/22,/kiban/app/api/download/file/720005,志摩スペイン村
615924,DEM5C,513646,FG-GML-513646-DEM5C-20250605.zip,998,1021952,2025/06/05,/kiban/app/api/download/file/615924,志摩スペイン村
538439,DEM10B,513647,FG-GML-513647-DEM10B-20161001.zip,342,350208,2016/10/01,/kiban/app/api/download/file/538439,志摩スペイン村
617555,DEM5A,513647,FG-GML-513647-DEM5A-20250620.zip,1462,1497088,2025/06/20,/kiban/app/api/download/file/617555,志摩スペイン村
615925,DEM5C,513647,FG-GML-513647-DEM5C-20250605.zip,796,815104,2025/06/05,/kiban/app/api/download/file/615925,志摩スペイン村
538440,DEM10B,513650,FG-GML-513650-DEM10B-20161001.zip,1988,2035712,2016/10/01,/kiban/app/api/download/file/538440,曽爾高原
685622,DEM1A,513650,FG-GML-513650-DEM1A-20251208.zip,183669,188077056,2025/12/08,/kiban/app/api/download/file/685622,曽爾高原
686658,DEM5A,513650,FG-GML-513650-DEM5A-20251208.zip,7982,8173568,2025/12/08,/kiban/app/api/download/file/686658,曽爾高原
729653,DEM5B,513650,FG-GML-513650-DEM5B-20161001.zip,1943,1989632,2016/10/01,/kiban/app/api/download/file/729653,曽爾高原
729654,DEM5C,513650,FG-GML-513650-DEM5C-20220124.zip,537,549888,2022/01/24,/kiban/app/api/download/file/729654,曽爾高原
538441,DEM10B,513651,FG-GML-513651-DEM10B-20161001.zip,2015,2063360,2016/10/01,/kiban/app/api/download/file/538441,曽爾高原
685623,DEM1A,513651,FG-GML-513651-DEM1A-20251208.zip,190892,195473408,2025/12/08,/kiban/app/api/download/file/685623,曽爾高原
686659,DEM5A,513651,FG-GML-513651-DEM5A-20251208.zip,7455,7633920,2025/12/08,/kiban/app/api/download/file/686659,曽爾高原
615926,DEM5C,513651,FG-GML-513651-DEM5C-20250605.zip,152,155648,2025/06/05,/kiban/app/api/download/file/615926,曽爾高原
538442,DEM10B,513652,FG-GML-513652-DEM10B-20161001.zip,2027,2075648,2016/10/01,/kiban/app/api/download/file/538442,曽爾高原
612469,DEM1A,513652,FG-GML-513652-DEM1A-20250606.zip,206629,211588096,2025/06/06,/kiban/app/api/download/file/612469,曽爾高原
617558,DEM5A,513652,FG-GML-513652-DEM5A-20250620.zip,7401,7578624,2025/06/20,/kiban/app/api/download/file/617558,曽爾高原
538444,DEM10B,513654,FG-GML-513654-DEM10B-20161001.zip,1598,1636352,2016/10/01,/kiban/app/api/download/file/538444,田丸城跡
685624,DEM1A,513654,FG-GML-513654-DEM1A-20251208.zip,132359,135535616,2025/12/08,/kiban/app/api/download/file/685624,田丸城跡
686660,DEM5A,513654,FG-GML-513654-DEM5A-20251208.zip,6522,6678528,2025/12/08,/kiban/app/api/download/file/686660,田丸城跡
729657,DEM5C,513654,FG-GML-513654-DEM5C-20220124.zip,3709,3798016,2022/01/24,/kiban/app/api/download/file/729657,田丸城跡
538445,DEM10B,513655,FG-GML-513655-DEM10B-20161001.zip,1485,1520640,2016/10/01,/kiban/app/api/download/file/538445,田丸城跡|夫婦岩（三重県）
685625,DEM1A,513655,FG-GML-513655-DEM1A-20251208.zip,13250,13568000,2025/12/08,/kiban/app/api/download/file/685625,田丸城跡|夫婦岩（三重県）
686661,DEM5A,513655,FG-GML-513655-DEM5A-20251208.zip,7628,7811072,2025/12/08,/kiban/app/api/download/file/686661,田丸城跡|夫婦岩（三重県）
729658,DEM5C,513655,FG-GML-513655-DEM5C-20220124.zip,328,335872,2022/01/24,/kiban/app/api/download/file/729658,田丸城跡|夫婦岩（三重県）
538446,DEM10B,513656,FG-GML-513656-DEM10B-20161001.zip,1648,1687552,2016/10/01,/kiban/app/api/download/file/538446,志摩スペイン村|夫婦岩（三重県）
617562,DEM5A,513656,FG-GML-513656-DEM5A-20250620.zip,8040,8232960,2025/06/20,/kiban/app/api/download/file/617562,志摩スペイン村|夫婦岩（三重県）
615927,DEM5C,513656,FG-GML-513656-DEM5C-20250605.zip,707,723968,2025/06/05,/kiban/app/api/download/file/615927,志摩スペイン村|夫婦岩（三重県）
538447,DEM10B,513657,FG-GML-513657-DEM10B-20161001.zip,408,417792,2016/10/01,/kiban/app/api/download/file/538447,志摩スペイン村|日出の石門（愛知県）|夫婦岩（三重県）
617563,DEM5A,513657,FG-GML-513657-DEM5A-20250620.zip,1713,1754112,2025/06/20,/kiban/app/api/download/file/617563,志摩スペイン村|日出の石門（愛知県）|夫婦岩（三重県）
615928,DEM5C,513657,FG-GML-513657-DEM5C-20250605.zip,1058,1083392,2025/06/05,/kiban/app/api/download/file/615928,志摩スペイン村|日出の石門（愛知県）|夫婦岩（三重県）
538448,DEM10B,513660,FG-GML-513660-DEM10B-20161001.zip,1988,2035712,2016/10/01,/kiban/app/api/download/file/538448,曽爾高原
685626,DEM1A,513660,FG-GML-513660-DEM1A-20251208.zip,214848,220004352,2025/12/08,/kiban/app/api/download/file/685626,曽爾高原
686662,DEM5A,513660,FG-GML-513660-DEM5A-20251208.zip,9386,9611264,2025/12/08,/kiban/app/api/download/file/686662,曽爾高原
538449,DEM10B,513661,FG-GML-513661-DEM10B-20161001.zip,2006,2054144,2016/10/01,/kiban/app/api/download/file/538449,曽爾高原
685627,DEM1A,513661,FG-GML-513661-DEM1A-20251208.zip,153107,156781568,2025/12/08,/kiban/app/api/download/file/685627,曽爾高原
686663,DEM5A,513661,FG-GML-513661-DEM5A-20251208.zip,8361,8561664,2025/12/08,/kiban/app/api/download/file/686663,曽爾高原
538450,DEM10B,513662,FG-GML-513662-DEM10B-20161001.zip,2017,2065408,2016/10/01,/kiban/app/api/download/file/538450,曽爾高原
663722,DEM1A,513662,FG-GML-513662-DEM1A-20250828.zip,87976,90087424,2025/08/28,/kiban/app/api/download/file/663722,曽爾高原
662244,DEM5A,513662,FG-GML-513662-DEM5A-20250828.zip,7417,7595008,2025/08/28,/kiban/app/api/download/file/662244,曽爾高原
538452,DEM10B,513664,FG-GML-513664-DEM10B-20161001.zip,866,886784,2016/10/01,/kiban/app/api/download/file/538452,田丸城跡
617568,DEM5A,513664,FG-GML-513664-DEM5A-20250620.zip,5966,6109184,2025/06/20,/kiban/app/api/download/file/617568,田丸城跡
538453,DEM10B,513665,FG-GML-513665-DEM10B-20161001.zip,254,260096,2016/10/01,/kiban/app/api/download/file/538453,田丸城跡|夫婦岩（三重県）
617569,DEM5A,513665,FG-GML-513665-DEM5A-20250620.zip,2949,3019776,2025/06/20,/kiban/app/api/download/file/617569,田丸城跡|夫婦岩（三重県）
615929,DEM5C,513665,FG-GML-513665-DEM5C-20250605.zip,268,274432,2025/06/05,/kiban/app/api/download/file/615929,田丸城跡|夫婦岩（三重県）
538454,DEM10B,513666,FG-GML-513666-DEM10B-20161001.zip,183,187392,2016/10/01,/kiban/app/api/download/file/538454,夫婦岩（三重県）
617570,DEM5A,513666,FG-GML-513666-DEM5A-20250620.zip,711,728064,2025/06/20,/kiban/app/api/download/file/617570,夫婦岩（三重県）
615930,DEM5C,513666,FG-GML-513666-DEM5C-20250605.zip,531,543744,2025/06/05,/kiban/app/api/download/file/615930,夫婦岩（三重県）
538455,DEM10B,513667,FG-GML-513667-DEM10B-20161001.zip,151,154624,2016/10/01,/kiban/app/api/download/file/538455,日出の石門（愛知県）|夫婦岩（三重県）
617571,DEM5A,513667,FG-GML-513667-DEM5A-20250620.zip,507,519168,2025/06/20,/kiban/app/api/download/file/617571,日出の石門（愛知県）|夫婦岩（三重県）
615931,DEM5C,513667,FG-GML-513667-DEM5C-20250605.zip,506,518144,2025/06/05,/kiban/app/api/download/file/615931,日出の石門（愛知県）|夫婦岩（三重県）
538456,DEM10B,513670,FG-GML-513670-DEM10B-20161001.zip,1801,1844224,2016/10/01,/kiban/app/api/download/file/538456,曽爾高原
663723,DEM1A,513670,FG-GML-513670-DEM1A-20250828.zip,197313,202048512,2025/08/28,/kiban/app/api/download/file/663723,曽爾高原
662245,DEM5A,513670,FG-GML-513670-DEM5A-20250828.zip,8590,8796160,2025/08/28,/kiban/app/api/download/file/662245,曽爾高原
538457,DEM10B,513671,FG-GML-513671-DEM10B-20161001.zip,1893,1938432,2016/10/01,/kiban/app/api/download/file/538457,曽爾高原
663724,DEM1A,513671,FG-GML-513671-DEM1A-20250828.zip,207267,212241408,2025/08/28,/kiban/app/api/download/file/663724,曽爾高原
662246,DEM5A,513671,FG-GML-513671-DEM5A-20250828.zip,8891,9104384,2025/08/28,/kiban/app/api/download/file/662246,曽爾高原
729662,DEM5B,513671,FG-GML-513671-DEM5B-20161001.zip,495,506880,2016/10/01,/kiban/app/api/download/file/729662,曽爾高原
538459,DEM10B,513673,FG-GML-513673-DEM10B-20161001.zip,1329,1360896,2016/10/01,/kiban/app/api/download/file/538459,津城跡
717749,DEM1A,513673,FG-GML-513673-DEM1A-20260522.zip,92718,94943232,2026/05/22,/kiban/app/api/download/file/717749,津城跡
720007,DEM5A,513673,FG-GML-513673-DEM5A-20260522.zip,6462,6617088,2026/05/22,/kiban/app/api/download/file/720007,津城跡
729666,DEM5B,513673,FG-GML-513673-DEM5B-20161001.zip,441,451584,2016/10/01,/kiban/app/api/download/file/729666,津城跡
538460,DEM10B,513674,FG-GML-513674-DEM10B-20161001.zip,184,188416,2016/10/01,/kiban/app/api/download/file/538460,津城跡
617576,DEM5A,513674,FG-GML-513674-DEM5A-20250620.zip,2422,2480128,2025/06/20,/kiban/app/api/download/file/617576,津城跡
538461,DEM10B,513675,FG-GML-513675-DEM10B-20161001.zip,52,53248,2016/10/01,/kiban/app/api/download/file/538461,夫婦岩（三重県）
617577,DEM5A,513675,FG-GML-513675-DEM5A-20250620.zip,113,115712,2025/06/20,/kiban/app/api/download/file/617577,夫婦岩（三重県）
538462,DEM10B,513677,FG-GML-513677-DEM10B-20161001.zip,42,43008,2016/10/01,/kiban/app/api/download/file/538462,上陸大師像（愛知県）|日出の石門（愛知県）
612480,DEM1A,513677,FG-GML-513677-DEM1A-20250606.zip,38,38912,2025/06/06,/kiban/app/api/download/file/612480,上陸大師像（愛知県）|日出の石門（愛知県）
617578,DEM5A,513677,FG-GML-513677-DEM5A-20250620.zip,2,2048,2025/06/20,/kiban/app/api/download/file/617578,上陸大師像（愛知県）|日出の石門（愛知県）
729668,DEM5B,513677,FG-GML-513677-DEM5B-20161001.zip,2,2048,2016/10/01,/kiban/app/api/download/file/729668,上陸大師像（愛知県）|日出の石門（愛知県）
538463,DEM10B,513760,FG-GML-513760-DEM10B-20161001.zip,64,65536,2016/10/01,/kiban/app/api/download/file/538463,日出の石門（愛知県）
617579,DEM5A,513760,FG-GML-513760-DEM5A-20250620.zip,108,110592,2025/06/20,/kiban/app/api/download/file/617579,日出の石門（愛知県）
615076,DEM5B,513760,FG-GML-513760-DEM5B-20250609.zip,2,2048,2025/06/09,/kiban/app/api/download/file/615076,日出の石門（愛知県）
538464,DEM10B,513770,FG-GML-513770-DEM10B-20161001.zip,482,493568,2016/10/01,/kiban/app/api/download/file/538464,上陸大師像（愛知県）|日出の石門（愛知県）
612481,DEM1A,513770,FG-GML-513770-DEM1A-20250606.zip,798,817152,2025/06/06,/kiban/app/api/download/file/612481,上陸大師像（愛知県）|日出の石門（愛知県）
617580,DEM5A,513770,FG-GML-513770-DEM5A-20250620.zip,3257,3335168,2025/06/20,/kiban/app/api/download/file/617580,上陸大師像（愛知県）|日出の石門（愛知県）
729672,DEM5B,513770,FG-GML-513770-DEM5B-20190701.zip,27,27648,2019/07/01,/kiban/app/api/download/file/729672,上陸大師像（愛知県）|日出の石門（愛知県）
538465,DEM10B,513771,FG-GML-513771-DEM10B-20161001.zip,1014,1038336,2016/10/01,/kiban/app/api/download/file/538465,日出の石門（愛知県）
717750,DEM1A,513771,FG-GML-513771-DEM1A-20260616.zip,1388,1421312,2026/06/16,/kiban/app/api/download/file/717750,日出の石門（愛知県）
720008,DEM5A,513771,FG-GML-513771-DEM5A-20260616.zip,5285,5411840,2026/06/16,/kiban/app/api/download/file/720008,日出の石門（愛知県）
615077,DEM5B,513771,FG-GML-513771-DEM5B-20250609.zip,2,2048,2025/06/09,/kiban/app/api/download/file/615077,日出の石門（愛知県）
538466,DEM10B,513772,FG-GML-513772-DEM10B-20161001.zip,466,477184,2016/10/01,/kiban/app/api/download/file/538466,岩屋観世音菩薩像（愛知県）
717751,DEM1A,513772,FG-GML-513772-DEM1A-20260616.zip,41957,42963968,2026/06/16,/kiban/app/api/download/file/717751,岩屋観世音菩薩像（愛知県）
720009,DEM5A,513772,FG-GML-513772-DEM5A-20260616.zip,2017,2065408,2026/06/16,/kiban/app/api/download/file/720009,岩屋観世音菩薩像（愛知県）
729676,DEM5B,513772,FG-GML-513772-DEM5B-20190701.zip,232,237568,2019/07/01,/kiban/app/api/download/file/729676,岩屋観世音菩薩像（愛知県）
538467,DEM10B,513773,FG-GML-513773-DEM10B-20161001.zip,99,101376,2016/10/01,/kiban/app/api/download/file/538467,岩屋観世音菩薩像（愛知県）
717752,DEM1A,513773,FG-GML-513773-DEM1A-20260616.zip,5324,5451776,2026/06/16,/kiban/app/api/download/file/717752,岩屋観世音菩薩像（愛知県）
720010,DEM5A,513773,FG-GML-513773-DEM5A-20260616.zip,264,270336,2026/06/16,/kiban/app/api/download/file/720010,岩屋観世音菩薩像（愛知県）
729677,DEM5B,513773,FG-GML-513773-DEM5B-20090901.zip,280,286720,2009/09/01,/kiban/app/api/download/file/729677,岩屋観世音菩薩像（愛知県）
538468,DEM10B,513775,FG-GML-513775-DEM10B-20161001.zip,62,63488,2016/10/01,/kiban/app/api/download/file/538468,浜松城|アクトタワー（浜松）
612484,DEM1A,513775,FG-GML-513775-DEM1A-20250606.zip,3329,3408896,2025/06/06,/kiban/app/api/download/file/612484,浜松城|アクトタワー（浜松）
617584,DEM5A,513775,FG-GML-513775-DEM5A-20250620.zip,162,165888,2025/06/20,/kiban/app/api/download/file/617584,浜松城|アクトタワー（浜松）
729678,DEM5B,513775,FG-GML-513775-DEM5B-20100122.zip,160,163840,2010/01/22,/kiban/app/api/download/file/729678,浜松城|アクトタワー（浜松）
538469,DEM10B,513776,FG-GML-513776-DEM10B-20161001.zip,101,103424,2016/10/01,/kiban/app/api/download/file/538469,浜松城|アクトタワー（浜松）
612485,DEM1A,513776,FG-GML-513776-DEM1A-20250606.zip,20379,20868096,2025/06/06,/kiban/app/api/download/file/612485,浜松城|アクトタワー（浜松）
617585,DEM5A,513776,FG-GML-513776-DEM5A-20250620.zip,967,990208,2025/06/20,/kiban/app/api/download/file/617585,浜松城|アクトタワー（浜松）
729679,DEM5B,513776,FG-GML-513776-DEM5B-20100122.zip,647,662528,2010/01/22,/kiban/app/api/download/file/729679,浜松城|アクトタワー（浜松）
538470,DEM10B,513777,FG-GML-513777-DEM10B-20161001.zip,60,61440,2016/10/01,/kiban/app/api/download/file/538470,高天神城跡
612486,DEM1A,513777,FG-GML-513777-DEM1A-20250606.zip,3432,3514368,2025/06/06,/kiban/app/api/download/file/612486,高天神城跡
617586,DEM5A,513777,FG-GML-513777-DEM5A-20250620.zip,177,181248,2025/06/20,/kiban/app/api/download/file/617586,高天神城跡
729680,DEM5B,513777,FG-GML-513777-DEM5B-20100122.zip,61,62464,2010/01/22,/kiban/app/api/download/file/729680,高天神城跡
615932,DEM5C,513777,FG-GML-513777-DEM5C-20250605.zip,75,76800,2025/06/05,/kiban/app/api/download/file/615932,高天神城跡
538471,DEM10B,513867,FG-GML-513867-DEM10B-20161001.zip,44,45056,2016/10/01,/kiban/app/api/download/file/538471,下田城跡
612487,DEM1A,513867,FG-GML-513867-DEM1A-20250606.zip,169,173056,2025/06/06,/kiban/app/api/download/file/612487,下田城跡
617587,DEM5A,513867,FG-GML-513867-DEM5A-20250620.zip,10,10240,2025/06/20,/kiban/app/api/download/file/617587,下田城跡
538472,DEM10B,513870,FG-GML-513870-DEM10B-20161001.zip,299,306176,2016/10/01,/kiban/app/api/download/file/538472,高天神城跡
612488,DEM1A,513870,FG-GML-513870-DEM1A-20250606.zip,36553,37430272,2025/06/06,/kiban/app/api/download/file/612488,高天神城跡
617588,DEM5A,513870,FG-GML-513870-DEM5A-20250620.zip,1700,1740800,2025/06/20,/kiban/app/api/download/file/617588,高天神城跡
615933,DEM5C,513870,FG-GML-513870-DEM5C-20250605.zip,472,483328,2025/06/05,/kiban/app/api/download/file/615933,高天神城跡
538473,DEM10B,513871,FG-GML-513871-DEM10B-20161001.zip,629,644096,2016/10/01,/kiban/app/api/download/file/538473,高天神城跡
612489,DEM1A,513871,FG-GML-513871-DEM1A-20250606.zip,72550,74291200,2025/06/06,/kiban/app/api/download/file/612489,高天神城跡
617589,DEM5A,513871,FG-GML-513871-DEM5A-20250620.zip,3328,3407872,2025/06/20,/kiban/app/api/download/file/617589,高天神城跡
615078,DEM5B,513871,FG-GML-513871-DEM5B-20250609.zip,3,3072,2025/06/09,/kiban/app/api/download/file/615078,高天神城跡
615934,DEM5C,513871,FG-GML-513871-DEM5C-20250605.zip,892,913408,2025/06/05,/kiban/app/api/download/file/615934,高天神城跡
538474,DEM10B,513876,FG-GML-513876-DEM10B-20161001.zip,886,907264,2016/10/01,/kiban/app/api/download/file/538474,下田城跡
612490,DEM1A,513876,FG-GML-513876-DEM1A-20250606.zip,97460,99799040,2025/06/06,/kiban/app/api/download/file/612490,下田城跡
617590,DEM5A,513876,FG-GML-513876-DEM5A-20250620.zip,4157,4256768,2025/06/20,/kiban/app/api/download/file/617590,下田城跡
538475,DEM10B,513877,FG-GML-513877-DEM10B-20161001.zip,397,406528,2016/10/01,/kiban/app/api/download/file/538475,下田城跡
612491,DEM1A,513877,FG-GML-513877-DEM1A-20250606.zip,40263,41229312,2025/06/06,/kiban/app/api/download/file/612491,下田城跡
617591,DEM5A,513877,FG-GML-513877-DEM5A-20250620.zip,1602,1640448,2025/06/20,/kiban/app/api/download/file/617591,下田城跡
538557,DEM10B,523304,FG-GML-523304-DEM10B-20161001.zip,1889,1934336,2016/10/01,/kiban/app/api/download/file/538557,備中松山城
612559,DEM1A,523304,FG-GML-523304-DEM1A-20250606.zip,215446,220616704,2025/06/06,/kiban/app/api/download/file/612559,備中松山城
617668,DEM5A,523304,FG-GML-523304-DEM5A-20250620.zip,6831,6994944,2025/06/20,/kiban/app/api/download/file/617668,備中松山城
729690,DEM5B,523304,FG-GML-523304-DEM5B-20170314.zip,4988,5107712,2017/03/14,/kiban/app/api/download/file/729690,備中松山城
538558,DEM10B,523305,FG-GML-523305-DEM10B-20161001.zip,1704,1744896,2016/10/01,/kiban/app/api/download/file/538558,備中松山城
663765,DEM1A,523305,FG-GML-523305-DEM1A-20250908.zip,200644,205459456,2025/09/08,/kiban/app/api/download/file/663765,備中松山城
662287,DEM5A,523305,FG-GML-523305-DEM5A-20250908.zip,6316,6467584,2025/09/08,/kiban/app/api/download/file/662287,備中松山城
729694,DEM5B,523305,FG-GML-523305-DEM5B-20170314.zip,4031,4127744,2017/03/14,/kiban/app/api/download/file/729694,備中松山城
538559,DEM10B,523306,FG-GML-523306-DEM10B-20161001.zip,1445,1479680,2016/10/01,/kiban/app/api/download/file/538559,岡山城
663766,DEM1A,523306,FG-GML-523306-DEM1A-20250908.zip,163108,167022592,2025/09/08,/kiban/app/api/download/file/663766,岡山城
662288,DEM5A,523306,FG-GML-523306-DEM5A-20250908.zip,5470,5601280,2025/09/08,/kiban/app/api/download/file/662288,岡山城
729697,DEM5B,523306,FG-GML-523306-DEM5B-20161001.zip,4659,4770816,2016/10/01,/kiban/app/api/download/file/729697,岡山城
538560,DEM10B,523307,FG-GML-523307-DEM10B-20161001.zip,1350,1382400,2016/10/01,/kiban/app/api/download/file/538560,岡山城
663767,DEM1A,523307,FG-GML-523307-DEM1A-20250908.zip,117785,120611840,2025/09/08,/kiban/app/api/download/file/663767,岡山城
662289,DEM5A,523307,FG-GML-523307-DEM5A-20250908.zip,5452,5582848,2025/09/08,/kiban/app/api/download/file/662289,岡山城
729700,DEM5B,523307,FG-GML-523307-DEM5B-20161001.zip,2100,2150400,2016/10/01,/kiban/app/api/download/file/729700,岡山城
538565,DEM10B,523314,FG-GML-523314-DEM10B-20161001.zip,1893,1938432,2016/10/01,/kiban/app/api/download/file/538565,備中松山城
612567,DEM1A,523314,FG-GML-523314-DEM1A-20250606.zip,216483,221678592,2025/06/06,/kiban/app/api/download/file/612567,備中松山城
617676,DEM5A,523314,FG-GML-523314-DEM5A-20250620.zip,6958,7124992,2025/06/20,/kiban/app/api/download/file/617676,備中松山城
729706,DEM5B,523314,FG-GML-523314-DEM5B-20170314.zip,4476,4583424,2017/03/14,/kiban/app/api/download/file/729706,備中松山城
538566,DEM10B,523315,FG-GML-523315-DEM10B-20161001.zip,1882,1927168,2016/10/01,/kiban/app/api/download/file/538566,備中松山城
663769,DEM1A,523315,FG-GML-523315-DEM1A-20250908.zip,172469,176608256,2025/09/08,/kiban/app/api/download/file/663769,備中松山城
662291,DEM5A,523315,FG-GML-523315-DEM5A-20250908.zip,6744,6905856,2025/09/08,/kiban/app/api/download/file/662291,備中松山城
615083,DEM5B,523315,FG-GML-523315-DEM5B-20250609.zip,4918,5036032,2025/06/09,/kiban/app/api/download/file/615083,備中松山城
538568,DEM10B,523317,FG-GML-523317-DEM10B-20161001.zip,1794,1837056,2016/10/01,/kiban/app/api/download/file/538568,岡山城
663771,DEM1A,523317,FG-GML-523317-DEM1A-20250908.zip,93927,96181248,2025/09/08,/kiban/app/api/download/file/663771,岡山城
662293,DEM5A,523317,FG-GML-523317-DEM5A-20250908.zip,7775,7961600,2025/09/08,/kiban/app/api/download/file/662293,岡山城
729709,DEM5B,523317,FG-GML-523317-DEM5B-20161001.zip,2199,2251776,2016/10/01,/kiban/app/api/download/file/729709,岡山城
538573,DEM10B,523324,FG-GML-523324-DEM10B-20161001.zip,1971,2018304,2016/10/01,/kiban/app/api/download/file/538573,備中松山城
663772,DEM1A,523324,FG-GML-523324-DEM1A-20250908.zip,218893,224146432,2025/09/08,/kiban/app/api/download/file/663772,備中松山城
662294,DEM5A,523324,FG-GML-523324-DEM5A-20250908.zip,7069,7238656,2025/09/08,/kiban/app/api/download/file/662294,備中松山城
538574,DEM10B,523325,FG-GML-523325-DEM10B-20161001.zip,1931,1977344,2016/10/01,/kiban/app/api/download/file/538574,備中松山城
663773,DEM1A,523325,FG-GML-523325-DEM1A-20250908.zip,166392,170385408,2025/09/08,/kiban/app/api/download/file/663773,備中松山城
662295,DEM5A,523325,FG-GML-523325-DEM5A-20250908.zip,6659,6818816,2025/09/08,/kiban/app/api/download/file/662295,備中松山城
615085,DEM5B,523325,FG-GML-523325-DEM5B-20250609.zip,1769,1811456,2025/06/09,/kiban/app/api/download/file/615085,備中松山城
538584,DEM10B,523337,FG-GML-523337-DEM10B-20161001.zip,1926,1972224,2016/10/01,/kiban/app/api/download/file/538584,津山城
663779,DEM1A,523337,FG-GML-523337-DEM1A-20250908.zip,124382,127367168,2025/09/08,/kiban/app/api/download/file/663779,津山城
662301,DEM5A,523337,FG-GML-523337-DEM5A-20250908.zip,6871,7035904,2025/09/08,/kiban/app/api/download/file/662301,津山城
538592,DEM10B,523347,FG-GML-523347-DEM10B-20161001.zip,1629,1668096,2016/10/01,/kiban/app/api/download/file/538592,津山城
663783,DEM1A,523347,FG-GML-523347-DEM1A-20250908.zip,94828,97103872,2025/09/08,/kiban/app/api/download/file/663783,津山城
662305,DEM5A,523347,FG-GML-523347-DEM5A-20250908.zip,6062,6207488,2025/09/08,/kiban/app/api/download/file/662305,津山城
615087,DEM5B,523347,FG-GML-523347-DEM5B-20250609.zip,1333,1364992,2025/06/09,/kiban/app/api/download/file/615087,津山城
538600,DEM10B,523357,FG-GML-523357-DEM10B-20161001.zip,1803,1846272,2016/10/01,/kiban/app/api/download/file/538600,津山城
663787,DEM1A,523357,FG-GML-523357-DEM1A-20250908.zip,133425,136627200,2025/09/08,/kiban/app/api/download/file/663787,津山城
662309,DEM5A,523357,FG-GML-523357-DEM5A-20250908.zip,6506,6662144,2025/09/08,/kiban/app/api/download/file/662309,津山城
615088,DEM5B,523357,FG-GML-523357-DEM5B-20250609.zip,2833,2900992,2025/06/09,/kiban/app/api/download/file/615088,津山城
538609,DEM10B,523370,FG-GML-523370-DEM10B-20161001.zip,1941,1987584,2016/10/01,/kiban/app/api/download/file/538609,月山富田城跡
663794,DEM1A,523370,FG-GML-523370-DEM1A-20250908.zip,118548,121393152,2025/09/08,/kiban/app/api/download/file/663794,月山富田城跡
662316,DEM5A,523370,FG-GML-523370-DEM5A-20250908.zip,5574,5707776,2025/09/08,/kiban/app/api/download/file/662316,月山富田城跡
538610,DEM10B,523371,FG-GML-523371-DEM10B-20161001.zip,1941,1987584,2016/10/01,/kiban/app/api/download/file/538610,月山富田城跡
663795,DEM1A,523371,FG-GML-523371-DEM1A-20250908.zip,222507,227847168,2025/09/08,/kiban/app/api/download/file/663795,月山富田城跡
662317,DEM5A,523371,FG-GML-523371-DEM5A-20250908.zip,9565,9794560,2025/09/08,/kiban/app/api/download/file/662317,月山富田城跡
538611,DEM10B,523372,FG-GML-523372-DEM10B-20161001.zip,1894,1939456,2016/10/01,/kiban/app/api/download/file/538611,月山富田城跡
663796,DEM1A,523372,FG-GML-523372-DEM1A-20250908.zip,220416,225705984,2025/09/08,/kiban/app/api/download/file/663796,月山富田城跡
662318,DEM5A,523372,FG-GML-523372-DEM5A-20250908.zip,8246,8443904,2025/09/08,/kiban/app/api/download/file/662318,月山富田城跡
538612,DEM10B,523373,FG-GML-523373-DEM10B-20161001.zip,1969,2016256,2016/10/01,/kiban/app/api/download/file/538612,大山（鳥取・弥山）
612603,DEM1A,523373,FG-GML-523373-DEM1A-20250606.zip,222433,227771392,2025/06/06,/kiban/app/api/download/file/612603,大山（鳥取・弥山）
617723,DEM5A,523373,FG-GML-523373-DEM5A-20250620.zip,8418,8620032,2025/06/20,/kiban/app/api/download/file/617723,大山（鳥取・弥山）
538613,DEM10B,523374,FG-GML-523374-DEM10B-20161001.zip,1983,2030592,2016/10/01,/kiban/app/api/download/file/538613,大山（鳥取・弥山）
663797,DEM1A,523374,FG-GML-523374-DEM1A-20250908.zip,184145,188564480,2025/09/08,/kiban/app/api/download/file/663797,大山（鳥取・弥山）
662319,DEM5A,523374,FG-GML-523374-DEM5A-20250908.zip,6881,7046144,2025/09/08,/kiban/app/api/download/file/662319,大山（鳥取・弥山）
538614,DEM10B,523375,FG-GML-523375-DEM10B-20161001.zip,1799,1842176,2016/10/01,/kiban/app/api/download/file/538614,大山（鳥取・弥山）
663798,DEM1A,523375,FG-GML-523375-DEM1A-20250908.zip,121941,124867584,2025/09/08,/kiban/app/api/download/file/663798,大山（鳥取・弥山）
662320,DEM5A,523375,FG-GML-523375-DEM5A-20250908.zip,6324,6475776,2025/09/08,/kiban/app/api/download/file/662320,大山（鳥取・弥山）
538616,DEM10B,523377,FG-GML-523377-DEM10B-20161001.zip,2027,2075648,2016/10/01,/kiban/app/api/download/file/538616,三徳山三佛寺 投入堂
685633,DEM1A,523377,FG-GML-523377-DEM1A-20251208.zip,165840,169820160,2025/12/08,/kiban/app/api/download/file/685633,三徳山三佛寺 投入堂
686669,DEM5A,523377,FG-GML-523377-DEM5A-20251208.zip,7270,7444480,2025/12/08,/kiban/app/api/download/file/686669,三徳山三佛寺 投入堂
538617,DEM10B,523400,FG-GML-523400-DEM10B-20161001.zip,1261,1291264,2016/10/01,/kiban/app/api/download/file/538617,岡山城
663801,DEM1A,523400,FG-GML-523400-DEM1A-20250908.zip,93055,95288320,2025/09/08,/kiban/app/api/download/file/663801,岡山城
662323,DEM5A,523400,FG-GML-523400-DEM5A-20250908.zip,5040,5160960,2025/09/08,/kiban/app/api/download/file/662323,岡山城
729714,DEM5B,523400,FG-GML-523400-DEM5B-20170202.zip,90,92160,2017/02/02,/kiban/app/api/download/file/729714,岡山城
538622,DEM10B,523405,FG-GML-523405-DEM10B-20161001.zip,46,47104,2016/10/01,/kiban/app/api/download/file/538622,姫路城
617733,DEM5A,523405,FG-GML-523405-DEM5A-20250620.zip,20,20480,2025/06/20,/kiban/app/api/download/file/617733,姫路城
538624,DEM10B,523407,FG-GML-523407-DEM10B-20161001.zip,912,933888,2016/10/01,/kiban/app/api/download/file/538624,明石城
612614,DEM1A,523407,FG-GML-523407-DEM1A-20250606.zip,16896,17301504,2025/06/06,/kiban/app/api/download/file/612614,明石城
617735,DEM5A,523407,FG-GML-523407-DEM5A-20250620.zip,5295,5422080,2025/06/20,/kiban/app/api/download/file/617735,明石城
615093,DEM5B,523407,FG-GML-523407-DEM5B-20250609.zip,2,2048,2025/06/09,/kiban/app/api/download/file/615093,明石城
538629,DEM10B,523414,FG-GML-523414-DEM10B-20161001.zip,733,750592,2016/10/01,/kiban/app/api/download/file/538629,姫路城
612619,DEM1A,523414,FG-GML-523414-DEM1A-20250606.zip,42851,43879424,2025/06/06,/kiban/app/api/download/file/612619,姫路城
617740,DEM5A,523414,FG-GML-523414-DEM5A-20250620.zip,3452,3534848,2025/06/20,/kiban/app/api/download/file/617740,姫路城
615095,DEM5B,523414,FG-GML-523414-DEM5B-20250609.zip,60,61440,2025/06/09,/kiban/app/api/download/file/615095,姫路城
538630,DEM10B,523415,FG-GML-523415-DEM10B-20161001.zip,539,551936,2016/10/01,/kiban/app/api/download/file/538630,姫路城
612620,DEM1A,523415,FG-GML-523415-DEM1A-20250606.zip,36897,37782528,2025/06/06,/kiban/app/api/download/file/612620,姫路城
617741,DEM5A,523415,FG-GML-523415-DEM5A-20250620.zip,4051,4148224,2025/06/20,/kiban/app/api/download/file/617741,姫路城
615096,DEM5B,523415,FG-GML-523415-DEM5B-20250609.zip,6,6144,2025/06/09,/kiban/app/api/download/file/615096,姫路城
538631,DEM10B,523416,FG-GML-523416-DEM10B-20161001.zip,934,956416,2016/10/01,/kiban/app/api/download/file/538631,姫路城
612621,DEM1A,523416,FG-GML-523416-DEM1A-20250606.zip,48352,49512448,2025/06/06,/kiban/app/api/download/file/612621,姫路城
617742,DEM5A,523416,FG-GML-523416-DEM5A-20250620.zip,5616,5750784,2025/06/20,/kiban/app/api/download/file/617742,姫路城
615097,DEM5B,523416,FG-GML-523416-DEM5B-20250609.zip,192,196608,2025/06/09,/kiban/app/api/download/file/615097,姫路城
538637,DEM10B,523424,FG-GML-523424-DEM10B-20161001.zip,1427,1461248,2016/10/01,/kiban/app/api/download/file/538637,姫路城
663811,DEM1A,523424,FG-GML-523424-DEM1A-20250828.zip,104852,107368448,2025/08/28,/kiban/app/api/download/file/663811,姫路城
662333,DEM5A,523424,FG-GML-523424-DEM5A-20250828.zip,6220,6369280,2025/08/28,/kiban/app/api/download/file/662333,姫路城
538638,DEM10B,523425,FG-GML-523425-DEM10B-20161001.zip,1421,1455104,2016/10/01,/kiban/app/api/download/file/538638,姫路城
612628,DEM1A,523425,FG-GML-523425-DEM1A-20250606.zip,139034,142370816,2025/06/06,/kiban/app/api/download/file/612628,姫路城
617749,DEM5A,523425,FG-GML-523425-DEM5A-20250620.zip,7783,7969792,2025/06/20,/kiban/app/api/download/file/617749,姫路城
538639,DEM10B,523426,FG-GML-523426-DEM10B-20161001.zip,1503,1539072,2016/10/01,/kiban/app/api/download/file/538639,姫路城
663812,DEM1A,523426,FG-GML-523426-DEM1A-20250828.zip,139863,143219712,2025/08/28,/kiban/app/api/download/file/663812,姫路城
662334,DEM5A,523426,FG-GML-523426-DEM5A-20250828.zip,7036,7204864,2025/08/28,/kiban/app/api/download/file/662334,姫路城
615098,DEM5B,523426,FG-GML-523426-DEM5B-20250609.zip,55,56320,2025/06/09,/kiban/app/api/download/file/615098,姫路城
538641,DEM10B,523430,FG-GML-523430-DEM10B-20161001.zip,1842,1886208,2016/10/01,/kiban/app/api/download/file/538641,津山城
663813,DEM1A,523430,FG-GML-523430-DEM1A-20250908.zip,145134,148617216,2025/09/08,/kiban/app/api/download/file/663813,津山城
662335,DEM5A,523430,FG-GML-523430-DEM5A-20250908.zip,6679,6839296,2025/09/08,/kiban/app/api/download/file/662335,津山城
538646,DEM10B,523435,FG-GML-523435-DEM10B-20161001.zip,1792,1835008,2016/10/01,/kiban/app/api/download/file/538646,姫路城
663817,DEM1A,523435,FG-GML-523435-DEM1A-20250828.zip,174722,178915328,2025/08/28,/kiban/app/api/download/file/663817,姫路城
662339,DEM5A,523435,FG-GML-523435-DEM5A-20250828.zip,7514,7694336,2025/08/28,/kiban/app/api/download/file/662339,姫路城
729738,DEM5B,523435,FG-GML-523435-DEM5B-20161001.zip,2832,2899968,2016/10/01,/kiban/app/api/download/file/729738,姫路城
538649,DEM10B,523440,FG-GML-523440-DEM10B-20161001.zip,1584,1622016,2016/10/01,/kiban/app/api/download/file/538649,津山城
663820,DEM1A,523440,FG-GML-523440-DEM1A-20250908.zip,107750,110336000,2025/09/08,/kiban/app/api/download/file/663820,津山城
662342,DEM5A,523440,FG-GML-523440-DEM5A-20250908.zip,5721,5858304,2025/09/08,/kiban/app/api/download/file/662342,津山城
538657,DEM10B,523450,FG-GML-523450-DEM10B-20161001.zip,1784,1826816,2016/10/01,/kiban/app/api/download/file/538657,津山城
663827,DEM1A,523450,FG-GML-523450-DEM1A-20250908.zip,123818,126789632,2025/09/08,/kiban/app/api/download/file/663827,津山城
662349,DEM5A,523450,FG-GML-523450-DEM5A-20250908.zip,6281,6431744,2025/09/08,/kiban/app/api/download/file/662349,津山城
538670,DEM10B,523465,FG-GML-523465-DEM10B-20161001.zip,2089,2139136,2016/10/01,/kiban/app/api/download/file/538670,竹田城跡
663838,DEM1A,523465,FG-GML-523465-DEM1A-20250828.zip,199905,204702720,2025/08/28,/kiban/app/api/download/file/663838,竹田城跡
662360,DEM5A,523465,FG-GML-523465-DEM5A-20250828.zip,9283,9505792,2025/08/28,/kiban/app/api/download/file/662360,竹田城跡
538671,DEM10B,523466,FG-GML-523466-DEM10B-20161001.zip,2019,2067456,2016/10/01,/kiban/app/api/download/file/538671,竹田城跡
663839,DEM1A,523466,FG-GML-523466-DEM1A-20250828.zip,158166,161961984,2025/08/28,/kiban/app/api/download/file/663839,竹田城跡
662361,DEM5A,523466,FG-GML-523466-DEM5A-20250828.zip,7378,7555072,2025/08/28,/kiban/app/api/download/file/662361,竹田城跡
538672,DEM10B,523467,FG-GML-523467-DEM10B-20161001.zip,2020,2068480,2016/10/01,/kiban/app/api/download/file/538672,竹田城跡
663840,DEM1A,523467,FG-GML-523467-DEM1A-20250828.zip,205662,210597888,2025/08/28,/kiban/app/api/download/file/663840,竹田城跡
662362,DEM5A,523467,FG-GML-523467-DEM5A-20250828.zip,9076,9293824,2025/08/28,/kiban/app/api/download/file/662362,竹田城跡
538673,DEM10B,523470,FG-GML-523470-DEM10B-20161001.zip,2031,2079744,2016/10/01,/kiban/app/api/download/file/538673,三徳山三佛寺 投入堂
685641,DEM1A,523470,FG-GML-523470-DEM1A-20251208.zip,157402,161179648,2025/12/08,/kiban/app/api/download/file/685641,三徳山三佛寺 投入堂
686677,DEM5A,523470,FG-GML-523470-DEM5A-20251208.zip,7416,7593984,2025/12/08,/kiban/app/api/download/file/686677,三徳山三佛寺 投入堂
538678,DEM10B,523475,FG-GML-523475-DEM10B-20161001.zip,2060,2109440,2016/10/01,/kiban/app/api/download/file/538678,竹田城跡
663845,DEM1A,523475,FG-GML-523475-DEM1A-20250828.zip,171963,176090112,2025/08/28,/kiban/app/api/download/file/663845,竹田城跡
662367,DEM5A,523475,FG-GML-523475-DEM5A-20250828.zip,7822,8009728,2025/08/28,/kiban/app/api/download/file/662367,竹田城跡
538679,DEM10B,523476,FG-GML-523476-DEM10B-20161001.zip,1963,2010112,2016/10/01,/kiban/app/api/download/file/538679,竹田城跡
663846,DEM1A,523476,FG-GML-523476-DEM1A-20250828.zip,147708,151252992,2025/08/28,/kiban/app/api/download/file/663846,竹田城跡
662368,DEM5A,523476,FG-GML-523476-DEM5A-20250828.zip,7086,7256064,2025/08/28,/kiban/app/api/download/file/662368,竹田城跡
538680,DEM10B,523477,FG-GML-523477-DEM10B-20161001.zip,1934,1980416,2016/10/01,/kiban/app/api/download/file/538680,竹田城跡
663847,DEM1A,523477,FG-GML-523477-DEM1A-20250828.zip,173010,177162240,2025/08/28,/kiban/app/api/download/file/663847,竹田城跡
662369,DEM5A,523477,FG-GML-523477-DEM5A-20250828.zip,7622,7804928,2025/08/28,/kiban/app/api/download/file/662369,竹田城跡
538681,DEM10B,523500,FG-GML-523500-DEM10B-20161001.zip,1636,1675264,2016/10/01,/kiban/app/api/download/file/538681,明石城|シティタワー神戸三宮|D'グラフォート神戸三宮タワー|神戸ポートタワー
685643,DEM1A,523500,FG-GML-523500-DEM1A-20251208.zip,90927,93109248,2025/12/08,/kiban/app/api/download/file/685643,明石城|シティタワー神戸三宮|D'グラフォート神戸三宮タワー|神戸ポートタワー
686679,DEM5A,523500,FG-GML-523500-DEM5A-20251208.zip,5932,6074368,2025/12/08,/kiban/app/api/download/file/686679,明石城|シティタワー神戸三宮|D'グラフォート神戸三宮タワー|神戸ポートタワー
729741,DEM5B,523500,FG-GML-523500-DEM5B-20161001.zip,248,253952,2016/10/01,/kiban/app/api/download/file/729741,明石城|シティタワー神戸三宮|D'グラフォート神戸三宮タワー|神戸ポートタワー
538682,DEM10B,523501,FG-GML-523501-DEM10B-20161001.zip,1480,1515520,2016/10/01,/kiban/app/api/download/file/538682,シティタワー神戸三宮|D'グラフォート神戸三宮タワー|神戸ポートタワー
685644,DEM1A,523501,FG-GML-523501-DEM1A-20251208.zip,88741,90870784,2025/12/08,/kiban/app/api/download/file/685644,シティタワー神戸三宮|D'グラフォート神戸三宮タワー|神戸ポートタワー
686680,DEM5A,523501,FG-GML-523501-DEM5A-20251208.zip,5485,5616640,2025/12/08,/kiban/app/api/download/file/686680,シティタワー神戸三宮|D'グラフォート神戸三宮タワー|神戸ポートタワー
615106,DEM5B,523501,FG-GML-523501-DEM5B-20250609.zip,11,11264,2025/06/09,/kiban/app/api/download/file/615106,シティタワー神戸三宮|D'グラフォート神戸三宮タワー|神戸ポートタワー
538683,DEM10B,523502,FG-GML-523502-DEM10B-20161001.zip,523,535552,2016/10/01,/kiban/app/api/download/file/538683,ユニバーサル・スタジオ・ジャパン|シティタワー神戸三宮|D'グラフォート神戸三宮タワー|大阪府咲洲庁舎|神戸ポートタワー
685645,DEM1A,523502,FG-GML-523502-DEM1A-20251208.zip,19858,20334592,2025/12/08,/kiban/app/api/download/file/685645,ユニバーサル・スタジオ・ジャパン|シティタワー神戸三宮|D'グラフォート神戸三宮タワー|大阪府咲洲庁舎|神戸ポートタワー
686681,DEM5A,523502,FG-GML-523502-DEM5A-20251208.zip,3114,3188736,2025/12/08,/kiban/app/api/download/file/686681,ユニバーサル・スタジオ・ジャパン|シティタワー神戸三宮|D'グラフォート神戸三宮タワー|大阪府咲洲庁舎|神戸ポートタワー
615107,DEM5B,523502,FG-GML-523502-DEM5B-20250609.zip,28,28672,2025/06/09,/kiban/app/api/download/file/615107,ユニバーサル・スタジオ・ジャパン|シティタワー神戸三宮|D'グラフォート神戸三宮タワー|大阪府咲洲庁舎|神戸ポートタワー
538684,DEM10B,523503,FG-GML-523503-DEM10B-20161001.zip,286,292864,2016/10/01,/kiban/app/api/download/file/538684,大阪城|ユニバーサル・スタジオ・ジャパン|あべのハルカス|梅田スカイビル|大阪府咲洲庁舎|通天閣|HEP FIVE観覧車
617795,DEM5A,523503,FG-GML-523503-DEM5A-20250620.zip,3481,3564544,2025/06/20,/kiban/app/api/download/file/617795,大阪城|ユニバーサル・スタジオ・ジャパン|あべのハルカス|梅田スカイビル|大阪府咲洲庁舎|通天閣|HEP FIVE観覧車
615108,DEM5B,523503,FG-GML-523503-DEM5B-20250609.zip,30,30720,2025/06/09,/kiban/app/api/download/file/615108,大阪城|ユニバーサル・スタジオ・ジャパン|あべのハルカス|梅田スカイビル|大阪府咲洲庁舎|通天閣|HEP FIVE観覧車
538685,DEM10B,523504,FG-GML-523504-DEM10B-20161001.zip,294,301056,2016/10/01,/kiban/app/api/download/file/538685,大阪城|ユニバーサル・スタジオ・ジャパン|ひらかたパーク|あべのハルカス|梅田スカイビル|大阪府咲洲庁舎|通天閣|HEP FIVE観覧車
617796,DEM5A,523504,FG-GML-523504-DEM5A-20250620.zip,4776,4890624,2025/06/20,/kiban/app/api/download/file/617796,大阪城|ユニバーサル・スタジオ・ジャパン|ひらかたパーク|あべのハルカス|梅田スカイビル|大阪府咲洲庁舎|通天閣|HEP FIVE観覧車
538686,DEM10B,523505,FG-GML-523505-DEM10B-20161001.zip,1637,1676288,2016/10/01,/kiban/app/api/download/file/538686,大阪城|大和郡山城|ひらかたパーク
685646,DEM1A,523505,FG-GML-523505-DEM1A-20251208.zip,160730,164587520,2025/12/08,/kiban/app/api/download/file/685646,大阪城|大和郡山城|ひらかたパーク
686682,DEM5A,523505,FG-GML-523505-DEM5A-20251208.zip,6062,6207488,2025/12/08,/kiban/app/api/download/file/686682,大阪城|大和郡山城|ひらかたパーク
729744,DEM5B,523505,FG-GML-523505-DEM5B-20161001.zip,6394,6547456,2016/10/01,/kiban/app/api/download/file/729744,大阪城|大和郡山城|ひらかたパーク
538687,DEM10B,523506,FG-GML-523506-DEM10B-20161001.zip,1404,1437696,2016/10/01,/kiban/app/api/download/file/538687,大和郡山城
663848,DEM1A,523506,FG-GML-523506-DEM1A-20250908.zip,148527,152091648,2025/09/08,/kiban/app/api/download/file/663848,大和郡山城
662370,DEM5A,523506,FG-GML-523506-DEM5A-20250908.zip,5187,5311488,2025/09/08,/kiban/app/api/download/file/662370,大和郡山城
729747,DEM5B,523506,FG-GML-523506-DEM5B-20161001.zip,5419,5549056,2016/10/01,/kiban/app/api/download/file/729747,大和郡山城
538688,DEM10B,523507,FG-GML-523507-DEM10B-20161001.zip,1844,1888256,2016/10/01,/kiban/app/api/download/file/538688,大和郡山城
612667,DEM1A,523507,FG-GML-523507-DEM1A-20250606.zip,210603,215657472,2025/06/06,/kiban/app/api/download/file/612667,大和郡山城
617799,DEM5A,523507,FG-GML-523507-DEM5A-20250620.zip,6694,6854656,2025/06/20,/kiban/app/api/download/file/617799,大和郡山城
729749,DEM5B,523507,FG-GML-523507-DEM5B-20161001.zip,8204,8400896,2016/10/01,/kiban/app/api/download/file/729749,大和郡山城
538689,DEM10B,523510,FG-GML-523510-DEM10B-20161001.zip,1691,1731584,2016/10/01,/kiban/app/api/download/file/538689,シティタワー神戸三宮|D'グラフォート神戸三宮タワー|神戸ポートタワー
612668,DEM1A,523510,FG-GML-523510-DEM1A-20250606.zip,174106,178284544,2025/06/06,/kiban/app/api/download/file/612668,シティタワー神戸三宮|D'グラフォート神戸三宮タワー|神戸ポートタワー
617800,DEM5A,523510,FG-GML-523510-DEM5A-20250620.zip,5809,5948416,2025/06/20,/kiban/app/api/download/file/617800,シティタワー神戸三宮|D'グラフォート神戸三宮タワー|神戸ポートタワー
546681,DEM5B,523510,FG-GML-523510-DEM5B-20161001.zip,76,77824,2016/10/01,/kiban/app/api/download/file/546681,シティタワー神戸三宮|D'グラフォート神戸三宮タワー|神戸ポートタワー
538690,DEM10B,523511,FG-GML-523511-DEM10B-20161001.zip,1836,1880064,2016/10/01,/kiban/app/api/download/file/538690,シティタワー神戸三宮|D'グラフォート神戸三宮タワー|神戸ポートタワー
685647,DEM1A,523511,FG-GML-523511-DEM1A-20251208.zip,143710,147159040,2025/12/08,/kiban/app/api/download/file/685647,シティタワー神戸三宮|D'グラフォート神戸三宮タワー|神戸ポートタワー
686683,DEM5A,523511,FG-GML-523511-DEM5A-20251208.zip,6529,6685696,2025/12/08,/kiban/app/api/download/file/686683,シティタワー神戸三宮|D'グラフォート神戸三宮タワー|神戸ポートタワー
729752,DEM5B,523511,FG-GML-523511-DEM5B-20161001.zip,1823,1866752,2016/10/01,/kiban/app/api/download/file/729752,シティタワー神戸三宮|D'グラフォート神戸三宮タワー|神戸ポートタワー
538691,DEM10B,523512,FG-GML-523512-DEM10B-20161001.zip,1789,1831936,2016/10/01,/kiban/app/api/download/file/538691,シティタワー神戸三宮|D'グラフォート神戸三宮タワー|神戸ポートタワー
685648,DEM1A,523512,FG-GML-523512-DEM1A-20251208.zip,108452,111054848,2025/12/08,/kiban/app/api/download/file/685648,シティタワー神戸三宮|D'グラフォート神戸三宮タワー|神戸ポートタワー
686684,DEM5A,523512,FG-GML-523512-DEM5A-20251208.zip,6734,6895616,2025/12/08,/kiban/app/api/download/file/686684,シティタワー神戸三宮|D'グラフォート神戸三宮タワー|神戸ポートタワー
729755,DEM5B,523512,FG-GML-523512-DEM5B-20161001.zip,169,173056,2016/10/01,/kiban/app/api/download/file/729755,シティタワー神戸三宮|D'グラフォート神戸三宮タワー|神戸ポートタワー
538692,DEM10B,523513,FG-GML-523513-DEM10B-20161001.zip,820,839680,2016/10/01,/kiban/app/api/download/file/538692,大阪城|ユニバーサル・スタジオ・ジャパン|梅田スカイビル|HEP FIVE観覧車
685649,DEM1A,523513,FG-GML-523513-DEM1A-20251208.zip,19804,20279296,2025/12/08,/kiban/app/api/download/file/685649,大阪城|ユニバーサル・スタジオ・ジャパン|梅田スカイビル|HEP FIVE観覧車
686685,DEM5A,523513,FG-GML-523513-DEM5A-20251208.zip,5058,5179392,2025/12/08,/kiban/app/api/download/file/686685,大阪城|ユニバーサル・スタジオ・ジャパン|梅田スカイビル|HEP FIVE観覧車
729758,DEM5B,523513,FG-GML-523513-DEM5B-20170314.zip,587,601088,2017/03/14,/kiban/app/api/download/file/729758,大阪城|ユニバーサル・スタジオ・ジャパン|梅田スカイビル|HEP FIVE観覧車
538693,DEM10B,523514,FG-GML-523514-DEM10B-20161001.zip,702,718848,2016/10/01,/kiban/app/api/download/file/538693,大阪城|ひらかたパーク|梅田スカイビル|HEP FIVE観覧車
685650,DEM1A,523514,FG-GML-523514-DEM1A-20251208.zip,28568,29253632,2025/12/08,/kiban/app/api/download/file/685650,大阪城|ひらかたパーク|梅田スカイビル|HEP FIVE観覧車
686686,DEM5A,523514,FG-GML-523514-DEM5A-20251208.zip,5917,6059008,2025/12/08,/kiban/app/api/download/file/686686,大阪城|ひらかたパーク|梅田スカイビル|HEP FIVE観覧車
615109,DEM5B,523514,FG-GML-523514-DEM5B-20250609.zip,1249,1278976,2025/06/09,/kiban/app/api/download/file/615109,大阪城|ひらかたパーク|梅田スカイビル|HEP FIVE観覧車
538694,DEM10B,523515,FG-GML-523515-DEM10B-20161001.zip,1408,1441792,2016/10/01,/kiban/app/api/download/file/538694,ひらかたパーク
685651,DEM1A,523515,FG-GML-523515-DEM1A-20251208.zip,111978,114665472,2025/12/08,/kiban/app/api/download/file/685651,ひらかたパーク
686687,DEM5A,523515,FG-GML-523515-DEM5A-20251208.zip,5955,6097920,2025/12/08,/kiban/app/api/download/file/686687,ひらかたパーク
729761,DEM5B,523515,FG-GML-523515-DEM5B-20161001.zip,4087,4185088,2016/10/01,/kiban/app/api/download/file/729761,ひらかたパーク
538701,DEM10B,523524,FG-GML-523524-DEM10B-20161001.zip,1679,1719296,2016/10/01,/kiban/app/api/download/file/538701,ひらかたパーク
663853,DEM1A,523524,FG-GML-523524-DEM1A-20250828.zip,176735,180976640,2025/08/28,/kiban/app/api/download/file/663853,ひらかたパーク
617812,DEM5A,523524,FG-GML-523524-DEM5A-20250620.zip,8289,8487936,2025/06/20,/kiban/app/api/download/file/617812,ひらかたパーク
615111,DEM5B,523524,FG-GML-523524-DEM5B-20250609.zip,7732,7917568,2025/06/09,/kiban/app/api/download/file/615111,ひらかたパーク
538702,DEM10B,523525,FG-GML-523525-DEM10B-20161001.zip,1094,1120256,2016/10/01,/kiban/app/api/download/file/538702,ひらかたパーク|京都タワー
685655,DEM1A,523525,FG-GML-523525-DEM1A-20251208.zip,78781,80671744,2025/12/08,/kiban/app/api/download/file/685655,ひらかたパーク|京都タワー
686691,DEM5A,523525,FG-GML-523525-DEM5A-20251208.zip,5595,5729280,2025/12/08,/kiban/app/api/download/file/686691,ひらかたパーク|京都タワー
615112,DEM5B,523525,FG-GML-523525-DEM5B-20250609.zip,2311,2366464,2025/06/09,/kiban/app/api/download/file/615112,ひらかたパーク|京都タワー
538703,DEM10B,523526,FG-GML-523526-DEM10B-20161001.zip,1466,1501184,2016/10/01,/kiban/app/api/download/file/538703,京都タワー
663855,DEM1A,523526,FG-GML-523526-DEM1A-20250908.zip,100997,103420928,2025/09/08,/kiban/app/api/download/file/663855,京都タワー
662376,DEM5A,523526,FG-GML-523526-DEM5A-20250908.zip,5391,5520384,2025/09/08,/kiban/app/api/download/file/662376,京都タワー
729773,DEM5B,523526,FG-GML-523526-DEM5B-20090901.zip,7249,7422976,2009/09/01,/kiban/app/api/download/file/729773,京都タワー
538706,DEM10B,523531,FG-GML-523531-DEM10B-20161001.zip,1751,1793024,2016/10/01,/kiban/app/api/download/file/538706,丹波篠山城跡
685656,DEM1A,523531,FG-GML-523531-DEM1A-20251208.zip,157218,160991232,2025/12/08,/kiban/app/api/download/file/685656,丹波篠山城跡
686692,DEM5A,523531,FG-GML-523531-DEM5A-20251208.zip,6932,7098368,2025/12/08,/kiban/app/api/download/file/686692,丹波篠山城跡
729777,DEM5B,523531,FG-GML-523531-DEM5B-20161001.zip,3955,4049920,2016/10/01,/kiban/app/api/download/file/729777,丹波篠山城跡
538707,DEM10B,523532,FG-GML-523532-DEM10B-20161001.zip,1899,1944576,2016/10/01,/kiban/app/api/download/file/538707,丹波篠山城跡
612685,DEM1A,523532,FG-GML-523532-DEM1A-20250606.zip,219476,224743424,2025/06/06,/kiban/app/api/download/file/612685,丹波篠山城跡
617818,DEM5A,523532,FG-GML-523532-DEM5A-20250620.zip,6985,7152640,2025/06/20,/kiban/app/api/download/file/617818,丹波篠山城跡
729780,DEM5B,523532,FG-GML-523532-DEM5B-20161001.zip,9389,9614336,2016/10/01,/kiban/app/api/download/file/729780,丹波篠山城跡
538710,DEM10B,523535,FG-GML-523535-DEM10B-20161001.zip,1287,1317888,2016/10/01,/kiban/app/api/download/file/538710,二条城|京都タワー
663858,DEM1A,523535,FG-GML-523535-DEM1A-20250908.zip,107329,109904896,2025/09/08,/kiban/app/api/download/file/663858,二条城|京都タワー
662379,DEM5A,523535,FG-GML-523535-DEM5A-20250908.zip,5579,5712896,2025/09/08,/kiban/app/api/download/file/662379,二条城|京都タワー
615115,DEM5B,523535,FG-GML-523535-DEM5B-20250609.zip,3593,3679232,2025/06/09,/kiban/app/api/download/file/615115,二条城|京都タワー
538711,DEM10B,523536,FG-GML-523536-DEM10B-20161001.zip,1594,1632256,2016/10/01,/kiban/app/api/download/file/538711,二条城|京都タワー
663859,DEM1A,523536,FG-GML-523536-DEM1A-20250908.zip,141549,144946176,2025/09/08,/kiban/app/api/download/file/663859,二条城|京都タワー
662380,DEM5A,523536,FG-GML-523536-DEM5A-20250908.zip,5915,6056960,2025/09/08,/kiban/app/api/download/file/662380,二条城|京都タワー
615116,DEM5B,523536,FG-GML-523536-DEM5B-20250609.zip,67,68608,2025/06/09,/kiban/app/api/download/file/615116,二条城|京都タワー
538713,DEM10B,523540,FG-GML-523540-DEM10B-20161001.zip,1918,1964032,2016/10/01,/kiban/app/api/download/file/538713,丹波篠山城跡
663861,DEM1A,523540,FG-GML-523540-DEM1A-20250828.zip,216196,221384704,2025/08/28,/kiban/app/api/download/file/663861,丹波篠山城跡
662382,DEM5A,523540,FG-GML-523540-DEM5A-20250828.zip,9412,9637888,2025/08/28,/kiban/app/api/download/file/662382,丹波篠山城跡
615117,DEM5B,523540,FG-GML-523540-DEM5B-20250609.zip,314,321536,2025/06/09,/kiban/app/api/download/file/615117,丹波篠山城跡
538714,DEM10B,523541,FG-GML-523541-DEM10B-20161001.zip,1712,1753088,2016/10/01,/kiban/app/api/download/file/538714,丹波篠山城跡
685657,DEM1A,523541,FG-GML-523541-DEM1A-20251208.zip,165042,169003008,2025/12/08,/kiban/app/api/download/file/685657,丹波篠山城跡
686693,DEM5A,523541,FG-GML-523541-DEM5A-20251208.zip,7367,7543808,2025/12/08,/kiban/app/api/download/file/686693,丹波篠山城跡
615118,DEM5B,523541,FG-GML-523541-DEM5B-20250609.zip,2443,2501632,2025/06/09,/kiban/app/api/download/file/615118,丹波篠山城跡
538715,DEM10B,523542,FG-GML-523542-DEM10B-20161001.zip,1875,1920000,2016/10/01,/kiban/app/api/download/file/538715,丹波篠山城跡
685658,DEM1A,523542,FG-GML-523542-DEM1A-20251208.zip,177643,181906432,2025/12/08,/kiban/app/api/download/file/685658,丹波篠山城跡
686694,DEM5A,523542,FG-GML-523542-DEM5A-20251208.zip,7099,7269376,2025/12/08,/kiban/app/api/download/file/686694,丹波篠山城跡
615119,DEM5B,523542,FG-GML-523542-DEM5B-20250609.zip,1588,1626112,2025/06/09,/kiban/app/api/download/file/615119,丹波篠山城跡
538718,DEM10B,523545,FG-GML-523545-DEM10B-20161001.zip,1740,1781760,2016/10/01,/kiban/app/api/download/file/538718,二条城|京都タワー
663866,DEM1A,523545,FG-GML-523545-DEM1A-20250908.zip,171078,175183872,2025/09/08,/kiban/app/api/download/file/663866,二条城|京都タワー
662387,DEM5A,523545,FG-GML-523545-DEM5A-20250908.zip,6823,6986752,2025/09/08,/kiban/app/api/download/file/662387,二条城|京都タワー
615122,DEM5B,523545,FG-GML-523545-DEM5B-20250609.zip,1331,1362944,2025/06/09,/kiban/app/api/download/file/615122,二条城|京都タワー
538719,DEM10B,523546,FG-GML-523546-DEM10B-20161001.zip,1610,1648640,2016/10/01,/kiban/app/api/download/file/538719,二条城|京都タワー
663867,DEM1A,523546,FG-GML-523546-DEM1A-20250908.zip,149370,152954880,2025/09/08,/kiban/app/api/download/file/663867,二条城|京都タワー
662388,DEM5A,523546,FG-GML-523546-DEM5A-20250908.zip,6123,6269952,2025/09/08,/kiban/app/api/download/file/662388,二条城|京都タワー
729789,DEM5B,523546,FG-GML-523546-DEM5B-20161001.zip,2764,2830336,2016/10/01,/kiban/app/api/download/file/729789,二条城|京都タワー
538721,DEM10B,523550,FG-GML-523550-DEM10B-20161001.zip,1753,1795072,2016/10/01,/kiban/app/api/download/file/538721,丹波篠山城跡
663868,DEM1A,523550,FG-GML-523550-DEM1A-20250728.zip,206946,211912704,2025/07/28,/kiban/app/api/download/file/663868,丹波篠山城跡
662389,DEM5A,523550,FG-GML-523550-DEM5A-20250728.zip,9095,9313280,2025/07/28,/kiban/app/api/download/file/662389,丹波篠山城跡
538722,DEM10B,523551,FG-GML-523551-DEM10B-20161001.zip,1837,1881088,2016/10/01,/kiban/app/api/download/file/538722,丹波篠山城跡
663869,DEM1A,523551,FG-GML-523551-DEM1A-20250728.zip,212941,218051584,2025/07/28,/kiban/app/api/download/file/663869,丹波篠山城跡
662390,DEM5A,523551,FG-GML-523551-DEM5A-20250728.zip,9264,9486336,2025/07/28,/kiban/app/api/download/file/662390,丹波篠山城跡
538723,DEM10B,523552,FG-GML-523552-DEM10B-20161001.zip,1864,1908736,2016/10/01,/kiban/app/api/download/file/538723,丹波篠山城跡
663870,DEM1A,523552,FG-GML-523552-DEM1A-20250728.zip,219944,225222656,2025/07/28,/kiban/app/api/download/file/663870,丹波篠山城跡
662391,DEM5A,523552,FG-GML-523552-DEM5A-20250728.zip,9123,9341952,2025/07/28,/kiban/app/api/download/file/662391,丹波篠山城跡
538726,DEM10B,523555,FG-GML-523555-DEM10B-20161001.zip,2014,2062336,2016/10/01,/kiban/app/api/download/file/538726,二条城
663873,DEM1A,523555,FG-GML-523555-DEM1A-20250908.zip,202929,207799296,2025/09/08,/kiban/app/api/download/file/663873,二条城
662394,DEM5A,523555,FG-GML-523555-DEM5A-20250908.zip,7446,7624704,2025/09/08,/kiban/app/api/download/file/662394,二条城
538727,DEM10B,523556,FG-GML-523556-DEM10B-20161001.zip,2027,2075648,2016/10/01,/kiban/app/api/download/file/538727,二条城
663874,DEM1A,523556,FG-GML-523556-DEM1A-20250908.zip,174139,178318336,2025/09/08,/kiban/app/api/download/file/663874,二条城
662395,DEM5A,523556,FG-GML-523556-DEM5A-20250908.zip,7957,8147968,2025/09/08,/kiban/app/api/download/file/662395,二条城
729790,DEM5B,523556,FG-GML-523556-DEM5B-20110301.zip,9316,9539584,2011/03/01,/kiban/app/api/download/file/729790,二条城
538729,DEM10B,523560,FG-GML-523560-DEM10B-20161001.zip,1721,1762304,2016/10/01,/kiban/app/api/download/file/538729,福知山城
663875,DEM1A,523560,FG-GML-523560-DEM1A-20250828.zip,202059,206908416,2025/08/28,/kiban/app/api/download/file/663875,福知山城
662396,DEM5A,523560,FG-GML-523560-DEM5A-20250828.zip,8939,9153536,2025/08/28,/kiban/app/api/download/file/662396,福知山城
538730,DEM10B,523561,FG-GML-523561-DEM10B-20161001.zip,1833,1876992,2016/10/01,/kiban/app/api/download/file/538730,福知山城
663876,DEM1A,523561,FG-GML-523561-DEM1A-20250728.zip,212443,217541632,2025/07/28,/kiban/app/api/download/file/663876,福知山城
662397,DEM5A,523561,FG-GML-523561-DEM5A-20250728.zip,8270,8468480,2025/07/28,/kiban/app/api/download/file/662397,福知山城
538737,DEM10B,523570,FG-GML-523570-DEM10B-20161001.zip,1764,1806336,2016/10/01,/kiban/app/api/download/file/538737,福知山城
663880,DEM1A,523570,FG-GML-523570-DEM1A-20250828.zip,181191,185539584,2025/08/28,/kiban/app/api/download/file/663880,福知山城
662401,DEM5A,523570,FG-GML-523570-DEM5A-20250828.zip,6788,6950912,2025/08/28,/kiban/app/api/download/file/662401,福知山城
538738,DEM10B,523571,FG-GML-523571-DEM10B-20161001.zip,1551,1588224,2016/10/01,/kiban/app/api/download/file/538738,福知山城
663881,DEM1A,523571,FG-GML-523571-DEM1A-20250828.zip,154735,158448640,2025/08/28,/kiban/app/api/download/file/663881,福知山城
662402,DEM5A,523571,FG-GML-523571-DEM5A-20250828.zip,5778,5916672,2025/08/28,/kiban/app/api/download/file/662402,福知山城
538745,DEM10B,523600,FG-GML-523600-DEM10B-20161001.zip,1709,1750016,2016/10/01,/kiban/app/api/download/file/538745,伊賀上野城
663885,DEM1A,523600,FG-GML-523600-DEM1A-20250828.zip,185718,190175232,2025/08/28,/kiban/app/api/download/file/663885,伊賀上野城
662406,DEM5A,523600,FG-GML-523600-DEM5A-20250828.zip,6734,6895616,2025/08/28,/kiban/app/api/download/file/662406,伊賀上野城
729793,DEM5B,523600,FG-GML-523600-DEM5B-20161001.zip,2563,2624512,2016/10/01,/kiban/app/api/download/file/729793,伊賀上野城
538746,DEM10B,523601,FG-GML-523601-DEM10B-20161001.zip,1648,1687552,2016/10/01,/kiban/app/api/download/file/538746,伊賀上野城
663886,DEM1A,523601,FG-GML-523601-DEM1A-20250828.zip,172765,176911360,2025/08/28,/kiban/app/api/download/file/663886,伊賀上野城
662407,DEM5A,523601,FG-GML-523601-DEM5A-20250828.zip,6182,6330368,2025/08/28,/kiban/app/api/download/file/662407,伊賀上野城
729795,DEM5B,523601,FG-GML-523601-DEM5B-20161001.zip,5006,5126144,2016/10/01,/kiban/app/api/download/file/729795,伊賀上野城
538748,DEM10B,523603,FG-GML-523603-DEM10B-20161001.zip,1293,1324032,2016/10/01,/kiban/app/api/download/file/538748,津城跡
717767,DEM1A,523603,FG-GML-523603-DEM1A-20260522.zip,114578,117327872,2026/05/22,/kiban/app/api/download/file/717767,津城跡
720025,DEM5A,523603,FG-GML-523603-DEM5A-20260522.zip,7202,7374848,2026/05/22,/kiban/app/api/download/file/720025,津城跡
729799,DEM5B,523603,FG-GML-523603-DEM5B-20161001.zip,154,157696,2016/10/01,/kiban/app/api/download/file/729799,津城跡
538749,DEM10B,523604,FG-GML-523604-DEM10B-20161001.zip,190,194560,2016/10/01,/kiban/app/api/download/file/538749,津城跡
717768,DEM1A,523604,FG-GML-523604-DEM1A-20260522.zip,58,59392,2026/05/22,/kiban/app/api/download/file/717768,津城跡
720026,DEM5A,523604,FG-GML-523604-DEM5A-20260522.zip,1408,1441792,2026/05/22,/kiban/app/api/download/file/720026,津城跡
538750,DEM10B,523606,FG-GML-523606-DEM10B-20161001.zip,79,80896,2016/10/01,/kiban/app/api/download/file/538750,上陸大師像（愛知県）
617861,DEM5A,523606,FG-GML-523606-DEM5A-20250620.zip,196,200704,2025/06/20,/kiban/app/api/download/file/617861,上陸大師像（愛知県）
538751,DEM10B,523607,FG-GML-523607-DEM10B-20161001.zip,582,595968,2016/10/01,/kiban/app/api/download/file/538751,上陸大師像（愛知県）
612727,DEM1A,523607,FG-GML-523607-DEM1A-20250613.zip,649,664576,2025/06/13,/kiban/app/api/download/file/612727,上陸大師像（愛知県）
617862,DEM5A,523607,FG-GML-523607-DEM5A-20250620.zip,2685,2749440,2025/06/20,/kiban/app/api/download/file/617862,上陸大師像（愛知県）
615127,DEM5B,523607,FG-GML-523607-DEM5B-20250609.zip,2,2048,2025/06/09,/kiban/app/api/download/file/615127,上陸大師像（愛知県）
538752,DEM10B,523610,FG-GML-523610-DEM10B-20161001.zip,1785,1827840,2016/10/01,/kiban/app/api/download/file/538752,伊賀上野城
663888,DEM1A,523610,FG-GML-523610-DEM1A-20250908.zip,166954,170960896,2025/09/08,/kiban/app/api/download/file/663888,伊賀上野城
662409,DEM5A,523610,FG-GML-523610-DEM5A-20250908.zip,6401,6554624,2025/09/08,/kiban/app/api/download/file/662409,伊賀上野城
729801,DEM5B,523610,FG-GML-523610-DEM5B-20161001.zip,5172,5296128,2016/10/01,/kiban/app/api/download/file/729801,伊賀上野城
538753,DEM10B,523611,FG-GML-523611-DEM10B-20161001.zip,1517,1553408,2016/10/01,/kiban/app/api/download/file/538753,伊賀上野城
612729,DEM1A,523611,FG-GML-523611-DEM1A-20250613.zip,147627,151170048,2025/06/13,/kiban/app/api/download/file/612729,伊賀上野城
617864,DEM5A,523611,FG-GML-523611-DEM5A-20250620.zip,5036,5156864,2025/06/20,/kiban/app/api/download/file/617864,伊賀上野城
729803,DEM5B,523611,FG-GML-523611-DEM5B-20161001.zip,5856,5996544,2016/10/01,/kiban/app/api/download/file/729803,伊賀上野城
538755,DEM10B,523613,FG-GML-523613-DEM10B-20161001.zip,1528,1564672,2016/10/01,/kiban/app/api/download/file/538755,津城跡
685660,DEM1A,523613,FG-GML-523613-DEM1A-20251208.zip,41812,42815488,2025/12/08,/kiban/app/api/download/file/685660,津城跡
686696,DEM5A,523613,FG-GML-523613-DEM5A-20251208.zip,7046,7215104,2025/12/08,/kiban/app/api/download/file/686696,津城跡
729807,DEM5B,523613,FG-GML-523613-DEM5B-20161001.zip,1578,1615872,2016/10/01,/kiban/app/api/download/file/729807,津城跡
538756,DEM10B,523614,FG-GML-523614-DEM10B-20161001.zip,460,471040,2016/10/01,/kiban/app/api/download/file/538756,津城跡
617867,DEM5A,523614,FG-GML-523614-DEM5A-20250620.zip,3022,3094528,2025/06/20,/kiban/app/api/download/file/617867,津城跡
538757,DEM10B,523616,FG-GML-523616-DEM10B-20161001.zip,292,299008,2016/10/01,/kiban/app/api/download/file/538757,上陸大師像（愛知県）
617868,DEM5A,523616,FG-GML-523616-DEM5A-20250620.zip,1231,1260544,2025/06/20,/kiban/app/api/download/file/617868,上陸大師像（愛知県）
538758,DEM10B,523617,FG-GML-523617-DEM10B-20161001.zip,631,646144,2016/10/01,/kiban/app/api/download/file/538758,上陸大師像（愛知県）
612732,DEM1A,523617,FG-GML-523617-DEM1A-20250613.zip,2094,2144256,2025/06/13,/kiban/app/api/download/file/612732,上陸大師像（愛知県）
617869,DEM5A,523617,FG-GML-523617-DEM5A-20250620.zip,3133,3208192,2025/06/20,/kiban/app/api/download/file/617869,上陸大師像（愛知県）
615128,DEM5B,523617,FG-GML-523617-DEM5B-20250609.zip,2,2048,2025/06/09,/kiban/app/api/download/file/615128,上陸大師像（愛知県）
538759,DEM10B,523620,FG-GML-523620-DEM10B-20161001.zip,1834,1878016,2016/10/01,/kiban/app/api/download/file/538759,伊賀上野城
663889,DEM1A,523620,FG-GML-523620-DEM1A-20250908.zip,154645,158356480,2025/09/08,/kiban/app/api/download/file/663889,伊賀上野城
662410,DEM5A,523620,FG-GML-523620-DEM5A-20250908.zip,6747,6908928,2025/09/08,/kiban/app/api/download/file/662410,伊賀上野城
729810,DEM5B,523620,FG-GML-523620-DEM5B-20161001.zip,1903,1948672,2016/10/01,/kiban/app/api/download/file/729810,伊賀上野城
538760,DEM10B,523621,FG-GML-523621-DEM10B-20161001.zip,1581,1618944,2016/10/01,/kiban/app/api/download/file/538760,伊賀上野城
612734,DEM1A,523621,FG-GML-523621-DEM1A-20250613.zip,181823,186186752,2025/06/13,/kiban/app/api/download/file/612734,伊賀上野城
617871,DEM5A,523621,FG-GML-523621-DEM5A-20250620.zip,5483,5614592,2025/06/20,/kiban/app/api/download/file/617871,伊賀上野城
729812,DEM5B,523621,FG-GML-523621-DEM5B-20161001.zip,6636,6795264,2016/10/01,/kiban/app/api/download/file/729812,伊賀上野城
538771,DEM10B,523634,FG-GML-523634-DEM10B-20161001.zip,1116,1142784,2016/10/01,/kiban/app/api/download/file/538771,ナガシマスパーランド
612744,DEM1A,523634,FG-GML-523634-DEM1A-20250613.zip,3437,3519488,2025/06/13,/kiban/app/api/download/file/612744,ナガシマスパーランド
617882,DEM5A,523634,FG-GML-523634-DEM5A-20250620.zip,6509,6665216,2025/06/20,/kiban/app/api/download/file/617882,ナガシマスパーランド
729833,DEM5B,523634,FG-GML-523634-DEM5B-20100625.zip,3293,3372032,2010/06/25,/kiban/app/api/download/file/729833,ナガシマスパーランド
538772,DEM10B,523635,FG-GML-523635-DEM10B-20161001.zip,133,136192,2016/10/01,/kiban/app/api/download/file/538772,ナガシマスパーランド
612745,DEM1A,523635,FG-GML-523635-DEM1A-20250613.zip,428,438272,2025/06/13,/kiban/app/api/download/file/612745,ナガシマスパーランド
617883,DEM5A,523635,FG-GML-523635-DEM5A-20250620.zip,1178,1206272,2025/06/20,/kiban/app/api/download/file/617883,ナガシマスパーランド
729834,DEM5B,523635,FG-GML-523635-DEM5B-20100625.zip,763,781312,2010/06/25,/kiban/app/api/download/file/729834,ナガシマスパーランド
538773,DEM10B,523636,FG-GML-523636-DEM10B-20161001.zip,486,497664,2016/10/01,/kiban/app/api/download/file/538773,ナガシマスパーランド|レゴランド・ジャパン
612746,DEM1A,523636,FG-GML-523636-DEM1A-20250613.zip,390,399360,2025/06/13,/kiban/app/api/download/file/612746,ナガシマスパーランド|レゴランド・ジャパン
617884,DEM5A,523636,FG-GML-523636-DEM5A-20250620.zip,2545,2606080,2025/06/20,/kiban/app/api/download/file/617884,ナガシマスパーランド|レゴランド・ジャパン
615129,DEM5B,523636,FG-GML-523636-DEM5B-20250609.zip,5,5120,2025/06/09,/kiban/app/api/download/file/615129,ナガシマスパーランド|レゴランド・ジャパン
538774,DEM10B,523637,FG-GML-523637-DEM10B-20161001.zip,1151,1178624,2016/10/01,/kiban/app/api/download/file/538774,レゴランド・ジャパン
617885,DEM5A,523637,FG-GML-523637-DEM5A-20250620.zip,6536,6692864,2025/06/20,/kiban/app/api/download/file/617885,レゴランド・ジャパン
538779,DEM10B,523644,FG-GML-523644-DEM10B-20161001.zip,980,1003520,2016/10/01,/kiban/app/api/download/file/538779,ナガシマスパーランド
685663,DEM1A,523644,FG-GML-523644-DEM1A-20251208.zip,17406,17823744,2025/12/08,/kiban/app/api/download/file/685663,ナガシマスパーランド
686699,DEM5A,523644,FG-GML-523644-DEM5A-20251208.zip,5698,5834752,2025/12/08,/kiban/app/api/download/file/686699,ナガシマスパーランド
729847,DEM5B,523644,FG-GML-523644-DEM5B-20100625.zip,6065,6210560,2010/06/25,/kiban/app/api/download/file/729847,ナガシマスパーランド
538780,DEM10B,523645,FG-GML-523645-DEM10B-20161001.zip,611,625664,2016/10/01,/kiban/app/api/download/file/538780,ナガシマスパーランド|レゴランド・ジャパン
685664,DEM1A,523645,FG-GML-523645-DEM1A-20251208.zip,16413,16806912,2025/12/08,/kiban/app/api/download/file/685664,ナガシマスパーランド|レゴランド・ジャパン
686700,DEM5A,523645,FG-GML-523645-DEM5A-20251208.zip,4233,4334592,2025/12/08,/kiban/app/api/download/file/686700,ナガシマスパーランド|レゴランド・ジャパン
729848,DEM5B,523645,FG-GML-523645-DEM5B-20100625.zip,2258,2312192,2010/06/25,/kiban/app/api/download/file/729848,ナガシマスパーランド|レゴランド・ジャパン
538781,DEM10B,523646,FG-GML-523646-DEM10B-20161001.zip,272,278528,2016/10/01,/kiban/app/api/download/file/538781,ナガシマスパーランド|レゴランド・ジャパン|ミッドランドスクエア|大名古屋ビルヂング|JRセントラルタワーズ
612752,DEM1A,523646,FG-GML-523646-DEM1A-20250613.zip,10708,10964992,2025/06/13,/kiban/app/api/download/file/612752,ナガシマスパーランド|レゴランド・ジャパン|ミッドランドスクエア|大名古屋ビルヂング|JRセントラルタワーズ
617892,DEM5A,523646,FG-GML-523646-DEM5A-20250620.zip,2664,2727936,2025/06/20,/kiban/app/api/download/file/617892,ナガシマスパーランド|レゴランド・ジャパン|ミッドランドスクエア|大名古屋ビルヂング|JRセントラルタワーズ
729852,DEM5B,523646,FG-GML-523646-DEM5B-20190701.zip,451,461824,2019/07/01,/kiban/app/api/download/file/729852,ナガシマスパーランド|レゴランド・ジャパン|ミッドランドスクエア|大名古屋ビルヂング|JRセントラルタワーズ
538782,DEM10B,523647,FG-GML-523647-DEM10B-20161001.zip,984,1007616,2016/10/01,/kiban/app/api/download/file/538782,レゴランド・ジャパン|ミッドランドスクエア|大名古屋ビルヂング|JRセントラルタワーズ|中部電力 MIRAI TOWER（名古屋テレビ塔）|Sky-Boat
617893,DEM5A,523647,FG-GML-523647-DEM5A-20250620.zip,6177,6325248,2025/06/20,/kiban/app/api/download/file/617893,レゴランド・ジャパン|ミッドランドスクエア|大名古屋ビルヂング|JRセントラルタワーズ|中部電力 MIRAI TOWER（名古屋テレビ塔）|Sky-Boat
729853,DEM5B,523647,FG-GML-523647-DEM5B-20100115.zip,4086,4184064,2010/01/15,/kiban/app/api/download/file/729853,レゴランド・ジャパン|ミッドランドスクエア|大名古屋ビルヂング|JRセントラルタワーズ|中部電力 MIRAI TOWER（名古屋テレビ塔）|Sky-Boat
538788,DEM10B,523655,FG-GML-523655-DEM10B-20161001.zip,587,601088,2016/10/01,/kiban/app/api/download/file/538788,ナガシマスパーランド|レゴランド・ジャパン
685667,DEM1A,523655,FG-GML-523655-DEM1A-20251208.zip,6591,6749184,2025/12/08,/kiban/app/api/download/file/685667,ナガシマスパーランド|レゴランド・ジャパン
686703,DEM5A,523655,FG-GML-523655-DEM5A-20251208.zip,4847,4963328,2025/12/08,/kiban/app/api/download/file/686703,ナガシマスパーランド|レゴランド・ジャパン
729864,DEM5B,523655,FG-GML-523655-DEM5B-20100625.zip,455,465920,2010/06/25,/kiban/app/api/download/file/729864,ナガシマスパーランド|レゴランド・ジャパン
538789,DEM10B,523656,FG-GML-523656-DEM10B-20161001.zip,285,291840,2016/10/01,/kiban/app/api/download/file/538789,名古屋城|清州城天主閣（模擬天守）|清洲古城跡公園（史跡・本来の城跡）|ナガシマスパーランド|レゴランド・ジャパン|ミッドランドスクエア|名古屋ルーセントタワー|大名古屋ビルヂング|JRセントラルタワーズ|中部電力 MIRAI TOWER（名古屋テレビ塔）|Sky-Boat
617900,DEM5A,523656,FG-GML-523656-DEM5A-20250620.zip,3499,3582976,2025/06/20,/kiban/app/api/download/file/617900,名古屋城|清州城天主閣（模擬天守）|清洲古城跡公園（史跡・本来の城跡）|ナガシマスパーランド|レゴランド・ジャパン|ミッドランドスクエア|名古屋ルーセントタワー|大名古屋ビルヂング|JRセントラルタワーズ|中部電力 MIRAI TOWER（名古屋テレビ塔）|Sky-Boat
538790,DEM10B,523657,FG-GML-523657-DEM10B-20161001.zip,843,863232,2016/10/01,/kiban/app/api/download/file/538790,名古屋城|清州城天主閣（模擬天守）|清洲古城跡公園（史跡・本来の城跡）|レゴランド・ジャパン|ミッドランドスクエア|名古屋ルーセントタワー|大名古屋ビルヂング|JRセントラルタワーズ|中部電力 MIRAI TOWER（名古屋テレビ塔）|Sky-Boat
617901,DEM5A,523657,FG-GML-523657-DEM5A-20250620.zip,5671,5807104,2025/06/20,/kiban/app/api/download/file/617901,名古屋城|清州城天主閣（模擬天守）|清洲古城跡公園（史跡・本来の城跡）|レゴランド・ジャパン|ミッドランドスクエア|名古屋ルーセントタワー|大名古屋ビルヂング|JRセントラルタワーズ|中部電力 MIRAI TOWER（名古屋テレビ塔）|Sky-Boat
729865,DEM5B,523657,FG-GML-523657-DEM5B-20100115.zip,707,723968,2010/01/15,/kiban/app/api/download/file/729865,名古屋城|清州城天主閣（模擬天守）|清洲古城跡公園（史跡・本来の城跡）|レゴランド・ジャパン|ミッドランドスクエア|名古屋ルーセントタワー|大名古屋ビルヂング|JRセントラルタワーズ|中部電力 MIRAI TOWER（名古屋テレビ塔）|Sky-Boat
538792,DEM10B,523661,FG-GML-523661-DEM10B-20161001.zip,446,456704,2016/10/01,/kiban/app/api/download/file/538792,彦根城
612760,DEM1A,523661,FG-GML-523661-DEM1A-20250613.zip,87536,89636864,2025/06/13,/kiban/app/api/download/file/612760,彦根城
617903,DEM5A,523661,FG-GML-523661-DEM5A-20250620.zip,4294,4397056,2025/06/20,/kiban/app/api/download/file/617903,彦根城
615132,DEM5B,523661,FG-GML-523661-DEM5B-20250609.zip,16,16384,2025/06/09,/kiban/app/api/download/file/615132,彦根城
538793,DEM10B,523662,FG-GML-523662-DEM10B-20161001.zip,1728,1769472,2016/10/01,/kiban/app/api/download/file/538793,彦根城
612761,DEM1A,523662,FG-GML-523662-DEM1A-20250613.zip,198304,203063296,2025/06/13,/kiban/app/api/download/file/612761,彦根城
617904,DEM5A,523662,FG-GML-523662-DEM5A-20250620.zip,8543,8748032,2025/06/20,/kiban/app/api/download/file/617904,彦根城
546706,DEM5B,523662,FG-GML-523662-DEM5B-20161001.zip,168,172032,2016/10/01,/kiban/app/api/download/file/546706,彦根城
547547,DEM5C,523662,FG-GML-523662-DEM5C-20220124.zip,82,83968,2022/01/24,/kiban/app/api/download/file/547547,彦根城
538796,DEM10B,523665,FG-GML-523665-DEM10B-20161001.zip,390,399360,2016/10/01,/kiban/app/api/download/file/538796,清州城天主閣（模擬天守）|清洲古城跡公園（史跡・本来の城跡）
717770,DEM1A,523665,FG-GML-523665-DEM1A-20260616.zip,6211,6360064,2026/06/16,/kiban/app/api/download/file/717770,清州城天主閣（模擬天守）|清洲古城跡公園（史跡・本来の城跡）
720028,DEM5A,523665,FG-GML-523665-DEM5A-20260616.zip,4495,4602880,2026/06/16,/kiban/app/api/download/file/720028,清州城天主閣（模擬天守）|清洲古城跡公園（史跡・本来の城跡）
538797,DEM10B,523666,FG-GML-523666-DEM10B-20161001.zip,291,297984,2016/10/01,/kiban/app/api/download/file/538797,名古屋城|小牧山城跡|清州城天主閣（模擬天守）|清洲古城跡公園（史跡・本来の城跡）|ミッドランドスクエア|名古屋ルーセントタワー|大名古屋ビルヂング|JRセントラルタワーズ|中部電力 MIRAI TOWER（名古屋テレビ塔）|Sky-Boat
617908,DEM5A,523666,FG-GML-523666-DEM5A-20250620.zip,3968,4063232,2025/06/20,/kiban/app/api/download/file/617908,名古屋城|小牧山城跡|清州城天主閣（模擬天守）|清洲古城跡公園（史跡・本来の城跡）|ミッドランドスクエア|名古屋ルーセントタワー|大名古屋ビルヂング|JRセントラルタワーズ|中部電力 MIRAI TOWER（名古屋テレビ塔）|Sky-Boat
538798,DEM10B,523667,FG-GML-523667-DEM10B-20161001.zip,610,624640,2016/10/01,/kiban/app/api/download/file/538798,名古屋城|小牧山城跡|清州城天主閣（模擬天守）|清洲古城跡公園（史跡・本来の城跡）|ミッドランドスクエア|名古屋ルーセントタワー|大名古屋ビルヂング|JRセントラルタワーズ|中部電力 MIRAI TOWER（名古屋テレビ塔）|Sky-Boat
617909,DEM5A,523667,FG-GML-523667-DEM5A-20250620.zip,3801,3892224,2025/06/20,/kiban/app/api/download/file/617909,名古屋城|小牧山城跡|清州城天主閣（模擬天守）|清洲古城跡公園（史跡・本来の城跡）|ミッドランドスクエア|名古屋ルーセントタワー|大名古屋ビルヂング|JRセントラルタワーズ|中部電力 MIRAI TOWER（名古屋テレビ塔）|Sky-Boat
729873,DEM5B,523667,FG-GML-523667-DEM5B-20100115.zip,670,686080,2010/01/15,/kiban/app/api/download/file/729873,名古屋城|小牧山城跡|清州城天主閣（模擬天守）|清洲古城跡公園（史跡・本来の城跡）|ミッドランドスクエア|名古屋ルーセントタワー|大名古屋ビルヂング|JRセントラルタワーズ|中部電力 MIRAI TOWER（名古屋テレビ塔）|Sky-Boat
538800,DEM10B,523671,FG-GML-523671-DEM10B-20161001.zip,76,77824,2016/10/01,/kiban/app/api/download/file/538800,彦根城
612766,DEM1A,523671,FG-GML-523671-DEM1A-20250613.zip,11606,11884544,2025/06/13,/kiban/app/api/download/file/612766,彦根城
617911,DEM5A,523671,FG-GML-523671-DEM5A-20250620.zip,570,583680,2025/06/20,/kiban/app/api/download/file/617911,彦根城
615133,DEM5B,523671,FG-GML-523671-DEM5B-20250609.zip,138,141312,2025/06/09,/kiban/app/api/download/file/615133,彦根城
538801,DEM10B,523672,FG-GML-523672-DEM10B-20161001.zip,1640,1679360,2016/10/01,/kiban/app/api/download/file/538801,伊吹山|彦根城
612767,DEM1A,523672,FG-GML-523672-DEM1A-20250613.zip,157933,161723392,2025/06/13,/kiban/app/api/download/file/612767,伊吹山|彦根城
617912,DEM5A,523672,FG-GML-523672-DEM5A-20250620.zip,7120,7290880,2025/06/20,/kiban/app/api/download/file/617912,伊吹山|彦根城
615134,DEM5B,523672,FG-GML-523672-DEM5B-20250609.zip,4,4096,2025/06/09,/kiban/app/api/download/file/615134,伊吹山|彦根城
538802,DEM10B,523673,FG-GML-523673-DEM10B-20161001.zip,2044,2093056,2016/10/01,/kiban/app/api/download/file/538802,伊吹山
612768,DEM1A,523673,FG-GML-523673-DEM1A-20250613.zip,196180,200888320,2025/06/13,/kiban/app/api/download/file/612768,伊吹山
617913,DEM5A,523673,FG-GML-523673-DEM5A-20250620.zip,7669,7853056,2025/06/20,/kiban/app/api/download/file/617913,伊吹山
729876,DEM5B,523673,FG-GML-523673-DEM5B-20161001.zip,5146,5269504,2016/10/01,/kiban/app/api/download/file/729876,伊吹山
538803,DEM10B,523674,FG-GML-523674-DEM10B-20161001.zip,1160,1187840,2016/10/01,/kiban/app/api/download/file/538803,大垣城|墨俣一夜城
717771,DEM1A,523674,FG-GML-523674-DEM1A-20260616.zip,78471,80354304,2026/06/16,/kiban/app/api/download/file/717771,大垣城|墨俣一夜城
720029,DEM5A,523674,FG-GML-523674-DEM5A-20260616.zip,6011,6155264,2026/06/16,/kiban/app/api/download/file/720029,大垣城|墨俣一夜城
729879,DEM5B,523674,FG-GML-523674-DEM5B-20161001.zip,2724,2789376,2016/10/01,/kiban/app/api/download/file/729879,大垣城|墨俣一夜城
538804,DEM10B,523675,FG-GML-523675-DEM10B-20161001.zip,383,392192,2016/10/01,/kiban/app/api/download/file/538804,大垣城|墨俣一夜城|清州城天主閣（模擬天守）|清洲古城跡公園（史跡・本来の城跡）|岐阜シティ・タワー43|ツインアーチ138（138タワーパーク）
717772,DEM1A,523675,FG-GML-523675-DEM1A-20260616.zip,14747,15100928,2026/06/16,/kiban/app/api/download/file/717772,大垣城|墨俣一夜城|清州城天主閣（模擬天守）|清洲古城跡公園（史跡・本来の城跡）|岐阜シティ・タワー43|ツインアーチ138（138タワーパーク）
720030,DEM5A,523675,FG-GML-523675-DEM5A-20260616.zip,4647,4758528,2026/06/16,/kiban/app/api/download/file/720030,大垣城|墨俣一夜城|清州城天主閣（模擬天守）|清洲古城跡公園（史跡・本来の城跡）|岐阜シティ・タワー43|ツインアーチ138（138タワーパーク）
538805,DEM10B,523676,FG-GML-523676-DEM10B-20161001.zip,260,266240,2016/10/01,/kiban/app/api/download/file/538805,名古屋城|犬山城|小牧山城跡|墨俣一夜城|清州城天主閣（模擬天守）|清洲古城跡公園（史跡・本来の城跡）|ミッドランドスクエア|名古屋ルーセントタワー|大名古屋ビルヂング|岐阜シティ・タワー43|JRセントラルタワーズ|中部電力 MIRAI TOWER（名古屋テレビ塔）|ツインアーチ138（138タワーパーク）|Sky-Boat
717773,DEM1A,523676,FG-GML-523676-DEM1A-20260616.zip,117,119808,2026/06/16,/kiban/app/api/download/file/717773,名古屋城|犬山城|小牧山城跡|墨俣一夜城|清州城天主閣（模擬天守）|清洲古城跡公園（史跡・本来の城跡）|ミッドランドスクエア|名古屋ルーセントタワー|大名古屋ビルヂング|岐阜シティ・タワー43|JRセントラルタワーズ|中部電力 MIRAI TOWER（名古屋テレビ塔）|ツインアーチ138（138タワーパーク）|Sky-Boat
720031,DEM5A,523676,FG-GML-523676-DEM5A-20260616.zip,4844,4960256,2026/06/16,/kiban/app/api/download/file/720031,名古屋城|犬山城|小牧山城跡|墨俣一夜城|清州城天主閣（模擬天守）|清洲古城跡公園（史跡・本来の城跡）|ミッドランドスクエア|名古屋ルーセントタワー|大名古屋ビルヂング|岐阜シティ・タワー43|JRセントラルタワーズ|中部電力 MIRAI TOWER（名古屋テレビ塔）|ツインアーチ138（138タワーパーク）|Sky-Boat
538806,DEM10B,523677,FG-GML-523677-DEM10B-20161001.zip,752,770048,2016/10/01,/kiban/app/api/download/file/538806,名古屋城|犬山城|小牧山城跡|清州城天主閣（模擬天守）|清洲古城跡公園（史跡・本来の城跡）|ミッドランドスクエア|名古屋ルーセントタワー|大名古屋ビルヂング|JRセントラルタワーズ|中部電力 MIRAI TOWER（名古屋テレビ塔）|ツインアーチ138（138タワーパーク）|Sky-Boat
612772,DEM1A,523677,FG-GML-523677-DEM1A-20250613.zip,6053,6198272,2025/06/13,/kiban/app/api/download/file/612772,名古屋城|犬山城|小牧山城跡|清州城天主閣（模擬天守）|清洲古城跡公園（史跡・本来の城跡）|ミッドランドスクエア|名古屋ルーセントタワー|大名古屋ビルヂング|JRセントラルタワーズ|中部電力 MIRAI TOWER（名古屋テレビ塔）|ツインアーチ138（138タワーパーク）|Sky-Boat
617917,DEM5A,523677,FG-GML-523677-DEM5A-20250620.zip,5473,5604352,2025/06/20,/kiban/app/api/download/file/617917,名古屋城|犬山城|小牧山城跡|清州城天主閣（模擬天守）|清洲古城跡公園（史跡・本来の城跡）|ミッドランドスクエア|名古屋ルーセントタワー|大名古屋ビルヂング|JRセントラルタワーズ|中部電力 MIRAI TOWER（名古屋テレビ塔）|ツインアーチ138（138タワーパーク）|Sky-Boat
729880,DEM5B,523677,FG-GML-523677-DEM5B-20100115.zip,713,730112,2010/01/15,/kiban/app/api/download/file/729880,名古屋城|犬山城|小牧山城跡|清州城天主閣（模擬天守）|清洲古城跡公園（史跡・本来の城跡）|ミッドランドスクエア|名古屋ルーセントタワー|大名古屋ビルヂング|JRセントラルタワーズ|中部電力 MIRAI TOWER（名古屋テレビ塔）|ツインアーチ138（138タワーパーク）|Sky-Boat
538807,DEM10B,523700,FG-GML-523700-DEM10B-20161001.zip,101,103424,2016/10/01,/kiban/app/api/download/file/538807,上陸大師像（愛知県）|日出の石門（愛知県）
612773,DEM1A,523700,FG-GML-523700-DEM1A-20250613.zip,6716,6877184,2025/06/13,/kiban/app/api/download/file/612773,上陸大師像（愛知県）|日出の石門（愛知県）
617918,DEM5A,523700,FG-GML-523700-DEM5A-20250620.zip,232,237568,2025/06/20,/kiban/app/api/download/file/617918,上陸大師像（愛知県）|日出の石門（愛知県）
729882,DEM5B,523700,FG-GML-523700-DEM5B-20161001.zip,265,271360,2016/10/01,/kiban/app/api/download/file/729882,上陸大師像（愛知県）|日出の石門（愛知県）
538809,DEM10B,523702,FG-GML-523702-DEM10B-20161001.zip,637,652288,2016/10/01,/kiban/app/api/download/file/538809,吉田城|岩屋観世音菩薩像（愛知県）
717775,DEM1A,523702,FG-GML-523702-DEM1A-20260616.zip,70465,72156160,2026/06/16,/kiban/app/api/download/file/717775,吉田城|岩屋観世音菩薩像（愛知県）
720033,DEM5A,523702,FG-GML-523702-DEM5A-20260616.zip,3821,3912704,2026/06/16,/kiban/app/api/download/file/720033,吉田城|岩屋観世音菩薩像（愛知県）
615135,DEM5B,523702,FG-GML-523702-DEM5B-20250609.zip,15,15360,2025/06/09,/kiban/app/api/download/file/615135,吉田城|岩屋観世音菩薩像（愛知県）
538810,DEM10B,523703,FG-GML-523703-DEM10B-20161001.zip,1164,1191936,2016/10/01,/kiban/app/api/download/file/538810,吉田城|岩屋観世音菩薩像（愛知県）
717776,DEM1A,523703,FG-GML-523703-DEM1A-20260616.zip,118900,121753600,2026/06/16,/kiban/app/api/download/file/717776,吉田城|岩屋観世音菩薩像（愛知県）
720034,DEM5A,523703,FG-GML-523703-DEM5A-20260616.zip,6052,6197248,2026/06/16,/kiban/app/api/download/file/720034,吉田城|岩屋観世音菩薩像（愛知県）
729884,DEM5B,523703,FG-GML-523703-DEM5B-20090901.zip,6229,6378496,2009/09/01,/kiban/app/api/download/file/729884,吉田城|岩屋観世音菩薩像（愛知県）
538811,DEM10B,523704,FG-GML-523704-DEM10B-20161001.zip,597,611328,2016/10/01,/kiban/app/api/download/file/538811,浜松城|岩屋観世音菩薩像（愛知県）
612777,DEM1A,523704,FG-GML-523704-DEM1A-20250613.zip,92276,94490624,2025/06/13,/kiban/app/api/download/file/612777,浜松城|岩屋観世音菩薩像（愛知県）
617922,DEM5A,523704,FG-GML-523704-DEM5A-20250620.zip,4249,4350976,2025/06/20,/kiban/app/api/download/file/617922,浜松城|岩屋観世音菩薩像（愛知県）
615136,DEM5B,523704,FG-GML-523704-DEM5B-20250609.zip,2,2048,2025/06/09,/kiban/app/api/download/file/615136,浜松城|岩屋観世音菩薩像（愛知県）
538812,DEM10B,523705,FG-GML-523705-DEM10B-20161001.zip,600,614400,2016/10/01,/kiban/app/api/download/file/538812,浜松城|アクトタワー（浜松）
612778,DEM1A,523705,FG-GML-523705-DEM1A-20250613.zip,122611,125553664,2025/06/13,/kiban/app/api/download/file/612778,浜松城|アクトタワー（浜松）
617923,DEM5A,523705,FG-GML-523705-DEM5A-20250620.zip,5732,5869568,2025/06/20,/kiban/app/api/download/file/617923,浜松城|アクトタワー（浜松）
729885,DEM5B,523705,FG-GML-523705-DEM5B-20100122.zip,4517,4625408,2010/01/22,/kiban/app/api/download/file/729885,浜松城|アクトタワー（浜松）
538813,DEM10B,523706,FG-GML-523706-DEM10B-20161001.zip,418,428032,2016/10/01,/kiban/app/api/download/file/538813,浜松城|アクトタワー（浜松）
612779,DEM1A,523706,FG-GML-523706-DEM1A-20250613.zip,120233,123118592,2025/06/13,/kiban/app/api/download/file/612779,浜松城|アクトタワー（浜松）
617924,DEM5A,523706,FG-GML-523706-DEM5A-20250620.zip,5588,5722112,2025/06/20,/kiban/app/api/download/file/617924,浜松城|アクトタワー（浜松）
729886,DEM5B,523706,FG-GML-523706-DEM5B-20100122.zip,3816,3907584,2010/01/22,/kiban/app/api/download/file/729886,浜松城|アクトタワー（浜松）
538814,DEM10B,523707,FG-GML-523707-DEM10B-20161001.zip,913,934912,2016/10/01,/kiban/app/api/download/file/538814,掛川城|高天神城跡
612780,DEM1A,523707,FG-GML-523707-DEM1A-20250613.zip,142600,146022400,2025/06/13,/kiban/app/api/download/file/612780,掛川城|高天神城跡
617925,DEM5A,523707,FG-GML-523707-DEM5A-20250620.zip,6457,6611968,2025/06/20,/kiban/app/api/download/file/617925,掛川城|高天神城跡
729887,DEM5B,523707,FG-GML-523707-DEM5B-20100122.zip,1317,1348608,2010/01/22,/kiban/app/api/download/file/729887,掛川城|高天神城跡
615938,DEM5C,523707,FG-GML-523707-DEM5C-20250605.zip,133,136192,2025/06/05,/kiban/app/api/download/file/615938,掛川城|高天神城跡
538815,DEM10B,523710,FG-GML-523710-DEM10B-20161001.zip,475,486400,2016/10/01,/kiban/app/api/download/file/538815,上陸大師像（愛知県）
612781,DEM1A,523710,FG-GML-523710-DEM1A-20250613.zip,27728,28393472,2025/06/13,/kiban/app/api/download/file/612781,上陸大師像（愛知県）
617926,DEM5A,523710,FG-GML-523710-DEM5A-20250620.zip,2975,3046400,2025/06/20,/kiban/app/api/download/file/617926,上陸大師像（愛知県）
615137,DEM5B,523710,FG-GML-523710-DEM5B-20250609.zip,4,4096,2025/06/09,/kiban/app/api/download/file/615137,上陸大師像（愛知県）
538817,DEM10B,523712,FG-GML-523712-DEM10B-20161001.zip,445,455680,2016/10/01,/kiban/app/api/download/file/538817,吉田城|岩屋観世音菩薩像（愛知県）
717777,DEM1A,523712,FG-GML-523712-DEM1A-20260616.zip,16118,16504832,2026/06/16,/kiban/app/api/download/file/717777,吉田城|岩屋観世音菩薩像（愛知県）
720035,DEM5A,523712,FG-GML-523712-DEM5A-20260616.zip,3666,3753984,2026/06/16,/kiban/app/api/download/file/720035,吉田城|岩屋観世音菩薩像（愛知県）
729890,DEM5B,523712,FG-GML-523712-DEM5B-20090901.zip,3087,3161088,2009/09/01,/kiban/app/api/download/file/729890,吉田城|岩屋観世音菩薩像（愛知県）
538818,DEM10B,523713,FG-GML-523713-DEM10B-20161001.zip,1203,1231872,2016/10/01,/kiban/app/api/download/file/538818,吉田城|岩屋観世音菩薩像（愛知県）
717778,DEM1A,523713,FG-GML-523713-DEM1A-20260616.zip,98235,100592640,2026/06/16,/kiban/app/api/download/file/717778,吉田城|岩屋観世音菩薩像（愛知県）
720036,DEM5A,523713,FG-GML-523713-DEM5A-20260616.zip,5850,5990400,2026/06/16,/kiban/app/api/download/file/720036,吉田城|岩屋観世音菩薩像（愛知県）
729891,DEM5B,523713,FG-GML-523713-DEM5B-20090901.zip,6518,6674432,2009/09/01,/kiban/app/api/download/file/729891,吉田城|岩屋観世音菩薩像（愛知県）
538819,DEM10B,523714,FG-GML-523714-DEM10B-20161001.zip,1234,1263616,2016/10/01,/kiban/app/api/download/file/538819,吉田城|岩屋観世音菩薩像（愛知県）
612784,DEM1A,523714,FG-GML-523714-DEM1A-20250613.zip,149032,152608768,2025/06/13,/kiban/app/api/download/file/612784,吉田城|岩屋観世音菩薩像（愛知県）
617930,DEM5A,523714,FG-GML-523714-DEM5A-20250620.zip,6508,6664192,2025/06/20,/kiban/app/api/download/file/617930,吉田城|岩屋観世音菩薩像（愛知県）
615138,DEM5B,523714,FG-GML-523714-DEM5B-20250609.zip,288,294912,2025/06/09,/kiban/app/api/download/file/615138,吉田城|岩屋観世音菩薩像（愛知県）
538820,DEM10B,523715,FG-GML-523715-DEM10B-20161001.zip,1018,1042432,2016/10/01,/kiban/app/api/download/file/538820,浜松城|アクトタワー（浜松）
612785,DEM1A,523715,FG-GML-523715-DEM1A-20250613.zip,145979,149482496,2025/06/13,/kiban/app/api/download/file/612785,浜松城|アクトタワー（浜松）
617931,DEM5A,523715,FG-GML-523715-DEM5A-20250620.zip,6709,6870016,2025/06/20,/kiban/app/api/download/file/617931,浜松城|アクトタワー（浜松）
615139,DEM5B,523715,FG-GML-523715-DEM5B-20250609.zip,278,284672,2025/06/09,/kiban/app/api/download/file/615139,浜松城|アクトタワー（浜松）
538821,DEM10B,523716,FG-GML-523716-DEM10B-20161001.zip,758,776192,2016/10/01,/kiban/app/api/download/file/538821,浜松城|アクトタワー（浜松）
612786,DEM1A,523716,FG-GML-523716-DEM1A-20250613.zip,136010,139274240,2025/06/13,/kiban/app/api/download/file/612786,浜松城|アクトタワー（浜松）
617932,DEM5A,523716,FG-GML-523716-DEM5A-20250620.zip,6306,6457344,2025/06/20,/kiban/app/api/download/file/617932,浜松城|アクトタワー（浜松）
729892,DEM5B,523716,FG-GML-523716-DEM5B-20100122.zip,5199,5323776,2010/01/22,/kiban/app/api/download/file/729892,浜松城|アクトタワー（浜松）
538822,DEM10B,523717,FG-GML-523717-DEM10B-20161001.zip,1121,1147904,2016/10/01,/kiban/app/api/download/file/538822,掛川城|高天神城跡
612787,DEM1A,523717,FG-GML-523717-DEM1A-20250613.zip,155113,158835712,2025/06/13,/kiban/app/api/download/file/612787,掛川城|高天神城跡
617933,DEM5A,523717,FG-GML-523717-DEM5A-20250620.zip,7021,7189504,2025/06/20,/kiban/app/api/download/file/617933,掛川城|高天神城跡
729893,DEM5B,523717,FG-GML-523717-DEM5B-20100122.zip,1799,1842176,2010/01/22,/kiban/app/api/download/file/729893,掛川城|高天神城跡
538823,DEM10B,523720,FG-GML-523720-DEM10B-20161001.zip,666,681984,2016/10/01,/kiban/app/api/download/file/538823,岡崎城
612788,DEM1A,523720,FG-GML-523720-DEM1A-20250613.zip,41306,42297344,2025/06/13,/kiban/app/api/download/file/612788,岡崎城
617934,DEM5A,523720,FG-GML-523720-DEM5A-20250620.zip,4773,4887552,2025/06/20,/kiban/app/api/download/file/617934,岡崎城
538824,DEM10B,523721,FG-GML-523721-DEM10B-20161001.zip,1538,1574912,2016/10/01,/kiban/app/api/download/file/538824,岡崎城
612789,DEM1A,523721,FG-GML-523721-DEM1A-20250613.zip,87286,89380864,2025/06/13,/kiban/app/api/download/file/612789,岡崎城
617935,DEM5A,523721,FG-GML-523721-DEM5A-20250620.zip,6053,6198272,2025/06/20,/kiban/app/api/download/file/617935,岡崎城
538825,DEM10B,523722,FG-GML-523722-DEM10B-20161001.zip,1776,1818624,2016/10/01,/kiban/app/api/download/file/538825,岡崎城|吉田城
612790,DEM1A,523722,FG-GML-523722-DEM1A-20250613.zip,23879,24452096,2025/06/13,/kiban/app/api/download/file/612790,岡崎城|吉田城
617936,DEM5A,523722,FG-GML-523722-DEM5A-20250620.zip,8070,8263680,2025/06/20,/kiban/app/api/download/file/617936,岡崎城|吉田城
615140,DEM5B,523722,FG-GML-523722-DEM5B-20250609.zip,917,939008,2025/06/09,/kiban/app/api/download/file/615140,岡崎城|吉田城
538826,DEM10B,523723,FG-GML-523723-DEM10B-20161001.zip,1543,1580032,2016/10/01,/kiban/app/api/download/file/538826,吉田城
717779,DEM1A,523723,FG-GML-523723-DEM1A-20260616.zip,13021,13333504,2026/06/16,/kiban/app/api/download/file/717779,吉田城
720037,DEM5A,523723,FG-GML-523723-DEM5A-20260616.zip,7381,7558144,2026/06/16,/kiban/app/api/download/file/720037,吉田城
615141,DEM5B,523723,FG-GML-523723-DEM5B-20250609.zip,908,929792,2025/06/09,/kiban/app/api/download/file/615141,吉田城
538830,DEM10B,523727,FG-GML-523727-DEM10B-20161001.zip,1894,1939456,2016/10/01,/kiban/app/api/download/file/538830,掛川城
612795,DEM1A,523727,FG-GML-523727-DEM1A-20250613.zip,222984,228335616,2025/06/13,/kiban/app/api/download/file/612795,掛川城
617941,DEM5A,523727,FG-GML-523727-DEM5A-20250620.zip,9324,9547776,2025/06/20,/kiban/app/api/download/file/617941,掛川城
615145,DEM5B,523727,FG-GML-523727-DEM5B-20250609.zip,252,258048,2025/06/09,/kiban/app/api/download/file/615145,掛川城
538831,DEM10B,523730,FG-GML-523730-DEM10B-20161001.zip,489,500736,2016/10/01,/kiban/app/api/download/file/538831,岡崎城
612796,DEM1A,523730,FG-GML-523730-DEM1A-20250613.zip,2880,2949120,2025/06/13,/kiban/app/api/download/file/612796,岡崎城
617942,DEM5A,523730,FG-GML-523730-DEM5A-20250620.zip,5298,5425152,2025/06/20,/kiban/app/api/download/file/617942,岡崎城
538832,DEM10B,523731,FG-GML-523731-DEM10B-20161001.zip,1264,1294336,2016/10/01,/kiban/app/api/download/file/538832,岡崎城
612797,DEM1A,523731,FG-GML-523731-DEM1A-20250613.zip,87371,89467904,2025/06/13,/kiban/app/api/download/file/612797,岡崎城
617943,DEM5A,523731,FG-GML-523731-DEM5A-20250620.zip,5469,5600256,2025/06/20,/kiban/app/api/download/file/617943,岡崎城
538833,DEM10B,523732,FG-GML-523732-DEM10B-20161001.zip,1924,1970176,2016/10/01,/kiban/app/api/download/file/538833,岡崎城
612798,DEM1A,523732,FG-GML-523732-DEM1A-20250613.zip,38254,39172096,2025/06/13,/kiban/app/api/download/file/612798,岡崎城
617944,DEM5A,523732,FG-GML-523732-DEM5A-20250620.zip,8568,8773632,2025/06/20,/kiban/app/api/download/file/617944,岡崎城
538839,DEM10B,523740,FG-GML-523740-DEM10B-20161001.zip,920,942080,2016/10/01,/kiban/app/api/download/file/538839,岡崎城
617950,DEM5A,523740,FG-GML-523740-DEM5A-20250620.zip,6108,6254592,2025/06/20,/kiban/app/api/download/file/617950,岡崎城
729894,DEM5B,523740,FG-GML-523740-DEM5B-20110118.zip,6418,6572032,2011/01/18,/kiban/app/api/download/file/729894,岡崎城
538840,DEM10B,523741,FG-GML-523741-DEM10B-20161001.zip,1462,1497088,2016/10/01,/kiban/app/api/download/file/538840,岡崎城
612804,DEM1A,523741,FG-GML-523741-DEM1A-20250613.zip,45122,46204928,2025/06/13,/kiban/app/api/download/file/612804,岡崎城
617951,DEM5A,523741,FG-GML-523741-DEM5A-20250620.zip,6939,7105536,2025/06/20,/kiban/app/api/download/file/617951,岡崎城
729895,DEM5B,523741,FG-GML-523741-DEM5B-20110118.zip,7590,7772160,2011/01/18,/kiban/app/api/download/file/729895,岡崎城
538841,DEM10B,523742,FG-GML-523742-DEM10B-20161001.zip,1918,1964032,2016/10/01,/kiban/app/api/download/file/538841,岡崎城
612805,DEM1A,523742,FG-GML-523742-DEM1A-20250613.zip,10477,10728448,2025/06/13,/kiban/app/api/download/file/612805,岡崎城
617952,DEM5A,523742,FG-GML-523742-DEM5A-20250620.zip,8815,9026560,2025/06/20,/kiban/app/api/download/file/617952,岡崎城
538847,DEM10B,523750,FG-GML-523750-DEM10B-20161001.zip,1374,1406976,2016/10/01,/kiban/app/api/download/file/538847,名古屋城|中部電力 MIRAI TOWER（名古屋テレビ塔）|Sky-Boat
617958,DEM5A,523750,FG-GML-523750-DEM5A-20250620.zip,7163,7334912,2025/06/20,/kiban/app/api/download/file/617958,名古屋城|中部電力 MIRAI TOWER（名古屋テレビ塔）|Sky-Boat
729898,DEM5B,523750,FG-GML-523750-DEM5B-20110118.zip,7224,7397376,2011/01/18,/kiban/app/api/download/file/729898,名古屋城|中部電力 MIRAI TOWER（名古屋テレビ塔）|Sky-Boat
538855,DEM10B,523760,FG-GML-523760-DEM10B-20161001.zip,1402,1435648,2016/10/01,/kiban/app/api/download/file/538855,名古屋城|小牧山城跡|中部電力 MIRAI TOWER（名古屋テレビ塔）|Sky-Boat
617966,DEM5A,523760,FG-GML-523760-DEM5A-20250620.zip,7271,7445504,2025/06/20,/kiban/app/api/download/file/617966,名古屋城|小牧山城跡|中部電力 MIRAI TOWER（名古屋テレビ塔）|Sky-Boat
729902,DEM5B,523760,FG-GML-523760-DEM5B-20110118.zip,7301,7476224,2011/01/18,/kiban/app/api/download/file/729902,名古屋城|小牧山城跡|中部電力 MIRAI TOWER（名古屋テレビ塔）|Sky-Boat
538863,DEM10B,523770,FG-GML-523770-DEM10B-20161001.zip,1657,1696768,2016/10/01,/kiban/app/api/download/file/538863,犬山城|小牧山城跡
685674,DEM1A,523770,FG-GML-523770-DEM1A-20251113.zip,51907,53152768,2025/11/13,/kiban/app/api/download/file/685674,犬山城|小牧山城跡
686710,DEM5A,523770,FG-GML-523770-DEM5A-20251113.zip,7512,7692288,2025/11/13,/kiban/app/api/download/file/686710,犬山城|小牧山城跡
729910,DEM5B,523770,FG-GML-523770-DEM5B-20110118.zip,8044,8237056,2011/01/18,/kiban/app/api/download/file/729910,犬山城|小牧山城跡
538865,DEM10B,523772,FG-GML-523772-DEM10B-20161001.zip,1895,1940480,2016/10/01,/kiban/app/api/download/file/538865,岩村城跡
685675,DEM1A,523772,FG-GML-523772-DEM1A-20251113.zip,146190,149698560,2025/11/13,/kiban/app/api/download/file/685675,岩村城跡
686711,DEM5A,523772,FG-GML-523772-DEM5A-20251113.zip,7587,7769088,2025/11/13,/kiban/app/api/download/file/686711,岩村城跡
729914,DEM5B,523772,FG-GML-523772-DEM5B-20200117.zip,1222,1251328,2020/01/17,/kiban/app/api/download/file/729914,岩村城跡
538866,DEM10B,523773,FG-GML-523773-DEM10B-20161001.zip,1943,1989632,2016/10/01,/kiban/app/api/download/file/538866,岩村城跡
685676,DEM1A,523773,FG-GML-523773-DEM1A-20251113.zip,57783,59169792,2025/11/13,/kiban/app/api/download/file/685676,岩村城跡
686712,DEM5A,523773,FG-GML-523773-DEM5A-20251113.zip,8868,9080832,2025/11/13,/kiban/app/api/download/file/686712,岩村城跡
538867,DEM10B,523774,FG-GML-523774-DEM10B-20161001.zip,2103,2153472,2016/10/01,/kiban/app/api/download/file/538867,岩村城跡
717785,DEM1A,523774,FG-GML-523774-DEM1A-20260522.zip,185184,189628416,2026/05/22,/kiban/app/api/download/file/717785,岩村城跡
720043,DEM5A,523774,FG-GML-523774-DEM5A-20260522.zip,7623,7805952,2026/05/22,/kiban/app/api/download/file/720043,岩村城跡
538871,DEM10B,523800,FG-GML-523800-DEM10B-20161001.zip,1348,1380352,2016/10/01,/kiban/app/api/download/file/538871,掛川城|高天神城跡
612831,DEM1A,523800,FG-GML-523800-DEM1A-20250613.zip,171523,175639552,2025/06/13,/kiban/app/api/download/file/612831,掛川城|高天神城跡
617982,DEM5A,523800,FG-GML-523800-DEM5A-20250620.zip,7541,7721984,2025/06/20,/kiban/app/api/download/file/617982,掛川城|高天神城跡
538872,DEM10B,523801,FG-GML-523801-DEM10B-20161001.zip,1191,1219584,2016/10/01,/kiban/app/api/download/file/538872,高天神城跡
612832,DEM1A,523801,FG-GML-523801-DEM1A-20250613.zip,137371,140667904,2025/06/13,/kiban/app/api/download/file/612832,高天神城跡
617983,DEM5A,523801,FG-GML-523801-DEM5A-20250620.zip,6078,6223872,2025/06/20,/kiban/app/api/download/file/617983,高天神城跡
615946,DEM5C,523801,FG-GML-523801-DEM5C-20250605.zip,425,435200,2025/06/05,/kiban/app/api/download/file/615946,高天神城跡
538875,DEM10B,523806,FG-GML-523806-DEM10B-20161001.zip,1829,1872896,2016/10/01,/kiban/app/api/download/file/538875,下田城跡
612835,DEM1A,523806,FG-GML-523806-DEM1A-20250613.zip,209765,214799360,2025/06/13,/kiban/app/api/download/file/612835,下田城跡
617986,DEM5A,523806,FG-GML-523806-DEM5A-20250620.zip,8707,8915968,2025/06/20,/kiban/app/api/download/file/617986,下田城跡
538876,DEM10B,523807,FG-GML-523807-DEM10B-20161001.zip,1674,1714176,2016/10/01,/kiban/app/api/download/file/538876,下田城跡
612836,DEM1A,523807,FG-GML-523807-DEM1A-20250613.zip,190927,195509248,2025/06/13,/kiban/app/api/download/file/612836,下田城跡
617987,DEM5A,523807,FG-GML-523807-DEM5A-20250620.zip,6432,6586368,2025/06/20,/kiban/app/api/download/file/617987,下田城跡
538877,DEM10B,523810,FG-GML-523810-DEM10B-20161001.zip,1571,1608704,2016/10/01,/kiban/app/api/download/file/538877,掛川城|高天神城跡
612837,DEM1A,523810,FG-GML-523810-DEM1A-20250613.zip,187217,191710208,2025/06/13,/kiban/app/api/download/file/612837,掛川城|高天神城跡
617988,DEM5A,523810,FG-GML-523810-DEM5A-20250620.zip,8141,8336384,2025/06/20,/kiban/app/api/download/file/617988,掛川城|高天神城跡
538882,DEM10B,523817,FG-GML-523817-DEM10B-20161001.zip,2037,2085888,2016/10/01,/kiban/app/api/download/file/538882,天城山|下田城跡
612842,DEM1A,523817,FG-GML-523817-DEM1A-20250613.zip,230368,235896832,2025/06/13,/kiban/app/api/download/file/612842,天城山|下田城跡
617993,DEM5A,523817,FG-GML-523817-DEM5A-20250620.zip,7831,8018944,2025/06/20,/kiban/app/api/download/file/617993,天城山|下田城跡
538883,DEM10B,523820,FG-GML-523820-DEM10B-20161001.zip,1921,1967104,2016/10/01,/kiban/app/api/download/file/538883,掛川城
612843,DEM1A,523820,FG-GML-523820-DEM1A-20250613.zip,221935,227261440,2025/06/13,/kiban/app/api/download/file/612843,掛川城
617994,DEM5A,523820,FG-GML-523820-DEM5A-20250620.zip,9344,9568256,2025/06/20,/kiban/app/api/download/file/617994,掛川城
538885,DEM10B,523822,FG-GML-523822-DEM10B-20161001.zip,662,677888,2016/10/01,/kiban/app/api/download/file/538885,駿府城
612845,DEM1A,523822,FG-GML-523822-DEM1A-20250613.zip,110515,113167360,2025/06/13,/kiban/app/api/download/file/612845,駿府城
617996,DEM5A,523822,FG-GML-523822-DEM5A-20250620.zip,4983,5102592,2025/06/20,/kiban/app/api/download/file/617996,駿府城
615148,DEM5B,523822,FG-GML-523822-DEM5B-20250609.zip,373,381952,2025/06/09,/kiban/app/api/download/file/615148,駿府城
538887,DEM10B,523827,FG-GML-523827-DEM10B-20161001.zip,2057,2106368,2016/10/01,/kiban/app/api/download/file/538887,天城山
612847,DEM1A,523827,FG-GML-523827-DEM1A-20250613.zip,225483,230894592,2025/06/13,/kiban/app/api/download/file/612847,天城山
617998,DEM5A,523827,FG-GML-523827-DEM5A-20250620.zip,9254,9476096,2025/06/20,/kiban/app/api/download/file/617998,天城山
538890,DEM10B,523832,FG-GML-523832-DEM10B-20161001.zip,1690,1730560,2016/10/01,/kiban/app/api/download/file/538890,駿府城
612850,DEM1A,523832,FG-GML-523832-DEM1A-20250613.zip,157174,160946176,2025/06/13,/kiban/app/api/download/file/612850,駿府城
618001,DEM5A,523832,FG-GML-523832-DEM5A-20250620.zip,7215,7388160,2025/06/20,/kiban/app/api/download/file/618001,駿府城
615149,DEM5B,523832,FG-GML-523832-DEM5B-20250609.zip,552,565248,2025/06/09,/kiban/app/api/download/file/615149,駿府城
538891,DEM10B,523833,FG-GML-523833-DEM10B-20161001.zip,745,762880,2016/10/01,/kiban/app/api/download/file/538891,駿府城
612851,DEM1A,523833,FG-GML-523833-DEM1A-20250613.zip,92082,94291968,2025/06/13,/kiban/app/api/download/file/612851,駿府城
618002,DEM5A,523833,FG-GML-523833-DEM5A-20250620.zip,4246,4347904,2025/06/20,/kiban/app/api/download/file/618002,駿府城
615150,DEM5B,523833,FG-GML-523833-DEM5B-20250609.zip,2,2048,2025/06/09,/kiban/app/api/download/file/615150,駿府城
538894,DEM10B,523837,FG-GML-523837-DEM10B-20161001.zip,1882,1927168,2016/10/01,/kiban/app/api/download/file/538894,天城山
612854,DEM1A,523837,FG-GML-523837-DEM1A-20250613.zip,209274,214296576,2025/06/13,/kiban/app/api/download/file/612854,天城山
618005,DEM5A,523837,FG-GML-523837-DEM5A-20250620.zip,8470,8673280,2025/06/20,/kiban/app/api/download/file/618005,天城山
615152,DEM5B,523837,FG-GML-523837-DEM5B-20250609.zip,1398,1431552,2025/06/09,/kiban/app/api/download/file/615152,天城山
538897,DEM10B,523842,FG-GML-523842-DEM10B-20161001.zip,1925,1971200,2016/10/01,/kiban/app/api/download/file/538897,駿府城
612857,DEM1A,523842,FG-GML-523842-DEM1A-20250613.zip,156351,160103424,2025/06/13,/kiban/app/api/download/file/612857,駿府城
618008,DEM5A,523842,FG-GML-523842-DEM5A-20250620.zip,7345,7521280,2025/06/20,/kiban/app/api/download/file/618008,駿府城
729919,DEM5B,523842,FG-GML-523842-DEM5B-20101001.zip,5867,6007808,2010/10/01,/kiban/app/api/download/file/729919,駿府城
538898,DEM10B,523843,FG-GML-523843-DEM10B-20161001.zip,1503,1539072,2016/10/01,/kiban/app/api/download/file/538898,駿府城
612858,DEM1A,523843,FG-GML-523843-DEM1A-20250613.zip,180577,184910848,2025/06/13,/kiban/app/api/download/file/612858,駿府城
618009,DEM5A,523843,FG-GML-523843-DEM5A-20250620.zip,7946,8136704,2025/06/20,/kiban/app/api/download/file/618009,駿府城
615153,DEM5B,523843,FG-GML-523843-DEM5B-20250609.zip,1767,1809408,2025/06/09,/kiban/app/api/download/file/615153,駿府城
538899,DEM10B,523844,FG-GML-523844-DEM10B-20161001.zip,355,363520,2016/10/01,/kiban/app/api/download/file/538899,Fuji Sky View
612859,DEM1A,523844,FG-GML-523844-DEM1A-20250613.zip,36912,37797888,2025/06/13,/kiban/app/api/download/file/612859,Fuji Sky View
618010,DEM5A,523844,FG-GML-523844-DEM5A-20250620.zip,1657,1696768,2025/06/20,/kiban/app/api/download/file/618010,Fuji Sky View
615154,DEM5B,523844,FG-GML-523844-DEM5B-20250609.zip,102,104448,2025/06/09,/kiban/app/api/download/file/615154,Fuji Sky View
538901,DEM10B,523847,FG-GML-523847-DEM10B-20161001.zip,1491,1526784,2016/10/01,/kiban/app/api/download/file/538901,熱海城
612861,DEM1A,523847,FG-GML-523847-DEM1A-20250613.zip,177356,181612544,2025/06/13,/kiban/app/api/download/file/612861,熱海城
618012,DEM5A,523847,FG-GML-523847-DEM5A-20250620.zip,5664,5799936,2025/06/20,/kiban/app/api/download/file/618012,熱海城
729921,DEM5B,523847,FG-GML-523847-DEM5B-20161001.zip,77,78848,2016/10/01,/kiban/app/api/download/file/729921,熱海城
536948,DEM10A,523854,FG-GML-523854-DEM10A-20161001.zip,35,35840,2016/10/01,/kiban/app/api/download/file/536948,Fuji Sky View
538906,DEM10B,523854,FG-GML-523854-DEM10B-20161001.zip,1593,1631232,2016/10/01,/kiban/app/api/download/file/538906,Fuji Sky View
717789,DEM1A,523854,FG-GML-523854-DEM1A-20260616.zip,168422,172464128,2026/06/16,/kiban/app/api/download/file/717789,Fuji Sky View
720047,DEM5A,523854,FG-GML-523854-DEM5A-20260616.zip,7469,7648256,2026/06/16,/kiban/app/api/download/file/720047,Fuji Sky View
615156,DEM5B,523854,FG-GML-523854-DEM5B-20250609.zip,2439,2497536,2025/06/09,/kiban/app/api/download/file/615156,Fuji Sky View
536949,DEM10A,523855,FG-GML-523855-DEM10A-20161001.zip,596,610304,2016/10/01,/kiban/app/api/download/file/536949,Fuji Sky View
538907,DEM10B,523855,FG-GML-523855-DEM10B-20161001.zip,278,284672,2016/10/01,/kiban/app/api/download/file/538907,Fuji Sky View
717790,DEM1A,523855,FG-GML-523855-DEM1A-20260616.zip,49597,50787328,2026/06/16,/kiban/app/api/download/file/717790,Fuji Sky View
720048,DEM5A,523855,FG-GML-523855-DEM5A-20260616.zip,2539,2599936,2026/06/16,/kiban/app/api/download/file/720048,Fuji Sky View
538909,DEM10B,523857,FG-GML-523857-DEM10B-20161001.zip,1531,1567744,2016/10/01,/kiban/app/api/download/file/538909,熱海城
612869,DEM1A,523857,FG-GML-523857-DEM1A-20250613.zip,176275,180505600,2025/06/13,/kiban/app/api/download/file/612869,熱海城
618020,DEM5A,523857,FG-GML-523857-DEM5A-20250620.zip,5329,5456896,2025/06/20,/kiban/app/api/download/file/618020,熱海城
536951,DEM10A,523864,FG-GML-523864-DEM10A-20161001.zip,515,527360,2016/10/01,/kiban/app/api/download/file/536951,Fuji Sky View
538914,DEM10B,523864,FG-GML-523864-DEM10B-20161001.zip,1804,1847296,2016/10/01,/kiban/app/api/download/file/538914,Fuji Sky View
717793,DEM1A,523864,FG-GML-523864-DEM1A-20260616.zip,187531,192031744,2026/06/16,/kiban/app/api/download/file/717793,Fuji Sky View
720051,DEM5A,523864,FG-GML-523864-DEM5A-20260616.zip,8540,8744960,2026/06/16,/kiban/app/api/download/file/720051,Fuji Sky View
615157,DEM5B,523864,FG-GML-523864-DEM5B-20250609.zip,1060,1085440,2025/06/09,/kiban/app/api/download/file/615157,Fuji Sky View
536952,DEM10A,523865,FG-GML-523865-DEM10A-20161001.zip,2212,2265088,2016/10/01,/kiban/app/api/download/file/536952,Fuji Sky View
538915,DEM10B,523865,FG-GML-523865-DEM10B-20161001.zip,1704,1744896,2016/10/01,/kiban/app/api/download/file/538915,Fuji Sky View
612875,DEM1A,523865,FG-GML-523865-DEM1A-20250613.zip,93516,95760384,2025/06/13,/kiban/app/api/download/file/612875,Fuji Sky View
618026,DEM5A,523865,FG-GML-523865-DEM5A-20250620.zip,5528,5660672,2025/06/20,/kiban/app/api/download/file/618026,Fuji Sky View
538919,DEM10B,523871,FG-GML-523871-DEM10B-20161001.zip,2233,2286592,2016/10/01,/kiban/app/api/download/file/538919,聖岳
717794,DEM1A,523871,FG-GML-523871-DEM1A-20260616.zip,169043,173100032,2026/06/16,/kiban/app/api/download/file/717794,聖岳
720052,DEM5A,523871,FG-GML-523871-DEM5A-20260616.zip,8550,8755200,2026/06/16,/kiban/app/api/download/file/720052,聖岳
536955,DEM10A,523874,FG-GML-523874-DEM10A-20161001.zip,832,851968,2016/10/01,/kiban/app/api/download/file/536955,富士山|Fuji Sky View
538922,DEM10B,523874,FG-GML-523874-DEM10B-20161001.zip,1892,1937408,2016/10/01,/kiban/app/api/download/file/538922,富士山|Fuji Sky View
717797,DEM1A,523874,FG-GML-523874-DEM1A-20260616.zip,172614,176756736,2026/06/16,/kiban/app/api/download/file/717797,富士山|Fuji Sky View
720055,DEM5A,523874,FG-GML-523874-DEM5A-20260616.zip,8142,8337408,2026/06/16,/kiban/app/api/download/file/720055,富士山|Fuji Sky View
615158,DEM5B,523874,FG-GML-523874-DEM5B-20250609.zip,511,523264,2025/06/09,/kiban/app/api/download/file/615158,富士山|Fuji Sky View
536956,DEM10A,523875,FG-GML-523875-DEM10A-20161001.zip,2620,2682880,2016/10/01,/kiban/app/api/download/file/536956,富士山|Fuji Sky View
538923,DEM10B,523875,FG-GML-523875-DEM10B-20161001.zip,2046,2095104,2016/10/01,/kiban/app/api/download/file/538923,富士山|Fuji Sky View
612883,DEM1A,523875,FG-GML-523875-DEM1A-20250613.zip,114582,117331968,2025/06/13,/kiban/app/api/download/file/612883,富士山|Fuji Sky View
618034,DEM5A,523875,FG-GML-523875-DEM5A-20250620.zip,6384,6537216,2025/06/20,/kiban/app/api/download/file/618034,富士山|Fuji Sky View
729926,DEM5B,523875,FG-GML-523875-DEM5B-20161001.zip,4027,4123648,2016/10/01,/kiban/app/api/download/file/729926,富士山|Fuji Sky View
536957,DEM10A,523876,FG-GML-523876-DEM10A-20161001.zip,2532,2592768,2016/10/01,/kiban/app/api/download/file/536957,富士山
538924,DEM10B,523876,FG-GML-523876-DEM10B-20161001.zip,2013,2061312,2016/10/01,/kiban/app/api/download/file/538924,富士山
612884,DEM1A,523876,FG-GML-523876-DEM1A-20250613.zip,155901,159642624,2025/06/13,/kiban/app/api/download/file/612884,富士山
618035,DEM5A,523876,FG-GML-523876-DEM5A-20250620.zip,7463,7642112,2025/06/20,/kiban/app/api/download/file/618035,富士山
729928,DEM5B,523876,FG-GML-523876-DEM5B-20161001.zip,2015,2063360,2016/10/01,/kiban/app/api/download/file/729928,富士山
538926,DEM10B,523900,FG-GML-523900-DEM10B-20161001.zip,46,47104,2016/10/01,/kiban/app/api/download/file/538926,下田城跡
612886,DEM1A,523900,FG-GML-523900-DEM1A-20250613.zip,346,354304,2025/06/13,/kiban/app/api/download/file/612886,下田城跡
618037,DEM5A,523900,FG-GML-523900-DEM5A-20250620.zip,20,20480,2025/06/20,/kiban/app/api/download/file/618037,下田城跡
538929,DEM10B,523910,FG-GML-523910-DEM10B-20161001.zip,940,962560,2016/10/01,/kiban/app/api/download/file/538929,天城山
612889,DEM1A,523910,FG-GML-523910-DEM1A-20250613.zip,93907,96160768,2025/06/13,/kiban/app/api/download/file/612889,天城山
618040,DEM5A,523910,FG-GML-523910-DEM5A-20250620.zip,3062,3135488,2025/06/20,/kiban/app/api/download/file/618040,天城山
536963,DEM10A,523920,FG-GML-523920-DEM10A-20161001.zip,1729,1770496,2016/10/01,/kiban/app/api/download/file/536963,天城山
538932,DEM10B,523920,FG-GML-523920-DEM10B-20161001.zip,1807,1850368,2016/10/01,/kiban/app/api/download/file/538932,天城山
612892,DEM1A,523920,FG-GML-523920-DEM1A-20250613.zip,190556,195129344,2025/06/13,/kiban/app/api/download/file/612892,天城山
618043,DEM5A,523920,FG-GML-523920-DEM5A-20250620.zip,6163,6310912,2025/06/20,/kiban/app/api/download/file/618043,天城山
615159,DEM5B,523920,FG-GML-523920-DEM5B-20250609.zip,99,101376,2025/06/09,/kiban/app/api/download/file/615159,天城山
536965,DEM10A,523930,FG-GML-523930-DEM10A-20161001.zip,1000,1024000,2016/10/01,/kiban/app/api/download/file/536965,天城山|熱海城
538936,DEM10B,523930,FG-GML-523930-DEM10B-20161001.zip,1771,1813504,2016/10/01,/kiban/app/api/download/file/538936,天城山|熱海城
612894,DEM1A,523930,FG-GML-523930-DEM1A-20250613.zip,194844,199520256,2025/06/13,/kiban/app/api/download/file/612894,天城山|熱海城
618047,DEM5A,523930,FG-GML-523930-DEM5A-20250620.zip,6237,6386688,2025/06/20,/kiban/app/api/download/file/618047,天城山|熱海城
729933,DEM5B,523930,FG-GML-523930-DEM5B-20190130.zip,3811,3902464,2019/01/30,/kiban/app/api/download/file/729933,天城山|熱海城
538940,DEM10B,523940,FG-GML-523940-DEM10B-20161001.zip,1450,1484800,2016/10/01,/kiban/app/api/download/file/538940,熱海城
612896,DEM1A,523940,FG-GML-523940-DEM1A-20250613.zip,151143,154770432,2025/06/13,/kiban/app/api/download/file/612896,熱海城
618051,DEM5A,523940,FG-GML-523940-DEM5A-20250620.zip,4884,5001216,2025/06/20,/kiban/app/api/download/file/618051,熱海城
729935,DEM5B,523940,FG-GML-523940-DEM5B-20161001.zip,536,548864,2016/10/01,/kiban/app/api/download/file/729935,熱海城
538941,DEM10B,523941,FG-GML-523941-DEM10B-20161001.zip,52,53248,2016/10/01,/kiban/app/api/download/file/538941,熱海城
612897,DEM1A,523941,FG-GML-523941-DEM1A-20250613.zip,995,1018880,2025/06/13,/kiban/app/api/download/file/612897,熱海城
618052,DEM5A,523941,FG-GML-523941-DEM5A-20250620.zip,33,33792,2025/06/20,/kiban/app/api/download/file/618052,熱海城
615162,DEM5B,523941,FG-GML-523941-DEM5B-20250609.zip,48,49152,2025/06/09,/kiban/app/api/download/file/615162,熱海城
538944,DEM10B,523950,FG-GML-523950-DEM10B-20161001.zip,1688,1728512,2016/10/01,/kiban/app/api/download/file/538944,小田原城|熱海城
612899,DEM1A,523950,FG-GML-523950-DEM1A-20250613.zip,176965,181212160,2025/06/13,/kiban/app/api/download/file/612899,小田原城|熱海城
618055,DEM5A,523950,FG-GML-523950-DEM5A-20250620.zip,5724,5861376,2025/06/20,/kiban/app/api/download/file/618055,小田原城|熱海城
615163,DEM5B,523950,FG-GML-523950-DEM5B-20250609.zip,110,112640,2025/06/09,/kiban/app/api/download/file/615163,小田原城|熱海城
538945,DEM10B,523951,FG-GML-523951-DEM10B-20161001.zip,124,126976,2016/10/01,/kiban/app/api/download/file/538945,小田原城|熱海城
612900,DEM1A,523951,FG-GML-523951-DEM1A-20250613.zip,8202,8398848,2025/06/13,/kiban/app/api/download/file/612900,小田原城|熱海城
618056,DEM5A,523951,FG-GML-523951-DEM5A-20250620.zip,273,279552,2025/06/20,/kiban/app/api/download/file/618056,小田原城|熱海城
615164,DEM5B,523951,FG-GML-523951-DEM5B-20250609.zip,294,301056,2025/06/09,/kiban/app/api/download/file/615164,小田原城|熱海城
538950,DEM10B,523960,FG-GML-523960-DEM10B-20161001.zip,2026,2074624,2016/10/01,/kiban/app/api/download/file/538950,小田原城|熱海城
612905,DEM1A,523960,FG-GML-523960-DEM1A-20250613.zip,214641,219792384,2025/06/13,/kiban/app/api/download/file/612905,小田原城|熱海城
618061,DEM5A,523960,FG-GML-523960-DEM5A-20250620.zip,7101,7271424,2025/06/20,/kiban/app/api/download/file/618061,小田原城|熱海城
729942,DEM5B,523960,FG-GML-523960-DEM5B-20161001.zip,2120,2170880,2016/10/01,/kiban/app/api/download/file/729942,小田原城|熱海城
538951,DEM10B,523961,FG-GML-523961-DEM10B-20161001.zip,361,369664,2016/10/01,/kiban/app/api/download/file/538951,小田原城|熱海城
612906,DEM1A,523961,FG-GML-523961-DEM1A-20250613.zip,30437,31167488,2025/06/13,/kiban/app/api/download/file/612906,小田原城|熱海城
618062,DEM5A,523961,FG-GML-523961-DEM5A-20250620.zip,1035,1059840,2025/06/20,/kiban/app/api/download/file/618062,小田原城|熱海城
615165,DEM5B,523961,FG-GML-523961-DEM5B-20250609.zip,565,578560,2025/06/09,/kiban/app/api/download/file/615165,小田原城|熱海城
538956,DEM10B,523970,FG-GML-523970-DEM10B-20161001.zip,2004,2052096,2016/10/01,/kiban/app/api/download/file/538956,小田原城
612911,DEM1A,523970,FG-GML-523970-DEM1A-20250613.zip,195237,199922688,2025/06/13,/kiban/app/api/download/file/612911,小田原城
618067,DEM5A,523970,FG-GML-523970-DEM5A-20250620.zip,6903,7068672,2025/06/20,/kiban/app/api/download/file/618067,小田原城
538957,DEM10B,523971,FG-GML-523971-DEM10B-20161001.zip,1018,1042432,2016/10/01,/kiban/app/api/download/file/538957,小田原城
612912,DEM1A,523971,FG-GML-523971-DEM1A-20250613.zip,83779,85789696,2025/06/13,/kiban/app/api/download/file/612912,小田原城
618068,DEM5A,523971,FG-GML-523971-DEM5A-20250620.zip,3822,3913728,2025/06/20,/kiban/app/api/download/file/618068,小田原城
615168,DEM5B,523971,FG-GML-523971-DEM5B-20250609.zip,418,428032,2025/06/09,/kiban/app/api/download/file/615168,小田原城
538958,DEM10B,523972,FG-GML-523972-DEM10B-20161001.zip,454,464896,2016/10/01,/kiban/app/api/download/file/538958,小田原城
612913,DEM1A,523972,FG-GML-523972-DEM1A-20250613.zip,53970,55265280,2025/06/13,/kiban/app/api/download/file/612913,小田原城
618069,DEM5A,523972,FG-GML-523972-DEM5A-20250620.zip,1590,1628160,2025/06/20,/kiban/app/api/download/file/618069,小田原城
615169,DEM5B,523972,FG-GML-523972-DEM5B-20250609.zip,370,378880,2025/06/09,/kiban/app/api/download/file/615169,小田原城
538978,DEM10B,533207,FG-GML-533207-DEM10B-20161001.zip,1669,1709056,2016/10/01,/kiban/app/api/download/file/538978,松江城
685700,DEM1A,533207,FG-GML-533207-DEM1A-20251208.zip,62968,64479232,2025/12/08,/kiban/app/api/download/file/685700,松江城
686736,DEM5A,533207,FG-GML-533207-DEM5A-20251208.zip,7526,7706624,2025/12/08,/kiban/app/api/download/file/686736,松江城
729952,DEM5B,533207,FG-GML-533207-DEM5B-20101101.zip,256,262144,2010/11/01,/kiban/app/api/download/file/729952,松江城
538982,DEM10B,533217,FG-GML-533217-DEM10B-20161001.zip,691,707584,2016/10/01,/kiban/app/api/download/file/538982,松江城
612927,DEM1A,533217,FG-GML-533217-DEM1A-20250613.zip,24095,24673280,2025/06/13,/kiban/app/api/download/file/612927,松江城
618093,DEM5A,533217,FG-GML-533217-DEM5A-20250620.zip,3196,3272704,2025/06/20,/kiban/app/api/download/file/618093,松江城
615177,DEM5B,533217,FG-GML-533217-DEM5B-20250609.zip,825,844800,2025/06/09,/kiban/app/api/download/file/615177,松江城
538984,DEM10B,533227,FG-GML-533227-DEM10B-20161001.zip,512,524288,2016/10/01,/kiban/app/api/download/file/538984,松江城
663892,DEM1A,533227,FG-GML-533227-DEM1A-20250908.zip,27899,28568576,2025/09/08,/kiban/app/api/download/file/663892,松江城
662412,DEM5A,533227,FG-GML-533227-DEM5A-20250908.zip,2033,2081792,2025/09/08,/kiban/app/api/download/file/662412,松江城
615178,DEM5B,533227,FG-GML-533227-DEM5B-20250609.zip,2,2048,2025/06/09,/kiban/app/api/download/file/615178,松江城
538985,DEM10B,533300,FG-GML-533300-DEM10B-20161001.zip,1884,1929216,2016/10/01,/kiban/app/api/download/file/538985,松江城|月山富田城跡
663893,DEM1A,533300,FG-GML-533300-DEM1A-20250908.zip,33701,34509824,2025/09/08,/kiban/app/api/download/file/663893,松江城|月山富田城跡
662413,DEM5A,533300,FG-GML-533300-DEM5A-20250908.zip,8402,8603648,2025/09/08,/kiban/app/api/download/file/662413,松江城|月山富田城跡
729953,DEM5B,533300,FG-GML-533300-DEM5B-20101101.zip,257,263168,2010/11/01,/kiban/app/api/download/file/729953,松江城|月山富田城跡
538986,DEM10B,533301,FG-GML-533301-DEM10B-20161001.zip,1709,1750016,2016/10/01,/kiban/app/api/download/file/538986,松江城|米子城跡|月山富田城跡
663894,DEM1A,533301,FG-GML-533301-DEM1A-20250908.zip,165463,169434112,2025/09/08,/kiban/app/api/download/file/663894,松江城|米子城跡|月山富田城跡
662414,DEM5A,533301,FG-GML-533301-DEM5A-20250908.zip,8891,9104384,2025/09/08,/kiban/app/api/download/file/662414,松江城|米子城跡|月山富田城跡
615179,DEM5B,533301,FG-GML-533301-DEM5B-20250609.zip,2748,2813952,2025/06/09,/kiban/app/api/download/file/615179,松江城|米子城跡|月山富田城跡
538987,DEM10B,533302,FG-GML-533302-DEM10B-20161001.zip,1512,1548288,2016/10/01,/kiban/app/api/download/file/538987,米子城跡|月山富田城跡
663895,DEM1A,533302,FG-GML-533302-DEM1A-20250908.zip,153746,157435904,2025/09/08,/kiban/app/api/download/file/663895,米子城跡|月山富田城跡
662415,DEM5A,533302,FG-GML-533302-DEM5A-20250908.zip,6958,7124992,2025/09/08,/kiban/app/api/download/file/662415,米子城跡|月山富田城跡
615180,DEM5B,533302,FG-GML-533302-DEM5B-20250609.zip,2654,2717696,2025/06/09,/kiban/app/api/download/file/615180,米子城跡|月山富田城跡
538988,DEM10B,533303,FG-GML-533303-DEM10B-20161001.zip,1737,1778688,2016/10/01,/kiban/app/api/download/file/538988,大山（鳥取・弥山）|米子城跡
612932,DEM1A,533303,FG-GML-533303-DEM1A-20250613.zip,162561,166462464,2025/06/13,/kiban/app/api/download/file/612932,大山（鳥取・弥山）|米子城跡
618099,DEM5A,533303,FG-GML-533303-DEM5A-20250620.zip,7211,7384064,2025/06/20,/kiban/app/api/download/file/618099,大山（鳥取・弥山）|米子城跡
615181,DEM5B,533303,FG-GML-533303-DEM5B-20250609.zip,85,87040,2025/06/09,/kiban/app/api/download/file/615181,大山（鳥取・弥山）|米子城跡
538989,DEM10B,533304,FG-GML-533304-DEM10B-20161001.zip,2109,2159616,2016/10/01,/kiban/app/api/download/file/538989,大山（鳥取・弥山）
663896,DEM1A,533304,FG-GML-533304-DEM1A-20250908.zip,218805,224056320,2025/09/08,/kiban/app/api/download/file/663896,大山（鳥取・弥山）
662416,DEM5A,533304,FG-GML-533304-DEM5A-20250908.zip,7730,7915520,2025/09/08,/kiban/app/api/download/file/662416,大山（鳥取・弥山）
538990,DEM10B,533305,FG-GML-533305-DEM10B-20161001.zip,1965,2012160,2016/10/01,/kiban/app/api/download/file/538990,大山（鳥取・弥山）
663897,DEM1A,533305,FG-GML-533305-DEM1A-20250908.zip,143825,147276800,2025/09/08,/kiban/app/api/download/file/663897,大山（鳥取・弥山）
662417,DEM5A,533305,FG-GML-533305-DEM5A-20250908.zip,6830,6993920,2025/09/08,/kiban/app/api/download/file/662417,大山（鳥取・弥山）
538991,DEM10B,533306,FG-GML-533306-DEM10B-20161001.zip,1858,1902592,2016/10/01,/kiban/app/api/download/file/538991,三徳山三佛寺 投入堂
612935,DEM1A,533306,FG-GML-533306-DEM1A-20250613.zip,159282,163104768,2025/06/13,/kiban/app/api/download/file/612935,三徳山三佛寺 投入堂
618102,DEM5A,533306,FG-GML-533306-DEM5A-20250620.zip,6761,6923264,2025/06/20,/kiban/app/api/download/file/618102,三徳山三佛寺 投入堂
538992,DEM10B,533307,FG-GML-533307-DEM10B-20161001.zip,2055,2104320,2016/10/01,/kiban/app/api/download/file/538992,三徳山三佛寺 投入堂
685701,DEM1A,533307,FG-GML-533307-DEM1A-20251208.zip,219657,224928768,2025/12/08,/kiban/app/api/download/file/685701,三徳山三佛寺 投入堂
686737,DEM5A,533307,FG-GML-533307-DEM5A-20251208.zip,7273,7447552,2025/12/08,/kiban/app/api/download/file/686737,三徳山三佛寺 投入堂
538993,DEM10B,533310,FG-GML-533310-DEM10B-20161001.zip,1072,1097728,2016/10/01,/kiban/app/api/download/file/538993,松江城|月山富田城跡
663899,DEM1A,533310,FG-GML-533310-DEM1A-20250908.zip,7563,7744512,2025/09/08,/kiban/app/api/download/file/663899,松江城|月山富田城跡
662419,DEM5A,533310,FG-GML-533310-DEM5A-20250908.zip,6325,6476800,2025/09/08,/kiban/app/api/download/file/662419,松江城|月山富田城跡
729954,DEM5B,533310,FG-GML-533310-DEM5B-20101101.zip,1159,1186816,2010/11/01,/kiban/app/api/download/file/729954,松江城|月山富田城跡
538994,DEM10B,533311,FG-GML-533311-DEM10B-20161001.zip,428,438272,2016/10/01,/kiban/app/api/download/file/538994,松江城|米子城跡|月山富田城跡
663900,DEM1A,533311,FG-GML-533311-DEM1A-20250908.zip,32021,32789504,2025/09/08,/kiban/app/api/download/file/663900,松江城|米子城跡|月山富田城跡
662420,DEM5A,533311,FG-GML-533311-DEM5A-20250908.zip,3800,3891200,2025/09/08,/kiban/app/api/download/file/662420,松江城|米子城跡|月山富田城跡
729955,DEM5B,533311,FG-GML-533311-DEM5B-20101101.zip,927,949248,2010/11/01,/kiban/app/api/download/file/729955,松江城|米子城跡|月山富田城跡
538995,DEM10B,533312,FG-GML-533312-DEM10B-20161001.zip,337,345088,2016/10/01,/kiban/app/api/download/file/538995,米子城跡|月山富田城跡
663901,DEM1A,533312,FG-GML-533312-DEM1A-20250908.zip,19631,20102144,2025/09/08,/kiban/app/api/download/file/663901,米子城跡|月山富田城跡
662421,DEM5A,533312,FG-GML-533312-DEM5A-20250908.zip,3704,3792896,2025/09/08,/kiban/app/api/download/file/662421,米子城跡|月山富田城跡
615182,DEM5B,533312,FG-GML-533312-DEM5B-20250609.zip,530,542720,2025/06/09,/kiban/app/api/download/file/615182,米子城跡|月山富田城跡
538996,DEM10B,533313,FG-GML-533313-DEM10B-20161001.zip,1075,1100800,2016/10/01,/kiban/app/api/download/file/538996,大山（鳥取・弥山）|米子城跡
612938,DEM1A,533313,FG-GML-533313-DEM1A-20250613.zip,62440,63938560,2025/06/13,/kiban/app/api/download/file/612938,大山（鳥取・弥山）|米子城跡
618107,DEM5A,533313,FG-GML-533313-DEM5A-20250620.zip,2704,2768896,2025/06/20,/kiban/app/api/download/file/618107,大山（鳥取・弥山）|米子城跡
615183,DEM5B,533313,FG-GML-533313-DEM5B-20250609.zip,142,145408,2025/06/09,/kiban/app/api/download/file/615183,大山（鳥取・弥山）|米子城跡
538997,DEM10B,533314,FG-GML-533314-DEM10B-20161001.zip,1790,1832960,2016/10/01,/kiban/app/api/download/file/538997,大山（鳥取・弥山）
612939,DEM1A,533314,FG-GML-533314-DEM1A-20250613.zip,203631,208518144,2025/06/13,/kiban/app/api/download/file/612939,大山（鳥取・弥山）
618108,DEM5A,533314,FG-GML-533314-DEM5A-20250620.zip,6314,6465536,2025/06/20,/kiban/app/api/download/file/618108,大山（鳥取・弥山）
538998,DEM10B,533315,FG-GML-533315-DEM10B-20161001.zip,1646,1685504,2016/10/01,/kiban/app/api/download/file/538998,大山（鳥取・弥山）
612940,DEM1A,533315,FG-GML-533315-DEM1A-20250613.zip,145638,149133312,2025/06/13,/kiban/app/api/download/file/612940,大山（鳥取・弥山）
618109,DEM5A,533315,FG-GML-533315-DEM5A-20250620.zip,5132,5255168,2025/06/20,/kiban/app/api/download/file/618109,大山（鳥取・弥山）
615184,DEM5B,533315,FG-GML-533315-DEM5B-20250609.zip,2489,2548736,2025/06/09,/kiban/app/api/download/file/615184,大山（鳥取・弥山）
538999,DEM10B,533316,FG-GML-533316-DEM10B-20161001.zip,1158,1185792,2016/10/01,/kiban/app/api/download/file/538999,三徳山三佛寺 投入堂
612941,DEM1A,533316,FG-GML-533316-DEM1A-20250613.zip,45196,46280704,2025/06/13,/kiban/app/api/download/file/612941,三徳山三佛寺 投入堂
618110,DEM5A,533316,FG-GML-533316-DEM5A-20250620.zip,5801,5940224,2025/06/20,/kiban/app/api/download/file/618110,三徳山三佛寺 投入堂
615185,DEM5B,533316,FG-GML-533316-DEM5B-20250609.zip,986,1009664,2025/06/09,/kiban/app/api/download/file/615185,三徳山三佛寺 投入堂
539000,DEM10B,533317,FG-GML-533317-DEM10B-20161001.zip,1816,1859584,2016/10/01,/kiban/app/api/download/file/539000,三徳山三佛寺 投入堂
612942,DEM1A,533317,FG-GML-533317-DEM1A-20250613.zip,80974,82917376,2025/06/13,/kiban/app/api/download/file/612942,三徳山三佛寺 投入堂
618111,DEM5A,533317,FG-GML-533317-DEM5A-20250620.zip,7872,8060928,2025/06/20,/kiban/app/api/download/file/618111,三徳山三佛寺 投入堂
539001,DEM10B,533320,FG-GML-533320-DEM10B-20161001.zip,1516,1552384,2016/10/01,/kiban/app/api/download/file/539001,松江城
663902,DEM1A,533320,FG-GML-533320-DEM1A-20250908.zip,95211,97496064,2025/09/08,/kiban/app/api/download/file/663902,松江城
662422,DEM5A,533320,FG-GML-533320-DEM5A-20250908.zip,6113,6259712,2025/09/08,/kiban/app/api/download/file/662422,松江城
729956,DEM5B,533320,FG-GML-533320-DEM5B-20101101.zip,700,716800,2010/11/01,/kiban/app/api/download/file/729956,松江城
539002,DEM10B,533321,FG-GML-533321-DEM10B-20161001.zip,883,904192,2016/10/01,/kiban/app/api/download/file/539002,松江城
618113,DEM5A,533321,FG-GML-533321-DEM5A-20250620.zip,4455,4561920,2025/06/20,/kiban/app/api/download/file/618113,松江城
615186,DEM5B,533321,FG-GML-533321-DEM5B-20250609.zip,1136,1163264,2025/06/09,/kiban/app/api/download/file/615186,松江城
539003,DEM10B,533322,FG-GML-533322-DEM10B-20161001.zip,291,297984,2016/10/01,/kiban/app/api/download/file/539003,米子城跡
618114,DEM5A,533322,FG-GML-533322-DEM5A-20250620.zip,471,482304,2025/06/20,/kiban/app/api/download/file/618114,米子城跡
615187,DEM5B,533322,FG-GML-533322-DEM5B-20250609.zip,1071,1096704,2025/06/09,/kiban/app/api/download/file/615187,米子城跡
539004,DEM10B,533323,FG-GML-533323-DEM10B-20161001.zip,72,73728,2016/10/01,/kiban/app/api/download/file/539004,米子城跡
612944,DEM1A,533323,FG-GML-533323-DEM1A-20250613.zip,3040,3112960,2025/06/13,/kiban/app/api/download/file/612944,米子城跡
618115,DEM5A,533323,FG-GML-533323-DEM5A-20250620.zip,92,94208,2025/06/20,/kiban/app/api/download/file/618115,米子城跡
539013,DEM10B,533400,FG-GML-533400-DEM10B-20161001.zip,2095,2145280,2016/10/01,/kiban/app/api/download/file/539013,三徳山三佛寺 投入堂
685702,DEM1A,533400,FG-GML-533400-DEM1A-20251208.zip,161817,165700608,2025/12/08,/kiban/app/api/download/file/685702,三徳山三佛寺 投入堂
686738,DEM5A,533400,FG-GML-533400-DEM5A-20251208.zip,7567,7748608,2025/12/08,/kiban/app/api/download/file/686738,三徳山三佛寺 投入堂
539018,DEM10B,533405,FG-GML-533405-DEM10B-20161001.zip,2018,2066432,2016/10/01,/kiban/app/api/download/file/539018,竹田城跡
663909,DEM1A,533405,FG-GML-533405-DEM1A-20250828.zip,149798,153393152,2025/08/28,/kiban/app/api/download/file/663909,竹田城跡
662429,DEM5A,533405,FG-GML-533405-DEM5A-20250828.zip,7169,7341056,2025/08/28,/kiban/app/api/download/file/662429,竹田城跡
539019,DEM10B,533406,FG-GML-533406-DEM10B-20161001.zip,1856,1900544,2016/10/01,/kiban/app/api/download/file/539019,出石城跡|竹田城跡
663910,DEM1A,533406,FG-GML-533406-DEM1A-20250828.zip,144000,147456000,2025/08/28,/kiban/app/api/download/file/663910,出石城跡|竹田城跡
662430,DEM5A,533406,FG-GML-533406-DEM5A-20250828.zip,6914,7079936,2025/08/28,/kiban/app/api/download/file/662430,出石城跡|竹田城跡
539020,DEM10B,533407,FG-GML-533407-DEM10B-20161001.zip,1995,2042880,2016/10/01,/kiban/app/api/download/file/539020,出石城跡|竹田城跡
663911,DEM1A,533407,FG-GML-533407-DEM1A-20250828.zip,165093,169055232,2025/08/28,/kiban/app/api/download/file/663911,出石城跡|竹田城跡
662431,DEM5A,533407,FG-GML-533407-DEM5A-20250828.zip,7678,7862272,2025/08/28,/kiban/app/api/download/file/662431,出石城跡|竹田城跡
539021,DEM10B,533410,FG-GML-533410-DEM10B-20161001.zip,1840,1884160,2016/10/01,/kiban/app/api/download/file/539021,三徳山三佛寺 投入堂
612955,DEM1A,533410,FG-GML-533410-DEM1A-20250613.zip,156753,160515072,2025/06/13,/kiban/app/api/download/file/612955,三徳山三佛寺 投入堂
618129,DEM5A,533410,FG-GML-533410-DEM5A-20250620.zip,7276,7450624,2025/06/20,/kiban/app/api/download/file/618129,三徳山三佛寺 投入堂
539022,DEM10B,533411,FG-GML-533411-DEM10B-20161001.zip,1446,1480704,2016/10/01,/kiban/app/api/download/file/539022,鳥取城跡
612956,DEM1A,533411,FG-GML-533411-DEM1A-20250613.zip,182252,186626048,2025/06/13,/kiban/app/api/download/file/612956,鳥取城跡
618130,DEM5A,533411,FG-GML-533411-DEM5A-20250620.zip,7934,8124416,2025/06/20,/kiban/app/api/download/file/618130,鳥取城跡
615193,DEM5B,533411,FG-GML-533411-DEM5B-20250609.zip,6037,6181888,2025/06/09,/kiban/app/api/download/file/615193,鳥取城跡
539023,DEM10B,533412,FG-GML-533412-DEM10B-20161001.zip,1830,1873920,2016/10/01,/kiban/app/api/download/file/539023,鳥取城跡
612957,DEM1A,533412,FG-GML-533412-DEM1A-20250613.zip,204039,208935936,2025/06/13,/kiban/app/api/download/file/612957,鳥取城跡
618131,DEM5A,533412,FG-GML-533412-DEM5A-20250620.zip,8742,8951808,2025/06/20,/kiban/app/api/download/file/618131,鳥取城跡
615194,DEM5B,533412,FG-GML-533412-DEM5B-20250609.zip,5408,5537792,2025/06/09,/kiban/app/api/download/file/615194,鳥取城跡
539027,DEM10B,533416,FG-GML-533416-DEM10B-20161001.zip,1611,1649664,2016/10/01,/kiban/app/api/download/file/539027,出石城跡
663915,DEM1A,533416,FG-GML-533416-DEM1A-20250828.zip,163546,167471104,2025/08/28,/kiban/app/api/download/file/663915,出石城跡
662435,DEM5A,533416,FG-GML-533416-DEM5A-20250828.zip,7711,7896064,2025/08/28,/kiban/app/api/download/file/662435,出石城跡
539028,DEM10B,533417,FG-GML-533417-DEM10B-20161001.zip,1915,1960960,2016/10/01,/kiban/app/api/download/file/539028,出石城跡
663916,DEM1A,533417,FG-GML-533417-DEM1A-20250828.zip,222139,227470336,2025/08/28,/kiban/app/api/download/file/663916,出石城跡
662436,DEM5A,533417,FG-GML-533417-DEM5A-20250828.zip,9628,9859072,2025/08/28,/kiban/app/api/download/file/662436,出石城跡
539030,DEM10B,533421,FG-GML-533421-DEM10B-20161001.zip,475,486400,2016/10/01,/kiban/app/api/download/file/539030,鳥取城跡
612960,DEM1A,533421,FG-GML-533421-DEM1A-20250613.zip,63680,65208320,2025/06/13,/kiban/app/api/download/file/612960,鳥取城跡
618138,DEM5A,533421,FG-GML-533421-DEM5A-20250620.zip,2993,3064832,2025/06/20,/kiban/app/api/download/file/618138,鳥取城跡
615195,DEM5B,533421,FG-GML-533421-DEM5B-20250609.zip,2590,2652160,2025/06/09,/kiban/app/api/download/file/615195,鳥取城跡
539031,DEM10B,533422,FG-GML-533422-DEM10B-20161001.zip,1608,1646592,2016/10/01,/kiban/app/api/download/file/539031,鳥取城跡
612961,DEM1A,533422,FG-GML-533422-DEM1A-20250613.zip,191243,195832832,2025/06/13,/kiban/app/api/download/file/612961,鳥取城跡
618139,DEM5A,533422,FG-GML-533422-DEM5A-20250620.zip,8134,8329216,2025/06/20,/kiban/app/api/download/file/618139,鳥取城跡
615196,DEM5B,533422,FG-GML-533422-DEM5B-20250609.zip,5068,5189632,2025/06/09,/kiban/app/api/download/file/615196,鳥取城跡
539035,DEM10B,533426,FG-GML-533426-DEM10B-20161001.zip,1490,1525760,2016/10/01,/kiban/app/api/download/file/539035,出石城跡
663920,DEM1A,533426,FG-GML-533426-DEM1A-20250908.zip,165307,169274368,2025/09/08,/kiban/app/api/download/file/663920,出石城跡
662440,DEM5A,533426,FG-GML-533426-DEM5A-20250908.zip,7756,7942144,2025/09/08,/kiban/app/api/download/file/662440,出石城跡
539036,DEM10B,533427,FG-GML-533427-DEM10B-20161001.zip,1921,1967104,2016/10/01,/kiban/app/api/download/file/539036,出石城跡
663921,DEM1A,533427,FG-GML-533427-DEM1A-20250908.zip,216881,222086144,2025/09/08,/kiban/app/api/download/file/663921,出石城跡
662441,DEM5A,533427,FG-GML-533427-DEM5A-20250908.zip,9379,9604096,2025/09/08,/kiban/app/api/download/file/662441,出石城跡
539037,DEM10B,533432,FG-GML-533432-DEM10B-20161001.zip,253,259072,2016/10/01,/kiban/app/api/download/file/539037,鳥取城跡
663922,DEM1A,533432,FG-GML-533432-DEM1A-20250828.zip,23289,23847936,2025/08/28,/kiban/app/api/download/file/663922,鳥取城跡
662442,DEM5A,533432,FG-GML-533432-DEM5A-20250828.zip,1036,1060864,2025/08/28,/kiban/app/api/download/file/662442,鳥取城跡
539047,DEM10B,533500,FG-GML-533500-DEM10B-20161001.zip,1964,2011136,2016/10/01,/kiban/app/api/download/file/539047,福知山城
663932,DEM1A,533500,FG-GML-533500-DEM1A-20250828.zip,161229,165098496,2025/08/28,/kiban/app/api/download/file/663932,福知山城
662452,DEM5A,533500,FG-GML-533500-DEM5A-20250828.zip,7445,7623680,2025/08/28,/kiban/app/api/download/file/662452,福知山城
539048,DEM10B,533501,FG-GML-533501-DEM10B-20161001.zip,1754,1796096,2016/10/01,/kiban/app/api/download/file/539048,福知山城
663933,DEM1A,533501,FG-GML-533501-DEM1A-20250828.zip,154424,158130176,2025/08/28,/kiban/app/api/download/file/663933,福知山城
662453,DEM5A,533501,FG-GML-533501-DEM5A-20250828.zip,6574,6731776,2025/08/28,/kiban/app/api/download/file/662453,福知山城
539088,DEM10B,533601,FG-GML-533601-DEM10B-20161001.zip,77,78848,2016/10/01,/kiban/app/api/download/file/539088,彦根城
613000,DEM1A,533601,FG-GML-533601-DEM1A-20250611.zip,12429,12727296,2025/06/11,/kiban/app/api/download/file/613000,彦根城
618195,DEM5A,533601,FG-GML-533601-DEM5A-20250620.zip,600,614400,2025/06/20,/kiban/app/api/download/file/618195,彦根城
615202,DEM5B,533601,FG-GML-533601-DEM5B-20250609.zip,139,142336,2025/06/09,/kiban/app/api/download/file/615202,彦根城
539089,DEM10B,533602,FG-GML-533602-DEM10B-20161001.zip,984,1007616,2016/10/01,/kiban/app/api/download/file/539089,伊吹山|彦根城
613001,DEM1A,533602,FG-GML-533602-DEM1A-20250611.zip,106967,109534208,2025/06/11,/kiban/app/api/download/file/613001,伊吹山|彦根城
618196,DEM5A,533602,FG-GML-533602-DEM5A-20250620.zip,5217,5342208,2025/06/20,/kiban/app/api/download/file/618196,伊吹山|彦根城
615203,DEM5B,533602,FG-GML-533602-DEM5B-20250609.zip,14,14336,2025/06/09,/kiban/app/api/download/file/615203,伊吹山|彦根城
539090,DEM10B,533603,FG-GML-533603-DEM10B-20161001.zip,1887,1932288,2016/10/01,/kiban/app/api/download/file/539090,伊吹山
613002,DEM1A,533603,FG-GML-533603-DEM1A-20250611.zip,88373,90493952,2025/06/11,/kiban/app/api/download/file/613002,伊吹山
618197,DEM5A,533603,FG-GML-533603-DEM5A-20250620.zip,6799,6962176,2025/06/20,/kiban/app/api/download/file/618197,伊吹山
539091,DEM10B,533604,FG-GML-533604-DEM10B-20161001.zip,966,989184,2016/10/01,/kiban/app/api/download/file/539091,伊吹山|大垣城|墨俣一夜城
717826,DEM1A,533604,FG-GML-533604-DEM1A-20260616.zip,1352,1384448,2026/06/16,/kiban/app/api/download/file/717826,伊吹山|大垣城|墨俣一夜城
720084,DEM5A,533604,FG-GML-533604-DEM5A-20260616.zip,6469,6624256,2026/06/16,/kiban/app/api/download/file/720084,伊吹山|大垣城|墨俣一夜城
615204,DEM5B,533604,FG-GML-533604-DEM5B-20250609.zip,192,196608,2025/06/09,/kiban/app/api/download/file/615204,伊吹山|大垣城|墨俣一夜城
539092,DEM10B,533605,FG-GML-533605-DEM10B-20161001.zip,265,271360,2016/10/01,/kiban/app/api/download/file/539092,岐阜城|大垣城|墨俣一夜城|岐阜シティ・タワー43|ツインアーチ138（138タワーパーク）
717827,DEM1A,533605,FG-GML-533605-DEM1A-20260616.zip,12397,12694528,2026/06/16,/kiban/app/api/download/file/717827,岐阜城|大垣城|墨俣一夜城|岐阜シティ・タワー43|ツインアーチ138（138タワーパーク）
720085,DEM5A,533605,FG-GML-533605-DEM5A-20260616.zip,4866,4982784,2026/06/16,/kiban/app/api/download/file/720085,岐阜城|大垣城|墨俣一夜城|岐阜シティ・タワー43|ツインアーチ138（138タワーパーク）
729964,DEM5B,533605,FG-GML-533605-DEM5B-20090901.zip,2055,2104320,2009/09/01,/kiban/app/api/download/file/729964,岐阜城|大垣城|墨俣一夜城|岐阜シティ・タワー43|ツインアーチ138（138タワーパーク）
539093,DEM10B,533606,FG-GML-533606-DEM10B-20161001.zip,460,471040,2016/10/01,/kiban/app/api/download/file/539093,犬山城|岐阜城|小牧山城跡|墨俣一夜城|岐阜シティ・タワー43|ツインアーチ138（138タワーパーク）
717828,DEM1A,533606,FG-GML-533606-DEM1A-20260616.zip,27191,27843584,2026/06/16,/kiban/app/api/download/file/717828,犬山城|岐阜城|小牧山城跡|墨俣一夜城|岐阜シティ・タワー43|ツインアーチ138（138タワーパーク）
720086,DEM5A,533606,FG-GML-533606-DEM5A-20260616.zip,4199,4299776,2026/06/16,/kiban/app/api/download/file/720086,犬山城|岐阜城|小牧山城跡|墨俣一夜城|岐阜シティ・タワー43|ツインアーチ138（138タワーパーク）
729965,DEM5B,533606,FG-GML-533606-DEM5B-20090901.zip,2143,2194432,2009/09/01,/kiban/app/api/download/file/729965,犬山城|岐阜城|小牧山城跡|墨俣一夜城|岐阜シティ・タワー43|ツインアーチ138（138タワーパーク）
539094,DEM10B,533607,FG-GML-533607-DEM10B-20161001.zip,1089,1115136,2016/10/01,/kiban/app/api/download/file/539094,犬山城|岐阜城|小牧山城跡|ツインアーチ138（138タワーパーク）
717829,DEM1A,533607,FG-GML-533607-DEM1A-20260616.zip,56162,57509888,2026/06/16,/kiban/app/api/download/file/717829,犬山城|岐阜城|小牧山城跡|ツインアーチ138（138タワーパーク）
720087,DEM5A,533607,FG-GML-533607-DEM5A-20260616.zip,5048,5169152,2026/06/16,/kiban/app/api/download/file/720087,犬山城|岐阜城|小牧山城跡|ツインアーチ138（138タワーパーク）
729966,DEM5B,533607,FG-GML-533607-DEM5B-20090901.zip,3289,3367936,2009/09/01,/kiban/app/api/download/file/729966,犬山城|岐阜城|小牧山城跡|ツインアーチ138（138タワーパーク）
539097,DEM10B,533612,FG-GML-533612-DEM10B-20161001.zip,1728,1769472,2016/10/01,/kiban/app/api/download/file/539097,伊吹山
613008,DEM1A,533612,FG-GML-533612-DEM1A-20250611.zip,183775,188185600,2025/06/11,/kiban/app/api/download/file/613008,伊吹山
618204,DEM5A,533612,FG-GML-533612-DEM5A-20250620.zip,8109,8303616,2025/06/20,/kiban/app/api/download/file/618204,伊吹山
546780,DEM5B,533612,FG-GML-533612-DEM5B-20161001.zip,151,154624,2016/10/01,/kiban/app/api/download/file/546780,伊吹山
539098,DEM10B,533613,FG-GML-533613-DEM10B-20161001.zip,2150,2201600,2016/10/01,/kiban/app/api/download/file/539098,伊吹山
613009,DEM1A,533613,FG-GML-533613-DEM1A-20250611.zip,217982,223213568,2025/06/11,/kiban/app/api/download/file/613009,伊吹山
618205,DEM5A,533613,FG-GML-533613-DEM5A-20250620.zip,7675,7859200,2025/06/20,/kiban/app/api/download/file/618205,伊吹山
539099,DEM10B,533614,FG-GML-533614-DEM10B-20161001.zip,1320,1351680,2016/10/01,/kiban/app/api/download/file/539099,伊吹山|大垣城|墨俣一夜城
717830,DEM1A,533614,FG-GML-533614-DEM1A-20260616.zip,42850,43878400,2026/06/16,/kiban/app/api/download/file/717830,伊吹山|大垣城|墨俣一夜城
720088,DEM5A,533614,FG-GML-533614-DEM5A-20260616.zip,6653,6812672,2026/06/16,/kiban/app/api/download/file/720088,伊吹山|大垣城|墨俣一夜城
615206,DEM5B,533614,FG-GML-533614-DEM5B-20250609.zip,1101,1127424,2025/06/09,/kiban/app/api/download/file/615206,伊吹山|大垣城|墨俣一夜城
539100,DEM10B,533615,FG-GML-533615-DEM10B-20161001.zip,642,657408,2016/10/01,/kiban/app/api/download/file/539100,岐阜城|大垣城|墨俣一夜城|岐阜シティ・タワー43|ツインアーチ138（138タワーパーク）
717831,DEM1A,533615,FG-GML-533615-DEM1A-20260616.zip,36069,36934656,2026/06/16,/kiban/app/api/download/file/717831,岐阜城|大垣城|墨俣一夜城|岐阜シティ・タワー43|ツインアーチ138（138タワーパーク）
720089,DEM5A,533615,FG-GML-533615-DEM5A-20260616.zip,4832,4947968,2026/06/16,/kiban/app/api/download/file/720089,岐阜城|大垣城|墨俣一夜城|岐阜シティ・タワー43|ツインアーチ138（138タワーパーク）
729967,DEM5B,533615,FG-GML-533615-DEM5B-20090901.zip,5800,5939200,2009/09/01,/kiban/app/api/download/file/729967,岐阜城|大垣城|墨俣一夜城|岐阜シティ・タワー43|ツインアーチ138（138タワーパーク）
539101,DEM10B,533616,FG-GML-533616-DEM10B-20161001.zip,1289,1319936,2016/10/01,/kiban/app/api/download/file/539101,犬山城|岐阜城|墨俣一夜城|岐阜シティ・タワー43|ツインアーチ138（138タワーパーク）
717832,DEM1A,533616,FG-GML-533616-DEM1A-20260616.zip,94860,97136640,2026/06/16,/kiban/app/api/download/file/717832,犬山城|岐阜城|墨俣一夜城|岐阜シティ・タワー43|ツインアーチ138（138タワーパーク）
720090,DEM5A,533616,FG-GML-533616-DEM5A-20260616.zip,5115,5237760,2026/06/16,/kiban/app/api/download/file/720090,犬山城|岐阜城|墨俣一夜城|岐阜シティ・タワー43|ツインアーチ138（138タワーパーク）
729968,DEM5B,533616,FG-GML-533616-DEM5B-20090901.zip,7219,7392256,2009/09/01,/kiban/app/api/download/file/729968,犬山城|岐阜城|墨俣一夜城|岐阜シティ・タワー43|ツインアーチ138（138タワーパーク）
539102,DEM10B,533617,FG-GML-533617-DEM10B-20161001.zip,1360,1392640,2016/10/01,/kiban/app/api/download/file/539102,犬山城|岐阜城|ツインアーチ138（138タワーパーク）
717833,DEM1A,533617,FG-GML-533617-DEM1A-20260616.zip,78759,80649216,2026/06/16,/kiban/app/api/download/file/717833,犬山城|岐阜城|ツインアーチ138（138タワーパーク）
720091,DEM5A,533617,FG-GML-533617-DEM5A-20260616.zip,5005,5125120,2026/06/16,/kiban/app/api/download/file/720091,犬山城|岐阜城|ツインアーチ138（138タワーパーク）
729969,DEM5B,533617,FG-GML-533617-DEM5B-20090901.zip,7272,7446528,2009/09/01,/kiban/app/api/download/file/729969,犬山城|岐阜城|ツインアーチ138（138タワーパーク）
539105,DEM10B,533622,FG-GML-533622-DEM10B-20161001.zip,2157,2208768,2016/10/01,/kiban/app/api/download/file/539105,伊吹山
613016,DEM1A,533622,FG-GML-533622-DEM1A-20250611.zip,230214,235739136,2025/06/11,/kiban/app/api/download/file/613016,伊吹山
618212,DEM5A,533622,FG-GML-533622-DEM5A-20250620.zip,9315,9538560,2025/06/20,/kiban/app/api/download/file/618212,伊吹山
539106,DEM10B,533623,FG-GML-533623-DEM10B-20161001.zip,2112,2162688,2016/10/01,/kiban/app/api/download/file/539106,伊吹山|藤橋城（西美濃プラネタリウム）
613017,DEM1A,533623,FG-GML-533623-DEM1A-20250611.zip,230677,236213248,2025/06/11,/kiban/app/api/download/file/613017,伊吹山|藤橋城（西美濃プラネタリウム）
618213,DEM5A,533623,FG-GML-533623-DEM5A-20250620.zip,7614,7796736,2025/06/20,/kiban/app/api/download/file/618213,伊吹山|藤橋城（西美濃プラネタリウム）
539107,DEM10B,533624,FG-GML-533624-DEM10B-20161001.zip,1962,2009088,2016/10/01,/kiban/app/api/download/file/539107,藤橋城（西美濃プラネタリウム）
717834,DEM1A,533624,FG-GML-533624-DEM1A-20260616.zip,197507,202247168,2026/06/16,/kiban/app/api/download/file/717834,藤橋城（西美濃プラネタリウム）
720092,DEM5A,533624,FG-GML-533624-DEM5A-20260616.zip,7601,7783424,2026/06/16,/kiban/app/api/download/file/720092,藤橋城（西美濃プラネタリウム）
539108,DEM10B,533625,FG-GML-533625-DEM10B-20161001.zip,1819,1862656,2016/10/01,/kiban/app/api/download/file/539108,岐阜城|岐阜シティ・タワー43
717835,DEM1A,533625,FG-GML-533625-DEM1A-20260616.zip,131846,135010304,2026/06/16,/kiban/app/api/download/file/717835,岐阜城|岐阜シティ・タワー43
720093,DEM5A,533625,FG-GML-533625-DEM5A-20260616.zip,7103,7273472,2026/06/16,/kiban/app/api/download/file/720093,岐阜城|岐阜シティ・タワー43
539109,DEM10B,533626,FG-GML-533626-DEM10B-20161001.zip,1668,1708032,2016/10/01,/kiban/app/api/download/file/539109,岐阜城|岐阜シティ・タワー43
685719,DEM1A,533626,FG-GML-533626-DEM1A-20251208.zip,129004,132100096,2025/12/08,/kiban/app/api/download/file/685719,岐阜城|岐阜シティ・タワー43
686755,DEM5A,533626,FG-GML-533626-DEM5A-20251208.zip,6377,6530048,2025/12/08,/kiban/app/api/download/file/686755,岐阜城|岐阜シティ・タワー43
729970,DEM5B,533626,FG-GML-533626-DEM5B-20090901.zip,8486,8689664,2009/09/01,/kiban/app/api/download/file/729970,岐阜城|岐阜シティ・タワー43
539114,DEM10B,533633,FG-GML-533633-DEM10B-20161001.zip,2140,2191360,2016/10/01,/kiban/app/api/download/file/539114,藤橋城（西美濃プラネタリウム）
613024,DEM1A,533633,FG-GML-533633-DEM1A-20250611.zip,203833,208724992,2025/06/11,/kiban/app/api/download/file/613024,藤橋城（西美濃プラネタリウム）
618221,DEM5A,533633,FG-GML-533633-DEM5A-20250620.zip,8081,8274944,2025/06/20,/kiban/app/api/download/file/618221,藤橋城（西美濃プラネタリウム）
539115,DEM10B,533634,FG-GML-533634-DEM10B-20161001.zip,2132,2183168,2016/10/01,/kiban/app/api/download/file/539115,藤橋城（西美濃プラネタリウム）
685721,DEM1A,533634,FG-GML-533634-DEM1A-20251208.zip,198925,203699200,2025/12/08,/kiban/app/api/download/file/685721,藤橋城（西美濃プラネタリウム）
686757,DEM5A,533634,FG-GML-533634-DEM5A-20251208.zip,7819,8006656,2025/12/08,/kiban/app/api/download/file/686757,藤橋城（西美濃プラネタリウム）
539118,DEM10B,533637,FG-GML-533637-DEM10B-20161001.zip,2051,2100224,2016/10/01,/kiban/app/api/download/file/539118,郡上八幡城
663959,DEM1A,533637,FG-GML-533637-DEM1A-20250828.zip,81359,83311616,2025/08/28,/kiban/app/api/download/file/663959,郡上八幡城
662479,DEM5A,533637,FG-GML-533637-DEM5A-20250828.zip,7498,7677952,2025/08/28,/kiban/app/api/download/file/662479,郡上八幡城
539122,DEM10B,533643,FG-GML-533643-DEM10B-20161001.zip,1902,1947648,2016/10/01,/kiban/app/api/download/file/539122,藤橋城（西美濃プラネタリウム）
618229,DEM5A,533643,FG-GML-533643-DEM5A-20250620.zip,9104,9322496,2025/06/20,/kiban/app/api/download/file/618229,藤橋城（西美濃プラネタリウム）
539123,DEM10B,533644,FG-GML-533644-DEM10B-20161001.zip,2122,2172928,2016/10/01,/kiban/app/api/download/file/539123,藤橋城（西美濃プラネタリウム）
685727,DEM1A,533644,FG-GML-533644-DEM1A-20251208.zip,141929,145335296,2025/12/08,/kiban/app/api/download/file/685727,藤橋城（西美濃プラネタリウム）
686763,DEM5A,533644,FG-GML-533644-DEM5A-20251208.zip,8314,8513536,2025/12/08,/kiban/app/api/download/file/686763,藤橋城（西美濃プラネタリウム）
539125,DEM10B,533646,FG-GML-533646-DEM10B-20161001.zip,2105,2155520,2016/10/01,/kiban/app/api/download/file/539125,郡上八幡城
685729,DEM1A,533646,FG-GML-533646-DEM1A-20251208.zip,144578,148047872,2025/12/08,/kiban/app/api/download/file/685729,郡上八幡城
686765,DEM5A,533646,FG-GML-533646-DEM5A-20251208.zip,7815,8002560,2025/12/08,/kiban/app/api/download/file/686765,郡上八幡城
539126,DEM10B,533647,FG-GML-533647-DEM10B-20161001.zip,2038,2086912,2016/10/01,/kiban/app/api/download/file/539126,郡上八幡城
685730,DEM1A,533647,FG-GML-533647-DEM1A-20251208.zip,31721,32482304,2025/12/08,/kiban/app/api/download/file/685730,郡上八幡城
686766,DEM5A,533647,FG-GML-533647-DEM5A-20251208.zip,7494,7673856,2025/12/08,/kiban/app/api/download/file/686766,郡上八幡城
539133,DEM10B,533656,FG-GML-533656-DEM10B-20161001.zip,2101,2151424,2016/10/01,/kiban/app/api/download/file/539133,郡上八幡城
685736,DEM1A,533656,FG-GML-533656-DEM1A-20251208.zip,136311,139582464,2025/12/08,/kiban/app/api/download/file/685736,郡上八幡城
686772,DEM5A,533656,FG-GML-533656-DEM5A-20251208.zip,7366,7542784,2025/12/08,/kiban/app/api/download/file/686772,郡上八幡城
615989,DEM5C,533656,FG-GML-533656-DEM5C-20250605.zip,1127,1154048,2025/06/05,/kiban/app/api/download/file/615989,郡上八幡城
539134,DEM10B,533657,FG-GML-533657-DEM10B-20161001.zip,1995,2042880,2016/10/01,/kiban/app/api/download/file/539134,郡上八幡城
685737,DEM1A,533657,FG-GML-533657-DEM1A-20251208.zip,94729,97002496,2025/12/08,/kiban/app/api/download/file/685737,郡上八幡城
686773,DEM5A,533657,FG-GML-533657-DEM5A-20251208.zip,7257,7431168,2025/12/08,/kiban/app/api/download/file/686773,郡上八幡城
539138,DEM10B,533663,FG-GML-533663-DEM10B-20161001.zip,2148,2199552,2016/10/01,/kiban/app/api/download/file/539138,荒島岳|越前大野城
717839,DEM1A,533663,FG-GML-533663-DEM1A-20260603.zip,171810,175933440,2026/06/03,/kiban/app/api/download/file/717839,荒島岳|越前大野城
720097,DEM5A,533663,FG-GML-533663-DEM5A-20260603.zip,8390,8591360,2026/06/03,/kiban/app/api/download/file/720097,荒島岳|越前大野城
547602,DEM5C,533663,FG-GML-533663-DEM5C-20220124.zip,357,365568,2022/01/24,/kiban/app/api/download/file/547602,荒島岳|越前大野城
539139,DEM10B,533664,FG-GML-533664-DEM10B-20161001.zip,2105,2155520,2016/10/01,/kiban/app/api/download/file/539139,荒島岳|越前大野城
717840,DEM1A,533664,FG-GML-533664-DEM1A-20260603.zip,166490,170485760,2026/06/03,/kiban/app/api/download/file/717840,荒島岳|越前大野城
720098,DEM5A,533664,FG-GML-533664-DEM5A-20260603.zip,8608,8814592,2026/06/03,/kiban/app/api/download/file/720098,荒島岳|越前大野城
615991,DEM5C,533664,FG-GML-533664-DEM5C-20250605.zip,3901,3994624,2025/06/05,/kiban/app/api/download/file/615991,荒島岳|越前大野城
539140,DEM10B,533665,FG-GML-533665-DEM10B-20161001.zip,1969,2016256,2016/10/01,/kiban/app/api/download/file/539140,荒島岳
717841,DEM1A,533665,FG-GML-533665-DEM1A-20260522.zip,21594,22112256,2026/05/22,/kiban/app/api/download/file/717841,荒島岳
720099,DEM5A,533665,FG-GML-533665-DEM5A-20260522.zip,2107,2157568,2026/05/22,/kiban/app/api/download/file/720099,荒島岳
615992,DEM5C,533665,FG-GML-533665-DEM5C-20250605.zip,9047,9264128,2025/06/05,/kiban/app/api/download/file/615992,荒島岳
539142,DEM10B,533667,FG-GML-533667-DEM10B-20161001.zip,2100,2150400,2016/10/01,/kiban/app/api/download/file/539142,郡上八幡城
685742,DEM1A,533667,FG-GML-533667-DEM1A-20251208.zip,118447,121289728,2025/12/08,/kiban/app/api/download/file/685742,郡上八幡城
686778,DEM5A,533667,FG-GML-533667-DEM5A-20251208.zip,7326,7501824,2025/12/08,/kiban/app/api/download/file/686778,郡上八幡城
539145,DEM10B,533672,FG-GML-533672-DEM10B-20161001.zip,1930,1976320,2016/10/01,/kiban/app/api/download/file/539145,越前大野城
613039,DEM1A,533672,FG-GML-533672-DEM1A-20250611.zip,25765,26383360,2025/06/11,/kiban/app/api/download/file/613039,越前大野城
618252,DEM5A,533672,FG-GML-533672-DEM5A-20250620.zip,4966,5085184,2025/06/20,/kiban/app/api/download/file/618252,越前大野城
615210,DEM5B,533672,FG-GML-533672-DEM5B-20250609.zip,3740,3829760,2025/06/09,/kiban/app/api/download/file/615210,越前大野城
539146,DEM10B,533673,FG-GML-533673-DEM10B-20161001.zip,1839,1883136,2016/10/01,/kiban/app/api/download/file/539146,荒島岳|越前大野城
717842,DEM1A,533673,FG-GML-533673-DEM1A-20260603.zip,59383,60808192,2026/06/03,/kiban/app/api/download/file/717842,荒島岳|越前大野城
720100,DEM5A,533673,FG-GML-533673-DEM5A-20260603.zip,7175,7347200,2026/06/03,/kiban/app/api/download/file/720100,荒島岳|越前大野城
547607,DEM5C,533673,FG-GML-533673-DEM5C-20220124.zip,152,155648,2022/01/24,/kiban/app/api/download/file/547607,荒島岳|越前大野城
539147,DEM10B,533674,FG-GML-533674-DEM10B-20161001.zip,1719,1760256,2016/10/01,/kiban/app/api/download/file/539147,荒島岳|越前大野城
717843,DEM1A,533674,FG-GML-533674-DEM1A-20260603.zip,35642,36497408,2026/06/03,/kiban/app/api/download/file/717843,荒島岳|越前大野城
720101,DEM5A,533674,FG-GML-533674-DEM5A-20260603.zip,7155,7326720,2026/06/03,/kiban/app/api/download/file/720101,荒島岳|越前大野城
615995,DEM5C,533674,FG-GML-533674-DEM5C-20250605.zip,204,208896,2025/06/05,/kiban/app/api/download/file/615995,荒島岳|越前大野城
539148,DEM10B,533675,FG-GML-533675-DEM10B-20161001.zip,2140,2191360,2016/10/01,/kiban/app/api/download/file/539148,荒島岳
613041,DEM1A,533675,FG-GML-533675-DEM1A-20250611.zip,3956,4050944,2025/06/11,/kiban/app/api/download/file/613041,荒島岳
618255,DEM5A,533675,FG-GML-533675-DEM5A-20250620.zip,3815,3906560,2025/06/20,/kiban/app/api/download/file/618255,荒島岳
615996,DEM5C,533675,FG-GML-533675-DEM5C-20250605.zip,7459,7638016,2025/06/05,/kiban/app/api/download/file/615996,荒島岳
539151,DEM10B,533700,FG-GML-533700-DEM10B-20161001.zip,1653,1692672,2016/10/01,/kiban/app/api/download/file/539151,犬山城|小牧山城跡
685743,DEM1A,533700,FG-GML-533700-DEM1A-20251208.zip,126299,129330176,2025/12/08,/kiban/app/api/download/file/685743,犬山城|小牧山城跡
686779,DEM5A,533700,FG-GML-533700-DEM5A-20251208.zip,5780,5918720,2025/12/08,/kiban/app/api/download/file/686779,犬山城|小牧山城跡
539153,DEM10B,533702,FG-GML-533702-DEM10B-20161001.zip,1919,1965056,2016/10/01,/kiban/app/api/download/file/539153,岩村城跡
685745,DEM1A,533702,FG-GML-533702-DEM1A-20251113.zip,25272,25878528,2025/11/13,/kiban/app/api/download/file/685745,岩村城跡
686781,DEM5A,533702,FG-GML-533702-DEM5A-20251113.zip,8800,9011200,2025/11/13,/kiban/app/api/download/file/686781,岩村城跡
539154,DEM10B,533703,FG-GML-533703-DEM10B-20161001.zip,1892,1937408,2016/10/01,/kiban/app/api/download/file/539154,恵那山|岩村城跡
685746,DEM1A,533703,FG-GML-533703-DEM1A-20251113.zip,39745,40698880,2025/11/13,/kiban/app/api/download/file/685746,恵那山|岩村城跡
686782,DEM5A,533703,FG-GML-533703-DEM5A-20251113.zip,8599,8805376,2025/11/13,/kiban/app/api/download/file/686782,恵那山|岩村城跡
539155,DEM10B,533704,FG-GML-533704-DEM10B-20161001.zip,2131,2182144,2016/10/01,/kiban/app/api/download/file/539155,恵那山|岩村城跡
717845,DEM1A,533704,FG-GML-533704-DEM1A-20260616.zip,195224,199909376,2026/06/16,/kiban/app/api/download/file/717845,恵那山|岩村城跡
720103,DEM5A,533704,FG-GML-533704-DEM5A-20260616.zip,8824,9035776,2026/06/16,/kiban/app/api/download/file/720103,恵那山|岩村城跡
539156,DEM10B,533705,FG-GML-533705-DEM10B-20161001.zip,2171,2223104,2016/10/01,/kiban/app/api/download/file/539156,恵那山
717846,DEM1A,533705,FG-GML-533705-DEM1A-20260616.zip,170216,174301184,2026/06/16,/kiban/app/api/download/file/717846,恵那山
720104,DEM5A,533705,FG-GML-533705-DEM5A-20260616.zip,7970,8161280,2026/06/16,/kiban/app/api/download/file/720104,恵那山
539159,DEM10B,533710,FG-GML-533710-DEM10B-20161001.zip,1384,1417216,2016/10/01,/kiban/app/api/download/file/539159,犬山城
717849,DEM1A,533710,FG-GML-533710-DEM1A-20260616.zip,24364,24948736,2026/06/16,/kiban/app/api/download/file/717849,犬山城
720107,DEM5A,533710,FG-GML-533710-DEM5A-20260616.zip,5012,5132288,2026/06/16,/kiban/app/api/download/file/720107,犬山城
539161,DEM10B,533712,FG-GML-533712-DEM10B-20161001.zip,1901,1946624,2016/10/01,/kiban/app/api/download/file/539161,岩村城跡
613052,DEM1A,533712,FG-GML-533712-DEM1A-20250611.zip,51366,52598784,2025/06/11,/kiban/app/api/download/file/613052,岩村城跡
618268,DEM5A,533712,FG-GML-533712-DEM5A-20250620.zip,8498,8701952,2025/06/20,/kiban/app/api/download/file/618268,岩村城跡
539162,DEM10B,533713,FG-GML-533713-DEM10B-20161001.zip,1786,1828864,2016/10/01,/kiban/app/api/download/file/539162,恵那山|苗木城跡|岩村城跡
613053,DEM1A,533713,FG-GML-533713-DEM1A-20250611.zip,97567,99908608,2025/06/11,/kiban/app/api/download/file/613053,恵那山|苗木城跡|岩村城跡
618269,DEM5A,533713,FG-GML-533713-DEM5A-20250620.zip,7015,7183360,2025/06/20,/kiban/app/api/download/file/618269,恵那山|苗木城跡|岩村城跡
539163,DEM10B,533714,FG-GML-533714-DEM10B-20161001.zip,2211,2264064,2016/10/01,/kiban/app/api/download/file/539163,恵那山|苗木城跡|岩村城跡
717850,DEM1A,533714,FG-GML-533714-DEM1A-20260616.zip,205738,210675712,2026/06/16,/kiban/app/api/download/file/717850,恵那山|苗木城跡|岩村城跡
720108,DEM5A,533714,FG-GML-533714-DEM5A-20260616.zip,7880,8069120,2026/06/16,/kiban/app/api/download/file/720108,恵那山|苗木城跡|岩村城跡
539164,DEM10B,533715,FG-GML-533715-DEM10B-20161001.zip,2171,2223104,2016/10/01,/kiban/app/api/download/file/539164,恵那山
717851,DEM1A,533715,FG-GML-533715-DEM1A-20260616.zip,167863,171891712,2026/06/16,/kiban/app/api/download/file/717851,恵那山
720109,DEM5A,533715,FG-GML-533715-DEM5A-20260616.zip,7860,8048640,2026/06/16,/kiban/app/api/download/file/720109,恵那山
539169,DEM10B,533722,FG-GML-533722-DEM10B-20161001.zip,1994,2041856,2016/10/01,/kiban/app/api/download/file/539169,苗木城跡
618276,DEM5A,533722,FG-GML-533722-DEM5A-20250620.zip,9277,9499648,2025/06/20,/kiban/app/api/download/file/618276,苗木城跡
539170,DEM10B,533723,FG-GML-533723-DEM10B-20161001.zip,1897,1942528,2016/10/01,/kiban/app/api/download/file/539170,苗木城跡
613056,DEM1A,533723,FG-GML-533723-DEM1A-20250611.zip,117980,120811520,2025/06/11,/kiban/app/api/download/file/613056,苗木城跡
618277,DEM5A,533723,FG-GML-533723-DEM5A-20250620.zip,7421,7599104,2025/06/20,/kiban/app/api/download/file/618277,苗木城跡
539171,DEM10B,533724,FG-GML-533724-DEM10B-20161001.zip,2083,2132992,2016/10/01,/kiban/app/api/download/file/539171,恵那山|苗木城跡
717855,DEM1A,533724,FG-GML-533724-DEM1A-20260616.zip,195680,200376320,2026/06/16,/kiban/app/api/download/file/717855,恵那山|苗木城跡
720113,DEM5A,533724,FG-GML-533724-DEM5A-20260616.zip,7144,7315456,2026/06/16,/kiban/app/api/download/file/720113,恵那山|苗木城跡
539172,DEM10B,533725,FG-GML-533725-DEM10B-20161001.zip,2117,2167808,2016/10/01,/kiban/app/api/download/file/539172,恵那山
717856,DEM1A,533725,FG-GML-533725-DEM1A-20260616.zip,173466,177629184,2026/06/16,/kiban/app/api/download/file/717856,恵那山
720114,DEM5A,533725,FG-GML-533725-DEM5A-20260616.zip,8119,8313856,2026/06/16,/kiban/app/api/download/file/720114,恵那山
539178,DEM10B,533733,FG-GML-533733-DEM10B-20161001.zip,2036,2084864,2016/10/01,/kiban/app/api/download/file/539178,苗木城跡
717862,DEM1A,533733,FG-GML-533733-DEM1A-20260522.zip,32893,33682432,2026/05/22,/kiban/app/api/download/file/717862,苗木城跡
720120,DEM5A,533733,FG-GML-533733-DEM5A-20260522.zip,9095,9313280,2026/05/22,/kiban/app/api/download/file/720120,苗木城跡
539179,DEM10B,533734,FG-GML-533734-DEM10B-20161001.zip,2137,2188288,2016/10/01,/kiban/app/api/download/file/539179,苗木城跡
717863,DEM1A,533734,FG-GML-533734-DEM1A-20260522.zip,162763,166669312,2026/05/22,/kiban/app/api/download/file/717863,苗木城跡
720121,DEM5A,533734,FG-GML-533734-DEM5A-20260522.zip,7836,8024064,2026/05/22,/kiban/app/api/download/file/720121,苗木城跡
539180,DEM10B,533735,FG-GML-533735-DEM10B-20161001.zip,2199,2251776,2016/10/01,/kiban/app/api/download/file/539180,空木岳
717864,DEM1A,533735,FG-GML-533735-DEM1A-20260616.zip,175266,179472384,2026/06/16,/kiban/app/api/download/file/717864,空木岳
720122,DEM5A,533735,FG-GML-533735-DEM5A-20260616.zip,7868,8056832,2026/06/16,/kiban/app/api/download/file/720122,空木岳
539181,DEM10B,533736,FG-GML-533736-DEM10B-20161001.zip,2225,2278400,2016/10/01,/kiban/app/api/download/file/539181,空木岳
717865,DEM1A,533736,FG-GML-533736-DEM1A-20260616.zip,104129,106628096,2026/06/16,/kiban/app/api/download/file/717865,空木岳
720123,DEM5A,533736,FG-GML-533736-DEM5A-20260616.zip,8525,8729600,2026/06/16,/kiban/app/api/download/file/720123,空木岳
539182,DEM10B,533737,FG-GML-533737-DEM10B-20161001.zip,1929,1975296,2016/10/01,/kiban/app/api/download/file/539182,空木岳
717866,DEM1A,533737,FG-GML-533737-DEM1A-20260616.zip,148872,152444928,2026/06/16,/kiban/app/api/download/file/717866,空木岳
720124,DEM5A,533737,FG-GML-533737-DEM5A-20260616.zip,7269,7443456,2026/06/16,/kiban/app/api/download/file/720124,空木岳
539183,DEM10B,533740,FG-GML-533740-DEM10B-20161001.zip,1940,1986560,2016/10/01,/kiban/app/api/download/file/539183,郡上八幡城
663966,DEM1A,533740,FG-GML-533740-DEM1A-20250828.zip,33782,34592768,2025/08/28,/kiban/app/api/download/file/663966,郡上八幡城
662486,DEM5A,533740,FG-GML-533740-DEM5A-20250828.zip,7605,7787520,2025/08/28,/kiban/app/api/download/file/662486,郡上八幡城
539188,DEM10B,533745,FG-GML-533745-DEM10B-20161001.zip,2161,2212864,2016/10/01,/kiban/app/api/download/file/539188,木曽駒ヶ岳|空木岳
685774,DEM1A,533745,FG-GML-533745-DEM1A-20251113.zip,162429,166327296,2025/11/13,/kiban/app/api/download/file/685774,木曽駒ヶ岳|空木岳
686810,DEM5A,533745,FG-GML-533745-DEM5A-20251113.zip,7668,7852032,2025/11/13,/kiban/app/api/download/file/686810,木曽駒ヶ岳|空木岳
539189,DEM10B,533746,FG-GML-533746-DEM10B-20161001.zip,2312,2367488,2016/10/01,/kiban/app/api/download/file/539189,木曽駒ヶ岳|空木岳
717871,DEM1A,533746,FG-GML-533746-DEM1A-20260616.zip,171526,175642624,2026/06/16,/kiban/app/api/download/file/717871,木曽駒ヶ岳|空木岳
720129,DEM5A,533746,FG-GML-533746-DEM5A-20260616.zip,8574,8779776,2026/06/16,/kiban/app/api/download/file/720129,木曽駒ヶ岳|空木岳
539190,DEM10B,533747,FG-GML-533747-DEM10B-20161001.zip,1941,1987584,2016/10/01,/kiban/app/api/download/file/539190,木曽駒ヶ岳|空木岳
717872,DEM1A,533747,FG-GML-533747-DEM1A-20260616.zip,113524,116248576,2026/06/16,/kiban/app/api/download/file/717872,木曽駒ヶ岳|空木岳
720130,DEM5A,533747,FG-GML-533747-DEM5A-20260616.zip,6113,6259712,2026/06/16,/kiban/app/api/download/file/720130,木曽駒ヶ岳|空木岳
539191,DEM10B,533750,FG-GML-533750-DEM10B-20161001.zip,2060,2109440,2016/10/01,/kiban/app/api/download/file/539191,郡上八幡城
613072,DEM1A,533750,FG-GML-533750-DEM1A-20250611.zip,28646,29333504,2025/06/11,/kiban/app/api/download/file/613072,郡上八幡城
618298,DEM5A,533750,FG-GML-533750-DEM5A-20250620.zip,7812,7999488,2025/06/20,/kiban/app/api/download/file/618298,郡上八幡城
539194,DEM10B,533753,FG-GML-533753-DEM10B-20161001.zip,2091,2141184,2016/10/01,/kiban/app/api/download/file/539194,木曽御嶽山
717874,DEM1A,533753,FG-GML-533753-DEM1A-20260522.zip,196421,201135104,2026/05/22,/kiban/app/api/download/file/717874,木曽御嶽山
720132,DEM5A,533753,FG-GML-533753-DEM5A-20260522.zip,7840,8028160,2026/05/22,/kiban/app/api/download/file/720132,木曽御嶽山
539195,DEM10B,533754,FG-GML-533754-DEM10B-20161001.zip,2019,2067456,2016/10/01,/kiban/app/api/download/file/539195,木曽御嶽山
717875,DEM1A,533754,FG-GML-533754-DEM1A-20260522.zip,156538,160294912,2026/05/22,/kiban/app/api/download/file/717875,木曽御嶽山
720133,DEM5A,533754,FG-GML-533754-DEM5A-20260522.zip,7370,7546880,2026/05/22,/kiban/app/api/download/file/720133,木曽御嶽山
539196,DEM10B,533755,FG-GML-533755-DEM10B-20161001.zip,2107,2157568,2016/10/01,/kiban/app/api/download/file/539196,木曽駒ヶ岳|空木岳
717876,DEM1A,533755,FG-GML-533755-DEM1A-20260522.zip,153712,157401088,2026/05/22,/kiban/app/api/download/file/717876,木曽駒ヶ岳|空木岳
720134,DEM5A,533755,FG-GML-533755-DEM5A-20260522.zip,7459,7638016,2026/05/22,/kiban/app/api/download/file/720134,木曽駒ヶ岳|空木岳
539197,DEM10B,533756,FG-GML-533756-DEM10B-20161001.zip,2273,2327552,2016/10/01,/kiban/app/api/download/file/539197,木曽駒ヶ岳|空木岳
717877,DEM1A,533756,FG-GML-533756-DEM1A-20260616.zip,160280,164126720,2026/06/16,/kiban/app/api/download/file/717877,木曽駒ヶ岳|空木岳
720135,DEM5A,533756,FG-GML-533756-DEM5A-20260616.zip,8910,9123840,2026/06/16,/kiban/app/api/download/file/720135,木曽駒ヶ岳|空木岳
539198,DEM10B,533757,FG-GML-533757-DEM10B-20161001.zip,1904,1949696,2016/10/01,/kiban/app/api/download/file/539198,木曽駒ヶ岳|空木岳
717878,DEM1A,533757,FG-GML-533757-DEM1A-20260616.zip,122985,125936640,2026/06/16,/kiban/app/api/download/file/717878,木曽駒ヶ岳|空木岳
720136,DEM5A,533757,FG-GML-533757-DEM5A-20260616.zip,6316,6467584,2026/06/16,/kiban/app/api/download/file/720136,木曽駒ヶ岳|空木岳
539199,DEM10B,533760,FG-GML-533760-DEM10B-20161001.zip,2105,2155520,2016/10/01,/kiban/app/api/download/file/539199,郡上八幡城
613079,DEM1A,533760,FG-GML-533760-DEM1A-20250611.zip,46820,47943680,2025/06/11,/kiban/app/api/download/file/613079,郡上八幡城
618306,DEM5A,533760,FG-GML-533760-DEM5A-20250620.zip,7579,7760896,2025/06/20,/kiban/app/api/download/file/618306,郡上八幡城
539201,DEM10B,533762,FG-GML-533762-DEM10B-20161001.zip,2158,2209792,2016/10/01,/kiban/app/api/download/file/539201,木曽御嶽山
717880,DEM1A,533762,FG-GML-533762-DEM1A-20260522.zip,228222,233699328,2026/05/22,/kiban/app/api/download/file/717880,木曽御嶽山
720138,DEM5A,533762,FG-GML-533762-DEM5A-20260522.zip,9091,9309184,2026/05/22,/kiban/app/api/download/file/720138,木曽御嶽山
539202,DEM10B,533763,FG-GML-533763-DEM10B-20161001.zip,2162,2213888,2016/10/01,/kiban/app/api/download/file/539202,木曽御嶽山
717881,DEM1A,533763,FG-GML-533763-DEM1A-20260522.zip,219360,224624640,2026/05/22,/kiban/app/api/download/file/717881,木曽御嶽山
720139,DEM5A,533763,FG-GML-533763-DEM5A-20260522.zip,9034,9250816,2026/05/22,/kiban/app/api/download/file/720139,木曽御嶽山
539203,DEM10B,533764,FG-GML-533764-DEM10B-20161001.zip,2165,2216960,2016/10/01,/kiban/app/api/download/file/539203,木曽御嶽山
717882,DEM1A,533764,FG-GML-533764-DEM1A-20260522.zip,163865,167797760,2026/05/22,/kiban/app/api/download/file/717882,木曽御嶽山
720140,DEM5A,533764,FG-GML-533764-DEM5A-20260522.zip,7784,7970816,2026/05/22,/kiban/app/api/download/file/720140,木曽御嶽山
539204,DEM10B,533765,FG-GML-533765-DEM10B-20161001.zip,2034,2082816,2016/10/01,/kiban/app/api/download/file/539204,木曽駒ヶ岳
717883,DEM1A,533765,FG-GML-533765-DEM1A-20260522.zip,162277,166171648,2026/05/22,/kiban/app/api/download/file/717883,木曽駒ヶ岳
720141,DEM5A,533765,FG-GML-533765-DEM5A-20260522.zip,7689,7873536,2026/05/22,/kiban/app/api/download/file/720141,木曽駒ヶ岳
539205,DEM10B,533766,FG-GML-533766-DEM10B-20161001.zip,2213,2266112,2016/10/01,/kiban/app/api/download/file/539205,木曽駒ヶ岳
717884,DEM1A,533766,FG-GML-533766-DEM1A-20260616.zip,162537,166437888,2026/06/16,/kiban/app/api/download/file/717884,木曽駒ヶ岳
720142,DEM5A,533766,FG-GML-533766-DEM5A-20260616.zip,8384,8585216,2026/06/16,/kiban/app/api/download/file/720142,木曽駒ヶ岳
539206,DEM10B,533767,FG-GML-533767-DEM10B-20161001.zip,1838,1882112,2016/10/01,/kiban/app/api/download/file/539206,木曽駒ヶ岳
717885,DEM1A,533767,FG-GML-533767-DEM1A-20260616.zip,96541,98857984,2026/06/16,/kiban/app/api/download/file/717885,木曽駒ヶ岳
720143,DEM5A,533767,FG-GML-533767-DEM5A-20260616.zip,5529,5661696,2026/06/16,/kiban/app/api/download/file/720143,木曽駒ヶ岳
539210,DEM10B,533773,FG-GML-533773-DEM10B-20161001.zip,2083,2132992,2016/10/01,/kiban/app/api/download/file/539210,木曽御嶽山
717889,DEM1A,533773,FG-GML-533773-DEM1A-20260522.zip,208651,213658624,2026/05/22,/kiban/app/api/download/file/717889,木曽御嶽山
720147,DEM5A,533773,FG-GML-533773-DEM5A-20260522.zip,9199,9419776,2026/05/22,/kiban/app/api/download/file/720147,木曽御嶽山
539211,DEM10B,533774,FG-GML-533774-DEM10B-20161001.zip,2037,2085888,2016/10/01,/kiban/app/api/download/file/539211,木曽御嶽山
717890,DEM1A,533774,FG-GML-533774-DEM1A-20260616.zip,185234,189679616,2026/06/16,/kiban/app/api/download/file/717890,木曽御嶽山
720148,DEM5A,533774,FG-GML-533774-DEM5A-20260616.zip,8535,8739840,2026/06/16,/kiban/app/api/download/file/720148,木曽御嶽山
539215,DEM10B,533800,FG-GML-533800-DEM10B-20161001.zip,2257,2311168,2016/10/01,/kiban/app/api/download/file/539215,赤石岳|聖岳
717894,DEM1A,533800,FG-GML-533800-DEM1A-20260616.zip,180238,184563712,2026/06/16,/kiban/app/api/download/file/717894,赤石岳|聖岳
720152,DEM5A,533800,FG-GML-533800-DEM5A-20260616.zip,8634,8841216,2026/06/16,/kiban/app/api/download/file/720152,赤石岳|聖岳
539216,DEM10B,533801,FG-GML-533801-DEM10B-20161001.zip,2290,2344960,2016/10/01,/kiban/app/api/download/file/539216,荒川岳・悪沢岳|赤石岳|聖岳
685792,DEM1A,533801,FG-GML-533801-DEM1A-20251113.zip,183838,188250112,2025/11/13,/kiban/app/api/download/file/685792,荒川岳・悪沢岳|赤石岳|聖岳
686828,DEM5A,533801,FG-GML-533801-DEM5A-20251113.zip,8355,8555520,2025/11/13,/kiban/app/api/download/file/686828,荒川岳・悪沢岳|赤石岳|聖岳
539217,DEM10B,533802,FG-GML-533802-DEM10B-20161001.zip,2286,2340864,2016/10/01,/kiban/app/api/download/file/539217,赤石岳
717895,DEM1A,533802,FG-GML-533802-DEM1A-20260616.zip,170876,174977024,2026/06/16,/kiban/app/api/download/file/717895,赤石岳
720153,DEM5A,533802,FG-GML-533802-DEM5A-20260616.zip,8372,8572928,2026/06/16,/kiban/app/api/download/file/720153,赤石岳
536967,DEM10A,533804,FG-GML-533804-DEM10A-20161001.zip,1041,1065984,2016/10/01,/kiban/app/api/download/file/536967,富士山
539219,DEM10B,533804,FG-GML-533804-DEM10B-20161001.zip,1994,2041856,2016/10/01,/kiban/app/api/download/file/539219,富士山
717897,DEM1A,533804,FG-GML-533804-DEM1A-20260616.zip,156561,160318464,2026/06/16,/kiban/app/api/download/file/717897,富士山
720155,DEM5A,533804,FG-GML-533804-DEM5A-20260616.zip,8405,8606720,2026/06/16,/kiban/app/api/download/file/720155,富士山
615212,DEM5B,533804,FG-GML-533804-DEM5B-20250609.zip,1056,1081344,2025/06/09,/kiban/app/api/download/file/615212,富士山
536968,DEM10A,533805,FG-GML-533805-DEM10A-20161001.zip,2898,2967552,2016/10/01,/kiban/app/api/download/file/536968,富士山|富士急ハイランド
539220,DEM10B,533805,FG-GML-533805-DEM10B-20161001.zip,2279,2333696,2016/10/01,/kiban/app/api/download/file/539220,富士山|富士急ハイランド
717898,DEM1A,533805,FG-GML-533805-DEM1A-20260616.zip,160654,164509696,2026/06/16,/kiban/app/api/download/file/717898,富士山|富士急ハイランド
720156,DEM5A,533805,FG-GML-533805-DEM5A-20260616.zip,7963,8154112,2026/06/16,/kiban/app/api/download/file/720156,富士山|富士急ハイランド
729974,DEM5B,533805,FG-GML-533805-DEM5B-20161001.zip,237,242688,2016/10/01,/kiban/app/api/download/file/729974,富士山|富士急ハイランド
536969,DEM10A,533806,FG-GML-533806-DEM10A-20161001.zip,2759,2825216,2016/10/01,/kiban/app/api/download/file/536969,富士山|富士急ハイランド
539221,DEM10B,533806,FG-GML-533806-DEM10B-20161001.zip,2163,2214912,2016/10/01,/kiban/app/api/download/file/539221,富士山|富士急ハイランド
717899,DEM1A,533806,FG-GML-533806-DEM1A-20260616.zip,178985,183280640,2026/06/16,/kiban/app/api/download/file/717899,富士山|富士急ハイランド
720157,DEM5A,533806,FG-GML-533806-DEM5A-20260616.zip,8352,8552448,2026/06/16,/kiban/app/api/download/file/720157,富士山|富士急ハイランド
729976,DEM5B,533806,FG-GML-533806-DEM5B-20161001.zip,787,805888,2016/10/01,/kiban/app/api/download/file/729976,富士山|富士急ハイランド
539223,DEM10B,533810,FG-GML-533810-DEM10B-20161001.zip,2281,2335744,2016/10/01,/kiban/app/api/download/file/539223,塩見岳|荒川岳・悪沢岳|赤石岳|聖岳
717900,DEM1A,533810,FG-GML-533810-DEM1A-20260616.zip,182403,186780672,2026/06/16,/kiban/app/api/download/file/717900,塩見岳|荒川岳・悪沢岳|赤石岳|聖岳
720158,DEM5A,533810,FG-GML-533810-DEM5A-20260616.zip,8333,8532992,2026/06/16,/kiban/app/api/download/file/720158,塩見岳|荒川岳・悪沢岳|赤石岳|聖岳
539224,DEM10B,533811,FG-GML-533811-DEM10B-20161001.zip,2336,2392064,2016/10/01,/kiban/app/api/download/file/539224,塩見岳|荒川岳・悪沢岳|赤石岳|聖岳
717901,DEM1A,533811,FG-GML-533811-DEM1A-20260616.zip,183329,187728896,2026/06/16,/kiban/app/api/download/file/717901,塩見岳|荒川岳・悪沢岳|赤石岳|聖岳
720159,DEM5A,533811,FG-GML-533811-DEM5A-20260616.zip,8329,8528896,2026/06/16,/kiban/app/api/download/file/720159,塩見岳|荒川岳・悪沢岳|赤石岳|聖岳
539225,DEM10B,533812,FG-GML-533812-DEM10B-20161001.zip,2301,2356224,2016/10/01,/kiban/app/api/download/file/539225,荒川岳・悪沢岳|赤石岳
717902,DEM1A,533812,FG-GML-533812-DEM1A-20260616.zip,193152,197787648,2026/06/16,/kiban/app/api/download/file/717902,荒川岳・悪沢岳|赤石岳
720160,DEM5A,533812,FG-GML-533812-DEM5A-20260616.zip,8689,8897536,2026/06/16,/kiban/app/api/download/file/720160,荒川岳・悪沢岳|赤石岳
536972,DEM10A,533815,FG-GML-533815-DEM10A-20161001.zip,2211,2264064,2016/10/01,/kiban/app/api/download/file/536972,富士山|富士急ハイランド
539228,DEM10B,533815,FG-GML-533815-DEM10B-20161001.zip,1682,1722368,2016/10/01,/kiban/app/api/download/file/539228,富士山|富士急ハイランド
717904,DEM1A,533815,FG-GML-533815-DEM1A-20260616.zip,126473,129508352,2026/06/16,/kiban/app/api/download/file/717904,富士山|富士急ハイランド
720162,DEM5A,533815,FG-GML-533815-DEM5A-20260616.zip,6649,6808576,2026/06/16,/kiban/app/api/download/file/720162,富士山|富士急ハイランド
729978,DEM5B,533815,FG-GML-533815-DEM5B-20161001.zip,1487,1522688,2016/10/01,/kiban/app/api/download/file/729978,富士山|富士急ハイランド
536973,DEM10A,533816,FG-GML-533816-DEM10A-20161001.zip,1979,2026496,2016/10/01,/kiban/app/api/download/file/536973,富士山|富士急ハイランド
539229,DEM10B,533816,FG-GML-533816-DEM10B-20161001.zip,1653,1692672,2016/10/01,/kiban/app/api/download/file/539229,富士山|富士急ハイランド
717905,DEM1A,533816,FG-GML-533816-DEM1A-20260616.zip,142563,145984512,2026/06/16,/kiban/app/api/download/file/717905,富士山|富士急ハイランド
720163,DEM5A,533816,FG-GML-533816-DEM5A-20260616.zip,7060,7229440,2026/06/16,/kiban/app/api/download/file/720163,富士山|富士急ハイランド
536974,DEM10A,533817,FG-GML-533817-DEM10A-20161001.zip,231,236544,2016/10/01,/kiban/app/api/download/file/536974,富士急ハイランド
539230,DEM10B,533817,FG-GML-533817-DEM10B-20161001.zip,2045,2094080,2016/10/01,/kiban/app/api/download/file/539230,富士急ハイランド
717906,DEM1A,533817,FG-GML-533817-DEM1A-20260616.zip,180920,185262080,2026/06/16,/kiban/app/api/download/file/717906,富士急ハイランド
720164,DEM5A,533817,FG-GML-533817-DEM5A-20260616.zip,9719,9952256,2026/06/16,/kiban/app/api/download/file/720164,富士急ハイランド
539231,DEM10B,533820,FG-GML-533820-DEM10B-20161001.zip,2239,2292736,2016/10/01,/kiban/app/api/download/file/539231,塩見岳|荒川岳・悪沢岳|赤石岳|聖岳
717907,DEM1A,533820,FG-GML-533820-DEM1A-20260616.zip,213620,218746880,2026/06/16,/kiban/app/api/download/file/717907,塩見岳|荒川岳・悪沢岳|赤石岳|聖岳
720165,DEM5A,533820,FG-GML-533820-DEM5A-20260616.zip,9469,9696256,2026/06/16,/kiban/app/api/download/file/720165,塩見岳|荒川岳・悪沢岳|赤石岳|聖岳
539232,DEM10B,533821,FG-GML-533821-DEM10B-20161001.zip,2278,2332672,2016/10/01,/kiban/app/api/download/file/539232,塩見岳|荒川岳・悪沢岳|赤石岳|聖岳|間ノ岳
717908,DEM1A,533821,FG-GML-533821-DEM1A-20260616.zip,182398,186775552,2026/06/16,/kiban/app/api/download/file/717908,塩見岳|荒川岳・悪沢岳|赤石岳|聖岳|間ノ岳
720166,DEM5A,533821,FG-GML-533821-DEM5A-20260616.zip,8277,8475648,2026/06/16,/kiban/app/api/download/file/720166,塩見岳|荒川岳・悪沢岳|赤石岳|聖岳|間ノ岳
539233,DEM10B,533822,FG-GML-533822-DEM10B-20161001.zip,2268,2322432,2016/10/01,/kiban/app/api/download/file/539233,塩見岳|荒川岳・悪沢岳|赤石岳|間ノ岳
717909,DEM1A,533822,FG-GML-533822-DEM1A-20260616.zip,185121,189563904,2026/06/16,/kiban/app/api/download/file/717909,塩見岳|荒川岳・悪沢岳|赤石岳|間ノ岳
720167,DEM5A,533822,FG-GML-533822-DEM5A-20260616.zip,8762,8972288,2026/06/16,/kiban/app/api/download/file/720167,塩見岳|荒川岳・悪沢岳|赤石岳|間ノ岳
536975,DEM10A,533824,FG-GML-533824-DEM10A-20161001.zip,203,207872,2016/10/01,/kiban/app/api/download/file/536975,甲府城跡
539235,DEM10B,533824,FG-GML-533824-DEM10B-20161001.zip,1981,2028544,2016/10/01,/kiban/app/api/download/file/539235,甲府城跡
685810,DEM1A,533824,FG-GML-533824-DEM1A-20251113.zip,222764,228110336,2025/11/13,/kiban/app/api/download/file/685810,甲府城跡
686846,DEM5A,533824,FG-GML-533824-DEM5A-20251113.zip,9716,9949184,2025/11/13,/kiban/app/api/download/file/686846,甲府城跡
615217,DEM5B,533824,FG-GML-533824-DEM5B-20250609.zip,369,377856,2025/06/09,/kiban/app/api/download/file/615217,甲府城跡
536976,DEM10A,533825,FG-GML-533825-DEM10A-20161001.zip,448,458752,2016/10/01,/kiban/app/api/download/file/536976,富士急ハイランド
539236,DEM10B,533825,FG-GML-533825-DEM10B-20161001.zip,2080,2129920,2016/10/01,/kiban/app/api/download/file/539236,富士急ハイランド
685811,DEM1A,533825,FG-GML-533825-DEM1A-20251113.zip,227963,233434112,2025/11/13,/kiban/app/api/download/file/685811,富士急ハイランド
686847,DEM5A,533825,FG-GML-533825-DEM5A-20251113.zip,9747,9980928,2025/11/13,/kiban/app/api/download/file/686847,富士急ハイランド
536977,DEM10A,533826,FG-GML-533826-DEM10A-20161001.zip,357,365568,2016/10/01,/kiban/app/api/download/file/536977,富士急ハイランド
539237,DEM10B,533826,FG-GML-533826-DEM10B-20161001.zip,2063,2112512,2016/10/01,/kiban/app/api/download/file/539237,富士急ハイランド
717910,DEM1A,533826,FG-GML-533826-DEM1A-20260616.zip,181556,185913344,2026/06/16,/kiban/app/api/download/file/717910,富士急ハイランド
720168,DEM5A,533826,FG-GML-533826-DEM5A-20260616.zip,8758,8968192,2026/06/16,/kiban/app/api/download/file/720168,富士急ハイランド
539238,DEM10B,533827,FG-GML-533827-DEM10B-20161001.zip,1993,2040832,2016/10/01,/kiban/app/api/download/file/539238,富士急ハイランド
717911,DEM1A,533827,FG-GML-533827-DEM1A-20260616.zip,183351,187751424,2026/06/16,/kiban/app/api/download/file/717911,富士急ハイランド
720169,DEM5A,533827,FG-GML-533827-DEM5A-20260616.zip,8356,8556544,2026/06/16,/kiban/app/api/download/file/720169,富士急ハイランド
539239,DEM10B,533830,FG-GML-533830-DEM10B-20161001.zip,2241,2294784,2016/10/01,/kiban/app/api/download/file/539239,仙丈ヶ岳|塩見岳|間ノ岳
717912,DEM1A,533830,FG-GML-533830-DEM1A-20260616.zip,207393,212370432,2026/06/16,/kiban/app/api/download/file/717912,仙丈ヶ岳|塩見岳|間ノ岳
720170,DEM5A,533830,FG-GML-533830-DEM5A-20260616.zip,9237,9458688,2026/06/16,/kiban/app/api/download/file/720170,仙丈ヶ岳|塩見岳|間ノ岳
539240,DEM10B,533831,FG-GML-533831-DEM10B-20161001.zip,2342,2398208,2016/10/01,/kiban/app/api/download/file/539240,北岳|仙丈ヶ岳|塩見岳|荒川岳・悪沢岳|間ノ岳|鳳凰山
717913,DEM1A,533831,FG-GML-533831-DEM1A-20260616.zip,183415,187816960,2026/06/16,/kiban/app/api/download/file/717913,北岳|仙丈ヶ岳|塩見岳|荒川岳・悪沢岳|間ノ岳|鳳凰山
720171,DEM5A,533831,FG-GML-533831-DEM5A-20260616.zip,8328,8527872,2026/06/16,/kiban/app/api/download/file/720171,北岳|仙丈ヶ岳|塩見岳|荒川岳・悪沢岳|間ノ岳|鳳凰山
539241,DEM10B,533832,FG-GML-533832-DEM10B-20161001.zip,2277,2331648,2016/10/01,/kiban/app/api/download/file/539241,北岳|仙丈ヶ岳|塩見岳|間ノ岳|鳳凰山
717914,DEM1A,533832,FG-GML-533832-DEM1A-20260616.zip,140887,144268288,2026/06/16,/kiban/app/api/download/file/717914,北岳|仙丈ヶ岳|塩見岳|間ノ岳|鳳凰山
720172,DEM5A,533832,FG-GML-533832-DEM5A-20260616.zip,8925,9139200,2026/06/16,/kiban/app/api/download/file/720172,北岳|仙丈ヶ岳|塩見岳|間ノ岳|鳳凰山
539242,DEM10B,533833,FG-GML-533833-DEM10B-20161001.zip,1810,1853440,2016/10/01,/kiban/app/api/download/file/539242,鳳凰山|甲府城跡
685817,DEM1A,533833,FG-GML-533833-DEM1A-20251113.zip,168878,172931072,2025/11/13,/kiban/app/api/download/file/685817,鳳凰山|甲府城跡
686853,DEM5A,533833,FG-GML-533833-DEM5A-20251113.zip,8577,8782848,2025/11/13,/kiban/app/api/download/file/686853,鳳凰山|甲府城跡
729979,DEM5B,533833,FG-GML-533833-DEM5B-20100115.zip,8041,8233984,2010/01/15,/kiban/app/api/download/file/729979,鳳凰山|甲府城跡
539243,DEM10B,533834,FG-GML-533834-DEM10B-20161001.zip,627,642048,2016/10/01,/kiban/app/api/download/file/539243,甲府城跡
685818,DEM1A,533834,FG-GML-533834-DEM1A-20251113.zip,126676,129716224,2025/11/13,/kiban/app/api/download/file/685818,甲府城跡
686854,DEM5A,533834,FG-GML-533834-DEM5A-20251113.zip,6289,6439936,2025/11/13,/kiban/app/api/download/file/686854,甲府城跡
729980,DEM5B,533834,FG-GML-533834-DEM5B-20100115.zip,4738,4851712,2010/01/15,/kiban/app/api/download/file/729980,甲府城跡
539244,DEM10B,533835,FG-GML-533835-DEM10B-20161001.zip,1812,1855488,2016/10/01,/kiban/app/api/download/file/539244,甲府城跡
717915,DEM1A,533835,FG-GML-533835-DEM1A-20260616.zip,184611,189041664,2026/06/16,/kiban/app/api/download/file/717915,甲府城跡
720173,DEM5A,533835,FG-GML-533835-DEM5A-20260616.zip,8404,8605696,2026/06/16,/kiban/app/api/download/file/720173,甲府城跡
615218,DEM5B,533835,FG-GML-533835-DEM5B-20250609.zip,177,181248,2025/06/09,/kiban/app/api/download/file/615218,甲府城跡
539247,DEM10B,533840,FG-GML-533840-DEM10B-20161001.zip,2165,2216960,2016/10/01,/kiban/app/api/download/file/539247,仙丈ヶ岳|間ノ岳
717918,DEM1A,533840,FG-GML-533840-DEM1A-20260616.zip,177641,181904384,2026/06/16,/kiban/app/api/download/file/717918,仙丈ヶ岳|間ノ岳
720176,DEM5A,533840,FG-GML-533840-DEM5A-20260616.zip,8191,8387584,2026/06/16,/kiban/app/api/download/file/720176,仙丈ヶ岳|間ノ岳
539248,DEM10B,533841,FG-GML-533841-DEM10B-20161001.zip,2304,2359296,2016/10/01,/kiban/app/api/download/file/539248,北岳|仙丈ヶ岳|甲斐駒ヶ岳|間ノ岳|鳳凰山
717919,DEM1A,533841,FG-GML-533841-DEM1A-20260616.zip,180512,184844288,2026/06/16,/kiban/app/api/download/file/717919,北岳|仙丈ヶ岳|甲斐駒ヶ岳|間ノ岳|鳳凰山
720177,DEM5A,533841,FG-GML-533841-DEM5A-20260616.zip,8249,8446976,2026/06/16,/kiban/app/api/download/file/720177,北岳|仙丈ヶ岳|甲斐駒ヶ岳|間ノ岳|鳳凰山
539249,DEM10B,533842,FG-GML-533842-DEM10B-20161001.zip,2296,2351104,2016/10/01,/kiban/app/api/download/file/539249,北岳|仙丈ヶ岳|甲斐駒ヶ岳|間ノ岳|鳳凰山
717920,DEM1A,533842,FG-GML-533842-DEM1A-20260616.zip,178346,182626304,2026/06/16,/kiban/app/api/download/file/717920,北岳|仙丈ヶ岳|甲斐駒ヶ岳|間ノ岳|鳳凰山
720178,DEM5A,533842,FG-GML-533842-DEM5A-20260616.zip,8229,8426496,2026/06/16,/kiban/app/api/download/file/720178,北岳|仙丈ヶ岳|甲斐駒ヶ岳|間ノ岳|鳳凰山
539250,DEM10B,533843,FG-GML-533843-DEM10B-20161001.zip,1854,1898496,2016/10/01,/kiban/app/api/download/file/539250,鳳凰山|甲府城跡
717921,DEM1A,533843,FG-GML-533843-DEM1A-20260616.zip,147108,150638592,2026/06/16,/kiban/app/api/download/file/717921,鳳凰山|甲府城跡
720179,DEM5A,533843,FG-GML-533843-DEM5A-20260616.zip,7319,7494656,2026/06/16,/kiban/app/api/download/file/720179,鳳凰山|甲府城跡
729983,DEM5B,533843,FG-GML-533843-DEM5B-20161001.zip,519,531456,2016/10/01,/kiban/app/api/download/file/729983,鳳凰山|甲府城跡
539251,DEM10B,533844,FG-GML-533844-DEM10B-20161001.zip,1920,1966080,2016/10/01,/kiban/app/api/download/file/539251,甲府城跡
685826,DEM1A,533844,FG-GML-533844-DEM1A-20251113.zip,117203,120015872,2025/11/13,/kiban/app/api/download/file/685826,甲府城跡
686862,DEM5A,533844,FG-GML-533844-DEM5A-20251113.zip,7725,7910400,2025/11/13,/kiban/app/api/download/file/686862,甲府城跡
729984,DEM5B,533844,FG-GML-533844-DEM5B-20100115.zip,8741,8950784,2010/01/15,/kiban/app/api/download/file/729984,甲府城跡
539252,DEM10B,533845,FG-GML-533845-DEM10B-20161001.zip,1745,1786880,2016/10/01,/kiban/app/api/download/file/539252,甲府城跡
717922,DEM1A,533845,FG-GML-533845-DEM1A-20260616.zip,130198,133322752,2026/06/16,/kiban/app/api/download/file/717922,甲府城跡
720180,DEM5A,533845,FG-GML-533845-DEM5A-20260616.zip,7099,7269376,2026/06/16,/kiban/app/api/download/file/720180,甲府城跡
729985,DEM5B,533845,FG-GML-533845-DEM5B-20100115.zip,7988,8179712,2010/01/15,/kiban/app/api/download/file/729985,甲府城跡
539255,DEM10B,533850,FG-GML-533850-DEM10B-20161001.zip,2047,2096128,2016/10/01,/kiban/app/api/download/file/539255,仙丈ヶ岳
685830,DEM1A,533850,FG-GML-533850-DEM1A-20251113.zip,151122,154748928,2025/11/13,/kiban/app/api/download/file/685830,仙丈ヶ岳
686866,DEM5A,533850,FG-GML-533850-DEM5A-20251113.zip,7323,7498752,2025/11/13,/kiban/app/api/download/file/686866,仙丈ヶ岳
539256,DEM10B,533851,FG-GML-533851-DEM10B-20161001.zip,2269,2323456,2016/10/01,/kiban/app/api/download/file/539256,北岳|仙丈ヶ岳|甲斐駒ヶ岳|鳳凰山
717925,DEM1A,533851,FG-GML-533851-DEM1A-20260616.zip,178181,182457344,2026/06/16,/kiban/app/api/download/file/717925,北岳|仙丈ヶ岳|甲斐駒ヶ岳|鳳凰山
720183,DEM5A,533851,FG-GML-533851-DEM5A-20260616.zip,8210,8407040,2026/06/16,/kiban/app/api/download/file/720183,北岳|仙丈ヶ岳|甲斐駒ヶ岳|鳳凰山
539257,DEM10B,533852,FG-GML-533852-DEM10B-20161001.zip,2073,2122752,2016/10/01,/kiban/app/api/download/file/539257,北岳|仙丈ヶ岳|甲斐駒ヶ岳|鳳凰山
717926,DEM1A,533852,FG-GML-533852-DEM1A-20260616.zip,146001,149505024,2026/06/16,/kiban/app/api/download/file/717926,北岳|仙丈ヶ岳|甲斐駒ヶ岳|鳳凰山
720184,DEM5A,533852,FG-GML-533852-DEM5A-20260616.zip,7232,7405568,2026/06/16,/kiban/app/api/download/file/720184,北岳|仙丈ヶ岳|甲斐駒ヶ岳|鳳凰山
539258,DEM10B,533853,FG-GML-533853-DEM10B-20161001.zip,1870,1914880,2016/10/01,/kiban/app/api/download/file/539258,鳳凰山
717927,DEM1A,533853,FG-GML-533853-DEM1A-20260616.zip,140191,143555584,2026/06/16,/kiban/app/api/download/file/717927,鳳凰山
720185,DEM5A,533853,FG-GML-533853-DEM5A-20260616.zip,7157,7328768,2026/06/16,/kiban/app/api/download/file/720185,鳳凰山
729986,DEM5B,533853,FG-GML-533853-DEM5B-20100115.zip,8299,8498176,2010/01/15,/kiban/app/api/download/file/729986,鳳凰山
539259,DEM10B,533854,FG-GML-533854-DEM10B-20161001.zip,2095,2145280,2016/10/01,/kiban/app/api/download/file/539259,金峰山（山梨）|瑞牆山|甲府城跡
685834,DEM1A,533854,FG-GML-533854-DEM1A-20251113.zip,95351,97639424,2025/11/13,/kiban/app/api/download/file/685834,金峰山（山梨）|瑞牆山|甲府城跡
686870,DEM5A,533854,FG-GML-533854-DEM5A-20251113.zip,9155,9374720,2025/11/13,/kiban/app/api/download/file/686870,金峰山（山梨）|瑞牆山|甲府城跡
539260,DEM10B,533855,FG-GML-533855-DEM10B-20161001.zip,2172,2224128,2016/10/01,/kiban/app/api/download/file/539260,甲武信ヶ岳|金峰山（山梨）|瑞牆山
685835,DEM1A,533855,FG-GML-533855-DEM1A-20251113.zip,136881,140166144,2025/11/13,/kiban/app/api/download/file/685835,甲武信ヶ岳|金峰山（山梨）|瑞牆山
686871,DEM5A,533855,FG-GML-533855-DEM5A-20251113.zip,8177,8373248,2025/11/13,/kiban/app/api/download/file/686871,甲武信ヶ岳|金峰山（山梨）|瑞牆山
539261,DEM10B,533856,FG-GML-533856-DEM10B-20161001.zip,2154,2205696,2016/10/01,/kiban/app/api/download/file/539261,雲取山|甲武信ヶ岳
717928,DEM1A,533856,FG-GML-533856-DEM1A-20260616.zip,169548,173617152,2026/06/16,/kiban/app/api/download/file/717928,雲取山|甲武信ヶ岳
720186,DEM5A,533856,FG-GML-533856-DEM5A-20260616.zip,8363,8563712,2026/06/16,/kiban/app/api/download/file/720186,雲取山|甲武信ヶ岳
539262,DEM10B,533857,FG-GML-533857-DEM10B-20161001.zip,2149,2200576,2016/10/01,/kiban/app/api/download/file/539262,雲取山
685837,DEM1A,533857,FG-GML-533857-DEM1A-20251113.zip,199993,204792832,2025/11/13,/kiban/app/api/download/file/685837,雲取山
686873,DEM5A,533857,FG-GML-533857-DEM5A-20251113.zip,7951,8141824,2025/11/13,/kiban/app/api/download/file/686873,雲取山
539264,DEM10B,533861,FG-GML-533861-DEM10B-20161001.zip,2177,2229248,2016/10/01,/kiban/app/api/download/file/539264,甲斐駒ヶ岳
717929,DEM1A,533861,FG-GML-533861-DEM1A-20260616.zip,157666,161449984,2026/06/16,/kiban/app/api/download/file/717929,甲斐駒ヶ岳
720187,DEM5A,533861,FG-GML-533861-DEM5A-20260616.zip,7621,7803904,2026/06/16,/kiban/app/api/download/file/720187,甲斐駒ヶ岳
539265,DEM10B,533862,FG-GML-533862-DEM10B-20161001.zip,1859,1903616,2016/10/01,/kiban/app/api/download/file/539265,赤岳（八ヶ岳）|甲斐駒ヶ岳
717930,DEM1A,533862,FG-GML-533862-DEM1A-20260616.zip,155114,158836736,2026/06/16,/kiban/app/api/download/file/717930,赤岳（八ヶ岳）|甲斐駒ヶ岳
720188,DEM5A,533862,FG-GML-533862-DEM5A-20260616.zip,7529,7709696,2026/06/16,/kiban/app/api/download/file/720188,赤岳（八ヶ岳）|甲斐駒ヶ岳
539266,DEM10B,533863,FG-GML-533863-DEM10B-20161001.zip,1863,1907712,2016/10/01,/kiban/app/api/download/file/539266,赤岳（八ヶ岳）|瑞牆山
717931,DEM1A,533863,FG-GML-533863-DEM1A-20260616.zip,188965,193500160,2026/06/16,/kiban/app/api/download/file/717931,赤岳（八ヶ岳）|瑞牆山
720189,DEM5A,533863,FG-GML-533863-DEM5A-20260616.zip,8595,8801280,2026/06/16,/kiban/app/api/download/file/720189,赤岳（八ヶ岳）|瑞牆山
539267,DEM10B,533864,FG-GML-533864-DEM10B-20161001.zip,2182,2234368,2016/10/01,/kiban/app/api/download/file/539267,甲武信ヶ岳|金峰山（山梨）|瑞牆山
717932,DEM1A,533864,FG-GML-533864-DEM1A-20260616.zip,155393,159122432,2026/06/16,/kiban/app/api/download/file/717932,甲武信ヶ岳|金峰山（山梨）|瑞牆山
720190,DEM5A,533864,FG-GML-533864-DEM5A-20260616.zip,9846,10082304,2026/06/16,/kiban/app/api/download/file/720190,甲武信ヶ岳|金峰山（山梨）|瑞牆山
539268,DEM10B,533865,FG-GML-533865-DEM10B-20161001.zip,2212,2265088,2016/10/01,/kiban/app/api/download/file/539268,甲武信ヶ岳|金峰山（山梨）|瑞牆山
717933,DEM1A,533865,FG-GML-533865-DEM1A-20260616.zip,163939,167873536,2026/06/16,/kiban/app/api/download/file/717933,甲武信ヶ岳|金峰山（山梨）|瑞牆山
720191,DEM5A,533865,FG-GML-533865-DEM5A-20260616.zip,8356,8556544,2026/06/16,/kiban/app/api/download/file/720191,甲武信ヶ岳|金峰山（山梨）|瑞牆山
539269,DEM10B,533866,FG-GML-533866-DEM10B-20161001.zip,2172,2224128,2016/10/01,/kiban/app/api/download/file/539269,雲取山|甲武信ヶ岳
685844,DEM1A,533866,FG-GML-533866-DEM1A-20251113.zip,197246,201979904,2025/11/13,/kiban/app/api/download/file/685844,雲取山|甲武信ヶ岳
686880,DEM5A,533866,FG-GML-533866-DEM5A-20251113.zip,7911,8100864,2025/11/13,/kiban/app/api/download/file/686880,雲取山|甲武信ヶ岳
539270,DEM10B,533867,FG-GML-533867-DEM10B-20161001.zip,2198,2250752,2016/10/01,/kiban/app/api/download/file/539270,雲取山
685845,DEM1A,533867,FG-GML-533867-DEM1A-20251113.zip,219387,224652288,2025/11/13,/kiban/app/api/download/file/685845,雲取山
686881,DEM5A,533867,FG-GML-533867-DEM5A-20251113.zip,8111,8305664,2025/11/13,/kiban/app/api/download/file/686881,雲取山
539273,DEM10B,533872,FG-GML-533872-DEM10B-20161001.zip,2189,2241536,2016/10/01,/kiban/app/api/download/file/539273,赤岳（八ヶ岳）
717934,DEM1A,533872,FG-GML-533872-DEM1A-20260616.zip,149136,152715264,2026/06/16,/kiban/app/api/download/file/717934,赤岳（八ヶ岳）
720192,DEM5A,533872,FG-GML-533872-DEM5A-20260616.zip,7854,8042496,2026/06/16,/kiban/app/api/download/file/720192,赤岳（八ヶ岳）
539274,DEM10B,533873,FG-GML-533873-DEM10B-20161001.zip,2045,2094080,2016/10/01,/kiban/app/api/download/file/539274,赤岳（八ヶ岳）|瑞牆山
717935,DEM1A,533873,FG-GML-533873-DEM1A-20260616.zip,156067,159812608,2026/06/16,/kiban/app/api/download/file/717935,赤岳（八ヶ岳）|瑞牆山
720193,DEM5A,533873,FG-GML-533873-DEM5A-20260616.zip,7692,7876608,2026/06/16,/kiban/app/api/download/file/720193,赤岳（八ヶ岳）|瑞牆山
539275,DEM10B,533874,FG-GML-533874-DEM10B-20161001.zip,1980,2027520,2016/10/01,/kiban/app/api/download/file/539275,甲武信ヶ岳|金峰山（山梨）|瑞牆山
717936,DEM1A,533874,FG-GML-533874-DEM1A-20260616.zip,143257,146695168,2026/06/16,/kiban/app/api/download/file/717936,甲武信ヶ岳|金峰山（山梨）|瑞牆山
720194,DEM5A,533874,FG-GML-533874-DEM5A-20260616.zip,7173,7345152,2026/06/16,/kiban/app/api/download/file/720194,甲武信ヶ岳|金峰山（山梨）|瑞牆山
539276,DEM10B,533875,FG-GML-533875-DEM10B-20161001.zip,2108,2158592,2016/10/01,/kiban/app/api/download/file/539276,両神山|甲武信ヶ岳|金峰山（山梨）|瑞牆山
717937,DEM1A,533875,FG-GML-533875-DEM1A-20260616.zip,180805,185144320,2026/06/16,/kiban/app/api/download/file/717937,両神山|甲武信ヶ岳|金峰山（山梨）|瑞牆山
720195,DEM5A,533875,FG-GML-533875-DEM5A-20260616.zip,7878,8067072,2026/06/16,/kiban/app/api/download/file/720195,両神山|甲武信ヶ岳|金峰山（山梨）|瑞牆山
539277,DEM10B,533876,FG-GML-533876-DEM10B-20161001.zip,2194,2246656,2016/10/01,/kiban/app/api/download/file/539277,両神山|雲取山|甲武信ヶ岳
613129,DEM1A,533876,FG-GML-533876-DEM1A-20250604.zip,244280,250142720,2025/06/04,/kiban/app/api/download/file/613129,両神山|雲取山|甲武信ヶ岳
618384,DEM5A,533876,FG-GML-533876-DEM5A-20250620.zip,7902,8091648,2025/06/20,/kiban/app/api/download/file/618384,両神山|雲取山|甲武信ヶ岳
539278,DEM10B,533877,FG-GML-533877-DEM10B-20161001.zip,2129,2180096,2016/10/01,/kiban/app/api/download/file/539278,両神山|雲取山
613130,DEM1A,533877,FG-GML-533877-DEM1A-20250604.zip,237363,243059712,2025/06/04,/kiban/app/api/download/file/613130,両神山|雲取山
618385,DEM5A,533877,FG-GML-533877-DEM5A-20250620.zip,7666,7849984,2025/06/20,/kiban/app/api/download/file/618385,両神山|雲取山
539279,DEM10B,533900,FG-GML-533900-DEM10B-20161001.zip,1926,1972224,2016/10/01,/kiban/app/api/download/file/539279,丹沢山|小田原城
613131,DEM1A,533900,FG-GML-533900-DEM1A-20250604.zip,162115,166005760,2025/06/04,/kiban/app/api/download/file/613131,丹沢山|小田原城
618386,DEM5A,533900,FG-GML-533900-DEM5A-20250620.zip,6980,7147520,2025/06/20,/kiban/app/api/download/file/618386,丹沢山|小田原城
729988,DEM5B,533900,FG-GML-533900-DEM5B-20161001.zip,2625,2688000,2016/10/01,/kiban/app/api/download/file/729988,丹沢山|小田原城
539280,DEM10B,533901,FG-GML-533901-DEM10B-20161001.zip,1757,1799168,2016/10/01,/kiban/app/api/download/file/539280,丹沢山|小田原城
613132,DEM1A,533901,FG-GML-533901-DEM1A-20250604.zip,127182,130234368,2025/06/04,/kiban/app/api/download/file/613132,丹沢山|小田原城
618387,DEM5A,533901,FG-GML-533901-DEM5A-20250620.zip,6049,6194176,2025/06/20,/kiban/app/api/download/file/618387,丹沢山|小田原城
615219,DEM5B,533901,FG-GML-533901-DEM5B-20250609.zip,93,95232,2025/06/09,/kiban/app/api/download/file/615219,丹沢山|小田原城
539283,DEM10B,533904,FG-GML-533904-DEM10B-20161001.zip,1414,1447936,2016/10/01,/kiban/app/api/download/file/539283,横浜コスモワールド|横浜ランドマークタワー|横浜マリンタワー|コスモクロック21
613135,DEM1A,533904,FG-GML-533904-DEM1A-20250604.zip,167427,171445248,2025/06/04,/kiban/app/api/download/file/613135,横浜コスモワールド|横浜ランドマークタワー|横浜マリンタワー|コスモクロック21
618390,DEM5A,533904,FG-GML-533904-DEM5A-20250620.zip,4990,5109760,2025/06/20,/kiban/app/api/download/file/618390,横浜コスモワールド|横浜ランドマークタワー|横浜マリンタワー|コスモクロック21
729994,DEM5B,533904,FG-GML-533904-DEM5B-20100115.zip,1023,1047552,2010/01/15,/kiban/app/api/download/file/729994,横浜コスモワールド|横浜ランドマークタワー|横浜マリンタワー|コスモクロック21
539284,DEM10B,533905,FG-GML-533905-DEM10B-20161001.zip,215,220160,2016/10/01,/kiban/app/api/download/file/539284,横浜コスモワールド|横浜ランドマークタワー|横浜マリンタワー|コスモクロック21
613136,DEM1A,533905,FG-GML-533905-DEM1A-20250604.zip,23273,23831552,2025/06/04,/kiban/app/api/download/file/613136,横浜コスモワールド|横浜ランドマークタワー|横浜マリンタワー|コスモクロック21
618391,DEM5A,533905,FG-GML-533905-DEM5A-20250620.zip,777,795648,2025/06/20,/kiban/app/api/download/file/618391,横浜コスモワールド|横浜ランドマークタワー|横浜マリンタワー|コスモクロック21
729995,DEM5B,533905,FG-GML-533905-DEM5B-20100115.zip,21,21504,2010/01/15,/kiban/app/api/download/file/729995,横浜コスモワールド|横浜ランドマークタワー|横浜マリンタワー|コスモクロック21
539285,DEM10B,533906,FG-GML-533906-DEM10B-20161001.zip,95,97280,2016/10/01,/kiban/app/api/download/file/539285,横浜マリンタワー
685852,DEM1A,533906,FG-GML-533906-DEM1A-20251208.zip,6300,6451200,2025/12/08,/kiban/app/api/download/file/685852,横浜マリンタワー
686888,DEM5A,533906,FG-GML-533906-DEM5A-20251208.zip,421,431104,2025/12/08,/kiban/app/api/download/file/686888,横浜マリンタワー
615221,DEM5B,533906,FG-GML-533906-DEM5B-20250609.zip,480,491520,2025/06/09,/kiban/app/api/download/file/615221,横浜マリンタワー
539287,DEM10B,533910,FG-GML-533910-DEM10B-20161001.zip,2139,2190336,2016/10/01,/kiban/app/api/download/file/539287,丹沢山
717938,DEM1A,533910,FG-GML-533910-DEM1A-20260616.zip,208070,213063680,2026/06/16,/kiban/app/api/download/file/717938,丹沢山
720196,DEM5A,533910,FG-GML-533910-DEM5A-20260616.zip,8445,8647680,2026/06/16,/kiban/app/api/download/file/720196,丹沢山
539288,DEM10B,533911,FG-GML-533911-DEM10B-20161001.zip,2179,2231296,2016/10/01,/kiban/app/api/download/file/539288,丹沢山
717939,DEM1A,533911,FG-GML-533911-DEM1A-20260616.zip,152521,156181504,2026/06/16,/kiban/app/api/download/file/717939,丹沢山
720197,DEM5A,533911,FG-GML-533911-DEM5A-20260616.zip,8376,8577024,2026/06/16,/kiban/app/api/download/file/720197,丹沢山
539289,DEM10B,533912,FG-GML-533912-DEM10B-20161001.zip,1598,1636352,2016/10/01,/kiban/app/api/download/file/539289,丹沢山
613139,DEM1A,533912,FG-GML-533912-DEM1A-20250604.zip,113510,116234240,2025/06/04,/kiban/app/api/download/file/613139,丹沢山
618396,DEM5A,533912,FG-GML-533912-DEM5A-20250620.zip,5506,5638144,2025/06/20,/kiban/app/api/download/file/618396,丹沢山
546798,DEM5B,533912,FG-GML-533912-DEM5B-20210115.zip,533,545792,2021/01/15,/kiban/app/api/download/file/546798,丹沢山
539291,DEM10B,533914,FG-GML-533914-DEM10B-20161001.zip,1359,1391616,2016/10/01,/kiban/app/api/download/file/539291,横浜コスモワールド|横浜ランドマークタワー|横浜マリンタワー|コスモクロック21
613141,DEM1A,533914,FG-GML-533914-DEM1A-20250604.zip,92647,94870528,2025/06/04,/kiban/app/api/download/file/613141,横浜コスモワールド|横浜ランドマークタワー|横浜マリンタワー|コスモクロック21
618398,DEM5A,533914,FG-GML-533914-DEM5A-20250620.zip,4986,5105664,2025/06/20,/kiban/app/api/download/file/618398,横浜コスモワールド|横浜ランドマークタワー|横浜マリンタワー|コスモクロック21
539292,DEM10B,533915,FG-GML-533915-DEM10B-20161001.zip,403,412672,2016/10/01,/kiban/app/api/download/file/539292,横浜コスモワールド|横浜ランドマークタワー|横浜マリンタワー|コスモクロック21
613142,DEM1A,533915,FG-GML-533915-DEM1A-20250604.zip,10757,11015168,2025/06/04,/kiban/app/api/download/file/613142,横浜コスモワールド|横浜ランドマークタワー|横浜マリンタワー|コスモクロック21
618399,DEM5A,533915,FG-GML-533915-DEM5A-20250620.zip,2583,2644992,2025/06/20,/kiban/app/api/download/file/618399,横浜コスモワールド|横浜ランドマークタワー|横浜マリンタワー|コスモクロック21
615224,DEM5B,533915,FG-GML-533915-DEM5B-20250609.zip,3,3072,2025/06/09,/kiban/app/api/download/file/615224,横浜コスモワールド|横浜ランドマークタワー|横浜マリンタワー|コスモクロック21
539293,DEM10B,533916,FG-GML-533916-DEM10B-20161001.zip,51,52224,2016/10/01,/kiban/app/api/download/file/539293,横浜マリンタワー
618400,DEM5A,533916,FG-GML-533916-DEM5A-20250620.zip,92,94208,2025/06/20,/kiban/app/api/download/file/618400,横浜マリンタワー
615225,DEM5B,533916,FG-GML-533916-DEM5B-20250609.zip,19,19456,2025/06/09,/kiban/app/api/download/file/615225,横浜マリンタワー
539295,DEM10B,533920,FG-GML-533920-DEM10B-20161001.zip,2118,2168832,2016/10/01,/kiban/app/api/download/file/539295,丹沢山
717940,DEM1A,533920,FG-GML-533920-DEM1A-20260616.zip,220363,225651712,2026/06/16,/kiban/app/api/download/file/717940,丹沢山
720198,DEM5A,533920,FG-GML-533920-DEM5A-20260616.zip,9553,9782272,2026/06/16,/kiban/app/api/download/file/720198,丹沢山
539296,DEM10B,533921,FG-GML-533921-DEM10B-20161001.zip,2001,2049024,2016/10/01,/kiban/app/api/download/file/539296,丹沢山|八王子城跡
717941,DEM1A,533921,FG-GML-533921-DEM1A-20260616.zip,155454,159184896,2026/06/16,/kiban/app/api/download/file/717941,丹沢山|八王子城跡
720199,DEM5A,533921,FG-GML-533921-DEM5A-20260616.zip,7273,7447552,2026/06/16,/kiban/app/api/download/file/720199,丹沢山|八王子城跡
539297,DEM10B,533922,FG-GML-533922-DEM10B-20161001.zip,1492,1527808,2016/10/01,/kiban/app/api/download/file/539297,丹沢山|八王子城跡|サンリオピューロランド
717942,DEM1A,533922,FG-GML-533922-DEM1A-20260616.zip,131993,135160832,2026/06/16,/kiban/app/api/download/file/717942,丹沢山|八王子城跡|サンリオピューロランド
720200,DEM5A,533922,FG-GML-533922-DEM5A-20260616.zip,5411,5540864,2026/06/16,/kiban/app/api/download/file/720200,丹沢山|八王子城跡|サンリオピューロランド
539298,DEM10B,533923,FG-GML-533923-DEM10B-20161001.zip,1062,1087488,2016/10/01,/kiban/app/api/download/file/539298,サンリオピューロランド|よみうりランド
613146,DEM1A,533923,FG-GML-533923-DEM1A-20250604.zip,57117,58487808,2025/06/04,/kiban/app/api/download/file/613146,サンリオピューロランド|よみうりランド
618405,DEM5A,533923,FG-GML-533923-DEM5A-20250620.zip,4346,4450304,2025/06/20,/kiban/app/api/download/file/618405,サンリオピューロランド|よみうりランド
539299,DEM10B,533924,FG-GML-533924-DEM10B-20161001.zip,1277,1307648,2016/10/01,/kiban/app/api/download/file/539299,横浜コスモワールド|サンリオピューロランド|よみうりランド|横浜ランドマークタワー|横浜マリンタワー|コスモクロック21
613147,DEM1A,533924,FG-GML-533924-DEM1A-20250604.zip,77522,79382528,2025/06/04,/kiban/app/api/download/file/613147,横浜コスモワールド|サンリオピューロランド|よみうりランド|横浜ランドマークタワー|横浜マリンタワー|コスモクロック21
618406,DEM5A,533924,FG-GML-533924-DEM5A-20250620.zip,4727,4840448,2025/06/20,/kiban/app/api/download/file/618406,横浜コスモワールド|サンリオピューロランド|よみうりランド|横浜ランドマークタワー|横浜マリンタワー|コスモクロック21
539300,DEM10B,533925,FG-GML-533925-DEM10B-20161001.zip,525,537600,2016/10/01,/kiban/app/api/download/file/539300,横浜コスモワールド|横浜ランドマークタワー|東京ミッドタウン・タワー|六本木ヒルズ森タワー|泉ガーデンタワー|汐留シティセンター|愛宕グリーンヒルズ MORIタワー|セルリアンタワー|渋谷ヒカリエ|麻布台ヒルズ森JPタワー|虎ノ門ヒルズ ステーションタワー|渋谷スクランブルスクエア|電通本社ビル|恵比寿ガーデンプレイスタワー|住友不動産六本木グランドタワー|東京タワー|横浜マリンタワー|コスモクロック21
663987,DEM1A,533925,FG-GML-533925-DEM1A-20250822.zip,33408,34209792,2025/08/22,/kiban/app/api/download/file/663987,横浜コスモワールド|横浜ランドマークタワー|東京ミッドタウン・タワー|六本木ヒルズ森タワー|泉ガーデンタワー|汐留シティセンター|愛宕グリーンヒルズ MORIタワー|セルリアンタワー|渋谷ヒカリエ|麻布台ヒルズ森JPタワー|虎ノ門ヒルズ ステーションタワー|渋谷スクランブルスクエア|電通本社ビル|恵比寿ガーデンプレイスタワー|住友不動産六本木グランドタワー|東京タワー|横浜マリンタワー|コスモクロック21
662507,DEM5A,533925,FG-GML-533925-DEM5A-20250822.zip,3882,3975168,2025/08/22,/kiban/app/api/download/file/662507,横浜コスモワールド|横浜ランドマークタワー|東京ミッドタウン・タワー|六本木ヒルズ森タワー|泉ガーデンタワー|汐留シティセンター|愛宕グリーンヒルズ MORIタワー|セルリアンタワー|渋谷ヒカリエ|麻布台ヒルズ森JPタワー|虎ノ門ヒルズ ステーションタワー|渋谷スクランブルスクエア|電通本社ビル|恵比寿ガーデンプレイスタワー|住友不動産六本木グランドタワー|東京タワー|横浜マリンタワー|コスモクロック21
539301,DEM10B,533926,FG-GML-533926-DEM10B-20161001.zip,161,164864,2016/10/01,/kiban/app/api/download/file/539301,東京ディズニーランド|東京ディズニーシー|東京ミッドタウン・タワー|六本木ヒルズ森タワー|泉ガーデンタワー|汐留シティセンター|愛宕グリーンヒルズ MORIタワー|セルリアンタワー|渋谷ヒカリエ|麻布台ヒルズ森JPタワー|虎ノ門ヒルズ ステーションタワー|渋谷スクランブルスクエア|電通本社ビル|恵比寿ガーデンプレイスタワー|住友不動産六本木グランドタワー|東京タワー|ダイヤと花の大観覧車
663988,DEM1A,533926,FG-GML-533926-DEM1A-20250822.zip,6883,7048192,2025/08/22,/kiban/app/api/download/file/663988,東京ディズニーランド|東京ディズニーシー|東京ミッドタウン・タワー|六本木ヒルズ森タワー|泉ガーデンタワー|汐留シティセンター|愛宕グリーンヒルズ MORIタワー|セルリアンタワー|渋谷ヒカリエ|麻布台ヒルズ森JPタワー|虎ノ門ヒルズ ステーションタワー|渋谷スクランブルスクエア|電通本社ビル|恵比寿ガーデンプレイスタワー|住友不動産六本木グランドタワー|東京タワー|ダイヤと花の大観覧車
662508,DEM5A,533926,FG-GML-533926-DEM5A-20250822.zip,1016,1040384,2025/08/22,/kiban/app/api/download/file/662508,東京ディズニーランド|東京ディズニーシー|東京ミッドタウン・タワー|六本木ヒルズ森タワー|泉ガーデンタワー|汐留シティセンター|愛宕グリーンヒルズ MORIタワー|セルリアンタワー|渋谷ヒカリエ|麻布台ヒルズ森JPタワー|虎ノ門ヒルズ ステーションタワー|渋谷スクランブルスクエア|電通本社ビル|恵比寿ガーデンプレイスタワー|住友不動産六本木グランドタワー|東京タワー|ダイヤと花の大観覧車
615227,DEM5B,533926,FG-GML-533926-DEM5B-20250609.zip,14,14336,2025/06/09,/kiban/app/api/download/file/615227,東京ディズニーランド|東京ディズニーシー|東京ミッドタウン・タワー|六本木ヒルズ森タワー|泉ガーデンタワー|汐留シティセンター|愛宕グリーンヒルズ MORIタワー|セルリアンタワー|渋谷ヒカリエ|麻布台ヒルズ森JPタワー|虎ノ門ヒルズ ステーションタワー|渋谷スクランブルスクエア|電通本社ビル|恵比寿ガーデンプレイスタワー|住友不動産六本木グランドタワー|東京タワー|ダイヤと花の大観覧車
539303,DEM10B,533931,FG-GML-533931-DEM10B-20161001.zip,1925,1971200,2016/10/01,/kiban/app/api/download/file/539303,八王子城跡
717944,DEM1A,533931,FG-GML-533931-DEM1A-20260616.zip,150760,154378240,2026/06/16,/kiban/app/api/download/file/717944,八王子城跡
720202,DEM5A,533931,FG-GML-533931-DEM5A-20260616.zip,7147,7318528,2026/06/16,/kiban/app/api/download/file/720202,八王子城跡
539304,DEM10B,533932,FG-GML-533932-DEM10B-20161001.zip,1451,1485824,2016/10/01,/kiban/app/api/download/file/539304,八王子城跡|サンリオピューロランド
717945,DEM1A,533932,FG-GML-533932-DEM1A-20260616.zip,89142,91281408,2026/06/16,/kiban/app/api/download/file/717945,八王子城跡|サンリオピューロランド
720203,DEM5A,533932,FG-GML-533932-DEM5A-20260616.zip,5316,5443584,2026/06/16,/kiban/app/api/download/file/720203,八王子城跡|サンリオピューロランド
539305,DEM10B,533933,FG-GML-533933-DEM10B-20161001.zip,1400,1433600,2016/10/01,/kiban/app/api/download/file/539305,サンリオピューロランド|よみうりランド
613152,DEM1A,533933,FG-GML-533933-DEM1A-20250604.zip,78109,79983616,2025/06/04,/kiban/app/api/download/file/613152,サンリオピューロランド|よみうりランド
618412,DEM5A,533933,FG-GML-533933-DEM5A-20250620.zip,4899,5016576,2025/06/20,/kiban/app/api/download/file/618412,サンリオピューロランド|よみうりランド
539306,DEM10B,533934,FG-GML-533934-DEM10B-20161001.zip,962,985088,2016/10/01,/kiban/app/api/download/file/539306,サンリオピューロランド|よみうりランド|東京ミッドタウン・タワー|東京都庁第一本庁舎|六本木ヒルズ森タワー|新宿パークタワー|SOMPO本社ビル|京王プラザホテル（本館）|セルリアンタワー|渋谷ヒカリエ|NTTドコモ代々木ビル|渋谷スクランブルスクエア|恵比寿ガーデンプレイスタワー
663989,DEM1A,533934,FG-GML-533934-DEM1A-20250822.zip,61570,63047680,2025/08/22,/kiban/app/api/download/file/663989,サンリオピューロランド|よみうりランド|東京ミッドタウン・タワー|東京都庁第一本庁舎|六本木ヒルズ森タワー|新宿パークタワー|SOMPO本社ビル|京王プラザホテル（本館）|セルリアンタワー|渋谷ヒカリエ|NTTドコモ代々木ビル|渋谷スクランブルスクエア|恵比寿ガーデンプレイスタワー
662509,DEM5A,533934,FG-GML-533934-DEM5A-20250822.zip,4037,4133888,2025/08/22,/kiban/app/api/download/file/662509,サンリオピューロランド|よみうりランド|東京ミッドタウン・タワー|東京都庁第一本庁舎|六本木ヒルズ森タワー|新宿パークタワー|SOMPO本社ビル|京王プラザホテル（本館）|セルリアンタワー|渋谷ヒカリエ|NTTドコモ代々木ビル|渋谷スクランブルスクエア|恵比寿ガーデンプレイスタワー
729996,DEM5B,533934,FG-GML-533934-DEM5B-20100122.zip,1367,1399808,2010/01/22,/kiban/app/api/download/file/729996,サンリオピューロランド|よみうりランド|東京ミッドタウン・タワー|東京都庁第一本庁舎|六本木ヒルズ森タワー|新宿パークタワー|SOMPO本社ビル|京王プラザホテル（本館）|セルリアンタワー|渋谷ヒカリエ|NTTドコモ代々木ビル|渋谷スクランブルスクエア|恵比寿ガーデンプレイスタワー
539307,DEM10B,533935,FG-GML-533935-DEM10B-20161001.zip,840,860160,2016/10/01,/kiban/app/api/download/file/539307,江戸城（皇居）|よみうりランド|東京ミッドタウン・タワー|東京都庁第一本庁舎|サンシャイン60|六本木ヒルズ森タワー|新宿パークタワー|泉ガーデンタワー|汐留シティセンター|グラントウキョウ ノースタワー|JPタワー|SOMPO本社ビル|山王パークタワー|日本橋三井タワー|愛宕グリーンヒルズ MORIタワー|京王プラザホテル（本館）|丸の内ビルディング（丸ビル）|セルリアンタワー|渋谷ヒカリエ|麻布台ヒルズ森JPタワー|虎ノ門ヒルズ ステーションタワー|NTTドコモ代々木ビル|渋谷スクランブルスクエア|電通本社ビル|恵比寿ガーデンプレイスタワー|住友不動産六本木グランドタワー|東京タワー|東京スカイツリー|ダイヤと花の大観覧車
663990,DEM1A,533935,FG-GML-533935-DEM1A-20250822.zip,48410,49571840,2025/08/22,/kiban/app/api/download/file/663990,江戸城（皇居）|よみうりランド|東京ミッドタウン・タワー|東京都庁第一本庁舎|サンシャイン60|六本木ヒルズ森タワー|新宿パークタワー|泉ガーデンタワー|汐留シティセンター|グラントウキョウ ノースタワー|JPタワー|SOMPO本社ビル|山王パークタワー|日本橋三井タワー|愛宕グリーンヒルズ MORIタワー|京王プラザホテル（本館）|丸の内ビルディング（丸ビル）|セルリアンタワー|渋谷ヒカリエ|麻布台ヒルズ森JPタワー|虎ノ門ヒルズ ステーションタワー|NTTドコモ代々木ビル|渋谷スクランブルスクエア|電通本社ビル|恵比寿ガーデンプレイスタワー|住友不動産六本木グランドタワー|東京タワー|東京スカイツリー|ダイヤと花の大観覧車
662510,DEM5A,533935,FG-GML-533935-DEM5A-20250822.zip,3615,3701760,2025/08/22,/kiban/app/api/download/file/662510,江戸城（皇居）|よみうりランド|東京ミッドタウン・タワー|東京都庁第一本庁舎|サンシャイン60|六本木ヒルズ森タワー|新宿パークタワー|泉ガーデンタワー|汐留シティセンター|グラントウキョウ ノースタワー|JPタワー|SOMPO本社ビル|山王パークタワー|日本橋三井タワー|愛宕グリーンヒルズ MORIタワー|京王プラザホテル（本館）|丸の内ビルディング（丸ビル）|セルリアンタワー|渋谷ヒカリエ|麻布台ヒルズ森JPタワー|虎ノ門ヒルズ ステーションタワー|NTTドコモ代々木ビル|渋谷スクランブルスクエア|電通本社ビル|恵比寿ガーデンプレイスタワー|住友不動産六本木グランドタワー|東京タワー|東京スカイツリー|ダイヤと花の大観覧車
539308,DEM10B,533936,FG-GML-533936-DEM10B-20161001.zip,324,331776,2016/10/01,/kiban/app/api/download/file/539308,江戸城（皇居）|東京ディズニーランド|東京ディズニーシー|東京ミッドタウン・タワー|東京都庁第一本庁舎|サンシャイン60|六本木ヒルズ森タワー|新宿パークタワー|泉ガーデンタワー|汐留シティセンター|グラントウキョウ ノースタワー|JPタワー|SOMPO本社ビル|山王パークタワー|日本橋三井タワー|愛宕グリーンヒルズ MORIタワー|京王プラザホテル（本館）|丸の内ビルディング（丸ビル）|セルリアンタワー|渋谷ヒカリエ|麻布台ヒルズ森JPタワー|虎ノ門ヒルズ ステーションタワー|NTTドコモ代々木ビル|渋谷スクランブルスクエア|電通本社ビル|恵比寿ガーデンプレイスタワー|住友不動産六本木グランドタワー|東京タワー|東京スカイツリー|ダイヤと花の大観覧車
663991,DEM1A,533936,FG-GML-533936-DEM1A-20250822.zip,23060,23613440,2025/08/22,/kiban/app/api/download/file/663991,江戸城（皇居）|東京ディズニーランド|東京ディズニーシー|東京ミッドタウン・タワー|東京都庁第一本庁舎|サンシャイン60|六本木ヒルズ森タワー|新宿パークタワー|泉ガーデンタワー|汐留シティセンター|グラントウキョウ ノースタワー|JPタワー|SOMPO本社ビル|山王パークタワー|日本橋三井タワー|愛宕グリーンヒルズ MORIタワー|京王プラザホテル（本館）|丸の内ビルディング（丸ビル）|セルリアンタワー|渋谷ヒカリエ|麻布台ヒルズ森JPタワー|虎ノ門ヒルズ ステーションタワー|NTTドコモ代々木ビル|渋谷スクランブルスクエア|電通本社ビル|恵比寿ガーデンプレイスタワー|住友不動産六本木グランドタワー|東京タワー|東京スカイツリー|ダイヤと花の大観覧車
662511,DEM5A,533936,FG-GML-533936-DEM5A-20250822.zip,1686,1726464,2025/08/22,/kiban/app/api/download/file/662511,江戸城（皇居）|東京ディズニーランド|東京ディズニーシー|東京ミッドタウン・タワー|東京都庁第一本庁舎|サンシャイン60|六本木ヒルズ森タワー|新宿パークタワー|泉ガーデンタワー|汐留シティセンター|グラントウキョウ ノースタワー|JPタワー|SOMPO本社ビル|山王パークタワー|日本橋三井タワー|愛宕グリーンヒルズ MORIタワー|京王プラザホテル（本館）|丸の内ビルディング（丸ビル）|セルリアンタワー|渋谷ヒカリエ|麻布台ヒルズ森JPタワー|虎ノ門ヒルズ ステーションタワー|NTTドコモ代々木ビル|渋谷スクランブルスクエア|電通本社ビル|恵比寿ガーデンプレイスタワー|住友不動産六本木グランドタワー|東京タワー|東京スカイツリー|ダイヤと花の大観覧車
729997,DEM5B,533936,FG-GML-533936-DEM5B-20100122.zip,34,34816,2010/01/22,/kiban/app/api/download/file/729997,江戸城（皇居）|東京ディズニーランド|東京ディズニーシー|東京ミッドタウン・タワー|東京都庁第一本庁舎|サンシャイン60|六本木ヒルズ森タワー|新宿パークタワー|泉ガーデンタワー|汐留シティセンター|グラントウキョウ ノースタワー|JPタワー|SOMPO本社ビル|山王パークタワー|日本橋三井タワー|愛宕グリーンヒルズ MORIタワー|京王プラザホテル（本館）|丸の内ビルディング（丸ビル）|セルリアンタワー|渋谷ヒカリエ|麻布台ヒルズ森JPタワー|虎ノ門ヒルズ ステーションタワー|NTTドコモ代々木ビル|渋谷スクランブルスクエア|電通本社ビル|恵比寿ガーデンプレイスタワー|住友不動産六本木グランドタワー|東京タワー|東京スカイツリー|ダイヤと花の大観覧車
539309,DEM10B,533937,FG-GML-533937-DEM10B-20161001.zip,145,148480,2016/10/01,/kiban/app/api/download/file/539309,東京ディズニーランド|東京ディズニーシー|グラントウキョウ ノースタワー|日本橋三井タワー|東京スカイツリー|千葉ポートタワー|ダイヤと花の大観覧車
663992,DEM1A,533937,FG-GML-533937-DEM1A-20250822.zip,1105,1131520,2025/08/22,/kiban/app/api/download/file/663992,東京ディズニーランド|東京ディズニーシー|グラントウキョウ ノースタワー|日本橋三井タワー|東京スカイツリー|千葉ポートタワー|ダイヤと花の大観覧車
662512,DEM5A,533937,FG-GML-533937-DEM5A-20250822.zip,692,708608,2025/08/22,/kiban/app/api/download/file/662512,東京ディズニーランド|東京ディズニーシー|グラントウキョウ ノースタワー|日本橋三井タワー|東京スカイツリー|千葉ポートタワー|ダイヤと花の大観覧車
615228,DEM5B,533937,FG-GML-533937-DEM5B-20250609.zip,56,57344,2025/06/09,/kiban/app/api/download/file/615228,東京ディズニーランド|東京ディズニーシー|グラントウキョウ ノースタワー|日本橋三井タワー|東京スカイツリー|千葉ポートタワー|ダイヤと花の大観覧車
539311,DEM10B,533941,FG-GML-533941-DEM10B-20161001.zip,2031,2079744,2016/10/01,/kiban/app/api/download/file/539311,八王子城跡
717946,DEM1A,533941,FG-GML-533941-DEM1A-20260616.zip,158051,161844224,2026/06/16,/kiban/app/api/download/file/717946,八王子城跡
720204,DEM5A,533941,FG-GML-533941-DEM5A-20260616.zip,7381,7558144,2026/06/16,/kiban/app/api/download/file/720204,八王子城跡
539312,DEM10B,533942,FG-GML-533942-DEM10B-20161001.zip,1234,1263616,2016/10/01,/kiban/app/api/download/file/539312,八王子城跡|サンリオピューロランド
613157,DEM1A,533942,FG-GML-533942-DEM1A-20250604.zip,70680,72376320,2025/06/04,/kiban/app/api/download/file/613157,八王子城跡|サンリオピューロランド
618419,DEM5A,533942,FG-GML-533942-DEM5A-20250620.zip,4364,4468736,2025/06/20,/kiban/app/api/download/file/618419,八王子城跡|サンリオピューロランド
539313,DEM10B,533943,FG-GML-533943-DEM10B-20161001.zip,581,594944,2016/10/01,/kiban/app/api/download/file/539313,サンリオピューロランド|よみうりランド
613158,DEM1A,533943,FG-GML-533943-DEM1A-20250604.zip,42120,43130880,2025/06/04,/kiban/app/api/download/file/613158,サンリオピューロランド|よみうりランド
618420,DEM5A,533943,FG-GML-533943-DEM5A-20250620.zip,3006,3078144,2025/06/20,/kiban/app/api/download/file/618420,サンリオピューロランド|よみうりランド
539314,DEM10B,533944,FG-GML-533944-DEM10B-20161001.zip,475,486400,2016/10/01,/kiban/app/api/download/file/539314,サンリオピューロランド|よみうりランド|東京ミッドタウン・タワー|東京都庁第一本庁舎|サンシャイン60|六本木ヒルズ森タワー|新宿パークタワー|SOMPO本社ビル|京王プラザホテル（本館）|セルリアンタワー|渋谷ヒカリエ|NTTドコモ代々木ビル|渋谷スクランブルスクエア|恵比寿ガーデンプレイスタワー
663993,DEM1A,533944,FG-GML-533944-DEM1A-20250822.zip,39973,40932352,2025/08/22,/kiban/app/api/download/file/663993,サンリオピューロランド|よみうりランド|東京ミッドタウン・タワー|東京都庁第一本庁舎|サンシャイン60|六本木ヒルズ森タワー|新宿パークタワー|SOMPO本社ビル|京王プラザホテル（本館）|セルリアンタワー|渋谷ヒカリエ|NTTドコモ代々木ビル|渋谷スクランブルスクエア|恵比寿ガーデンプレイスタワー
662513,DEM5A,533944,FG-GML-533944-DEM5A-20250822.zip,2995,3066880,2025/08/22,/kiban/app/api/download/file/662513,サンリオピューロランド|よみうりランド|東京ミッドタウン・タワー|東京都庁第一本庁舎|サンシャイン60|六本木ヒルズ森タワー|新宿パークタワー|SOMPO本社ビル|京王プラザホテル（本館）|セルリアンタワー|渋谷ヒカリエ|NTTドコモ代々木ビル|渋谷スクランブルスクエア|恵比寿ガーデンプレイスタワー
729998,DEM5B,533944,FG-GML-533944-DEM5B-20100122.zip,2597,2659328,2010/01/22,/kiban/app/api/download/file/729998,サンリオピューロランド|よみうりランド|東京ミッドタウン・タワー|東京都庁第一本庁舎|サンシャイン60|六本木ヒルズ森タワー|新宿パークタワー|SOMPO本社ビル|京王プラザホテル（本館）|セルリアンタワー|渋谷ヒカリエ|NTTドコモ代々木ビル|渋谷スクランブルスクエア|恵比寿ガーデンプレイスタワー
539315,DEM10B,533945,FG-GML-533945-DEM10B-20161001.zip,709,726016,2016/10/01,/kiban/app/api/download/file/539315,江戸城（皇居）|東京ミッドタウン・タワー|東京都庁第一本庁舎|サンシャイン60|六本木ヒルズ森タワー|新宿パークタワー|泉ガーデンタワー|汐留シティセンター|グラントウキョウ ノースタワー|JPタワー|SOMPO本社ビル|山王パークタワー|日本橋三井タワー|愛宕グリーンヒルズ MORIタワー|京王プラザホテル（本館）|丸の内ビルディング（丸ビル）|セルリアンタワー|渋谷ヒカリエ|エルザタワー55|麻布台ヒルズ森JPタワー|虎ノ門ヒルズ ステーションタワー|NTTドコモ代々木ビル|渋谷スクランブルスクエア|電通本社ビル|恵比寿ガーデンプレイスタワー|住友不動産六本木グランドタワー|東京タワー|東京スカイツリー
663994,DEM1A,533945,FG-GML-533945-DEM1A-20250822.zip,44109,45167616,2025/08/22,/kiban/app/api/download/file/663994,江戸城（皇居）|東京ミッドタウン・タワー|東京都庁第一本庁舎|サンシャイン60|六本木ヒルズ森タワー|新宿パークタワー|泉ガーデンタワー|汐留シティセンター|グラントウキョウ ノースタワー|JPタワー|SOMPO本社ビル|山王パークタワー|日本橋三井タワー|愛宕グリーンヒルズ MORIタワー|京王プラザホテル（本館）|丸の内ビルディング（丸ビル）|セルリアンタワー|渋谷ヒカリエ|エルザタワー55|麻布台ヒルズ森JPタワー|虎ノ門ヒルズ ステーションタワー|NTTドコモ代々木ビル|渋谷スクランブルスクエア|電通本社ビル|恵比寿ガーデンプレイスタワー|住友不動産六本木グランドタワー|東京タワー|東京スカイツリー
662514,DEM5A,533945,FG-GML-533945-DEM5A-20250822.zip,3441,3523584,2025/08/22,/kiban/app/api/download/file/662514,江戸城（皇居）|東京ミッドタウン・タワー|東京都庁第一本庁舎|サンシャイン60|六本木ヒルズ森タワー|新宿パークタワー|泉ガーデンタワー|汐留シティセンター|グラントウキョウ ノースタワー|JPタワー|SOMPO本社ビル|山王パークタワー|日本橋三井タワー|愛宕グリーンヒルズ MORIタワー|京王プラザホテル（本館）|丸の内ビルディング（丸ビル）|セルリアンタワー|渋谷ヒカリエ|エルザタワー55|麻布台ヒルズ森JPタワー|虎ノ門ヒルズ ステーションタワー|NTTドコモ代々木ビル|渋谷スクランブルスクエア|電通本社ビル|恵比寿ガーデンプレイスタワー|住友不動産六本木グランドタワー|東京タワー|東京スカイツリー
539316,DEM10B,533946,FG-GML-533946-DEM10B-20161001.zip,345,353280,2016/10/01,/kiban/app/api/download/file/539316,江戸城（皇居）|東京ディズニーランド|東京ディズニーシー|東京ミッドタウン・タワー|東京都庁第一本庁舎|サンシャイン60|六本木ヒルズ森タワー|新宿パークタワー|泉ガーデンタワー|汐留シティセンター|グラントウキョウ ノースタワー|JPタワー|SOMPO本社ビル|山王パークタワー|日本橋三井タワー|愛宕グリーンヒルズ MORIタワー|京王プラザホテル（本館）|丸の内ビルディング（丸ビル）|セルリアンタワー|渋谷ヒカリエ|エルザタワー55|麻布台ヒルズ森JPタワー|虎ノ門ヒルズ ステーションタワー|NTTドコモ代々木ビル|渋谷スクランブルスクエア|電通本社ビル|恵比寿ガーデンプレイスタワー|住友不動産六本木グランドタワー|東京タワー|東京スカイツリー|ダイヤと花の大観覧車
663995,DEM1A,533946,FG-GML-533946-DEM1A-20250822.zip,36497,37372928,2025/08/22,/kiban/app/api/download/file/663995,江戸城（皇居）|東京ディズニーランド|東京ディズニーシー|東京ミッドタウン・タワー|東京都庁第一本庁舎|サンシャイン60|六本木ヒルズ森タワー|新宿パークタワー|泉ガーデンタワー|汐留シティセンター|グラントウキョウ ノースタワー|JPタワー|SOMPO本社ビル|山王パークタワー|日本橋三井タワー|愛宕グリーンヒルズ MORIタワー|京王プラザホテル（本館）|丸の内ビルディング（丸ビル）|セルリアンタワー|渋谷ヒカリエ|エルザタワー55|麻布台ヒルズ森JPタワー|虎ノ門ヒルズ ステーションタワー|NTTドコモ代々木ビル|渋谷スクランブルスクエア|電通本社ビル|恵比寿ガーデンプレイスタワー|住友不動産六本木グランドタワー|東京タワー|東京スカイツリー|ダイヤと花の大観覧車
662515,DEM5A,533946,FG-GML-533946-DEM5A-20250822.zip,2757,2823168,2025/08/22,/kiban/app/api/download/file/662515,江戸城（皇居）|東京ディズニーランド|東京ディズニーシー|東京ミッドタウン・タワー|東京都庁第一本庁舎|サンシャイン60|六本木ヒルズ森タワー|新宿パークタワー|泉ガーデンタワー|汐留シティセンター|グラントウキョウ ノースタワー|JPタワー|SOMPO本社ビル|山王パークタワー|日本橋三井タワー|愛宕グリーンヒルズ MORIタワー|京王プラザホテル（本館）|丸の内ビルディング（丸ビル）|セルリアンタワー|渋谷ヒカリエ|エルザタワー55|麻布台ヒルズ森JPタワー|虎ノ門ヒルズ ステーションタワー|NTTドコモ代々木ビル|渋谷スクランブルスクエア|電通本社ビル|恵比寿ガーデンプレイスタワー|住友不動産六本木グランドタワー|東京タワー|東京スカイツリー|ダイヤと花の大観覧車
539317,DEM10B,533947,FG-GML-533947-DEM10B-20161001.zip,437,447488,2016/10/01,/kiban/app/api/download/file/539317,東京ディズニーランド|東京ディズニーシー|グラントウキョウ ノースタワー|JPタワー|日本橋三井タワー|東京スカイツリー|ダイヤと花の大観覧車
663996,DEM1A,533947,FG-GML-533947-DEM1A-20250822.zip,8328,8527872,2025/08/22,/kiban/app/api/download/file/663996,東京ディズニーランド|東京ディズニーシー|グラントウキョウ ノースタワー|JPタワー|日本橋三井タワー|東京スカイツリー|ダイヤと花の大観覧車
662516,DEM5A,533947,FG-GML-533947-DEM5A-20250822.zip,3264,3342336,2025/08/22,/kiban/app/api/download/file/662516,東京ディズニーランド|東京ディズニーシー|グラントウキョウ ノースタワー|JPタワー|日本橋三井タワー|東京スカイツリー|ダイヤと花の大観覧車
615229,DEM5B,533947,FG-GML-533947-DEM5B-20250609.zip,307,314368,2025/06/09,/kiban/app/api/download/file/615229,東京ディズニーランド|東京ディズニーシー|グラントウキョウ ノースタワー|JPタワー|日本橋三井タワー|東京スカイツリー|ダイヤと花の大観覧車
539318,DEM10B,533950,FG-GML-533950-DEM10B-20161001.zip,2123,2173952,2016/10/01,/kiban/app/api/download/file/539318,雲取山
613160,DEM1A,533950,FG-GML-533950-DEM1A-20250604.zip,170291,174377984,2025/06/04,/kiban/app/api/download/file/613160,雲取山
618425,DEM5A,533950,FG-GML-533950-DEM5A-20250620.zip,7687,7871488,2025/06/20,/kiban/app/api/download/file/618425,雲取山
539322,DEM10B,533954,FG-GML-533954-DEM10B-20161001.zip,709,726016,2016/10/01,/kiban/app/api/download/file/539322,東京都庁第一本庁舎|サンシャイン60|新宿パークタワー|SOMPO本社ビル|京王プラザホテル（本館）|エルザタワー55|さいたま新都心合同庁舎1号館
717950,DEM1A,533954,FG-GML-533954-DEM1A-20260616.zip,23346,23906304,2026/06/16,/kiban/app/api/download/file/717950,東京都庁第一本庁舎|サンシャイン60|新宿パークタワー|SOMPO本社ビル|京王プラザホテル（本館）|エルザタワー55|さいたま新都心合同庁舎1号館
720208,DEM5A,533954,FG-GML-533954-DEM5A-20260616.zip,4858,4974592,2026/06/16,/kiban/app/api/download/file/720208,東京都庁第一本庁舎|サンシャイン60|新宿パークタワー|SOMPO本社ビル|京王プラザホテル（本館）|エルザタワー55|さいたま新都心合同庁舎1号館
539323,DEM10B,533955,FG-GML-533955-DEM10B-20161001.zip,420,430080,2016/10/01,/kiban/app/api/download/file/539323,江戸城（皇居）|東京ミッドタウン・タワー|東京都庁第一本庁舎|サンシャイン60|六本木ヒルズ森タワー|新宿パークタワー|泉ガーデンタワー|汐留シティセンター|グラントウキョウ ノースタワー|JPタワー|SOMPO本社ビル|山王パークタワー|日本橋三井タワー|愛宕グリーンヒルズ MORIタワー|京王プラザホテル（本館）|丸の内ビルディング（丸ビル）|エルザタワー55|さいたま新都心合同庁舎1号館|麻布台ヒルズ森JPタワー|虎ノ門ヒルズ ステーションタワー|NTTドコモ代々木ビル|電通本社ビル|住友不動産六本木グランドタワー|東京スカイツリー
717951,DEM1A,533955,FG-GML-533955-DEM1A-20260616.zip,23890,24463360,2026/06/16,/kiban/app/api/download/file/717951,江戸城（皇居）|東京ミッドタウン・タワー|東京都庁第一本庁舎|サンシャイン60|六本木ヒルズ森タワー|新宿パークタワー|泉ガーデンタワー|汐留シティセンター|グラントウキョウ ノースタワー|JPタワー|SOMPO本社ビル|山王パークタワー|日本橋三井タワー|愛宕グリーンヒルズ MORIタワー|京王プラザホテル（本館）|丸の内ビルディング（丸ビル）|エルザタワー55|さいたま新都心合同庁舎1号館|麻布台ヒルズ森JPタワー|虎ノ門ヒルズ ステーションタワー|NTTドコモ代々木ビル|電通本社ビル|住友不動産六本木グランドタワー|東京スカイツリー
720209,DEM5A,533955,FG-GML-533955-DEM5A-20260616.zip,3932,4026368,2026/06/16,/kiban/app/api/download/file/720209,江戸城（皇居）|東京ミッドタウン・タワー|東京都庁第一本庁舎|サンシャイン60|六本木ヒルズ森タワー|新宿パークタワー|泉ガーデンタワー|汐留シティセンター|グラントウキョウ ノースタワー|JPタワー|SOMPO本社ビル|山王パークタワー|日本橋三井タワー|愛宕グリーンヒルズ MORIタワー|京王プラザホテル（本館）|丸の内ビルディング（丸ビル）|エルザタワー55|さいたま新都心合同庁舎1号館|麻布台ヒルズ森JPタワー|虎ノ門ヒルズ ステーションタワー|NTTドコモ代々木ビル|電通本社ビル|住友不動産六本木グランドタワー|東京スカイツリー
539324,DEM10B,533956,FG-GML-533956-DEM10B-20161001.zip,222,227328,2016/10/01,/kiban/app/api/download/file/539324,江戸城（皇居）|東京ミッドタウン・タワー|東京都庁第一本庁舎|サンシャイン60|新宿パークタワー|泉ガーデンタワー|汐留シティセンター|グラントウキョウ ノースタワー|JPタワー|SOMPO本社ビル|山王パークタワー|日本橋三井タワー|愛宕グリーンヒルズ MORIタワー|京王プラザホテル（本館）|丸の内ビルディング（丸ビル）|エルザタワー55|麻布台ヒルズ森JPタワー|虎ノ門ヒルズ ステーションタワー|NTTドコモ代々木ビル|電通本社ビル|住友不動産六本木グランドタワー|東京スカイツリー
663999,DEM1A,533956,FG-GML-533956-DEM1A-20250822.zip,22512,23052288,2025/08/22,/kiban/app/api/download/file/663999,江戸城（皇居）|東京ミッドタウン・タワー|東京都庁第一本庁舎|サンシャイン60|新宿パークタワー|泉ガーデンタワー|汐留シティセンター|グラントウキョウ ノースタワー|JPタワー|SOMPO本社ビル|山王パークタワー|日本橋三井タワー|愛宕グリーンヒルズ MORIタワー|京王プラザホテル（本館）|丸の内ビルディング（丸ビル）|エルザタワー55|麻布台ヒルズ森JPタワー|虎ノ門ヒルズ ステーションタワー|NTTドコモ代々木ビル|電通本社ビル|住友不動産六本木グランドタワー|東京スカイツリー
662519,DEM5A,533956,FG-GML-533956-DEM5A-20250822.zip,2645,2708480,2025/08/22,/kiban/app/api/download/file/662519,江戸城（皇居）|東京ミッドタウン・タワー|東京都庁第一本庁舎|サンシャイン60|新宿パークタワー|泉ガーデンタワー|汐留シティセンター|グラントウキョウ ノースタワー|JPタワー|SOMPO本社ビル|山王パークタワー|日本橋三井タワー|愛宕グリーンヒルズ MORIタワー|京王プラザホテル（本館）|丸の内ビルディング（丸ビル）|エルザタワー55|麻布台ヒルズ森JPタワー|虎ノ門ヒルズ ステーションタワー|NTTドコモ代々木ビル|電通本社ビル|住友不動産六本木グランドタワー|東京スカイツリー
539325,DEM10B,533957,FG-GML-533957-DEM10B-20161001.zip,696,712704,2016/10/01,/kiban/app/api/download/file/539325,東京スカイツリー
717952,DEM1A,533957,FG-GML-533957-DEM1A-20260616.zip,2262,2316288,2026/06/16,/kiban/app/api/download/file/717952,東京スカイツリー
720210,DEM5A,533957,FG-GML-533957-DEM5A-20260616.zip,4068,4165632,2026/06/16,/kiban/app/api/download/file/720210,東京スカイツリー
730004,DEM5B,533957,FG-GML-533957-DEM5B-20090901.zip,5911,6052864,2009/09/01,/kiban/app/api/download/file/730004,東京スカイツリー
539326,DEM10B,533960,FG-GML-533960-DEM10B-20161001.zip,2202,2254848,2016/10/01,/kiban/app/api/download/file/539326,雲取山
717953,DEM1A,533960,FG-GML-533960-DEM1A-20260616.zip,204974,209893376,2026/06/16,/kiban/app/api/download/file/717953,雲取山
720211,DEM5A,533960,FG-GML-533960-DEM5A-20260616.zip,8059,8252416,2026/06/16,/kiban/app/api/download/file/720211,雲取山
539329,DEM10B,533963,FG-GML-533963-DEM10B-20161001.zip,746,763904,2016/10/01,/kiban/app/api/download/file/539329,川越城
717956,DEM1A,533963,FG-GML-533963-DEM1A-20260616.zip,32897,33686528,2026/06/16,/kiban/app/api/download/file/717956,川越城
720214,DEM5A,533963,FG-GML-533963-DEM5A-20260616.zip,4178,4278272,2026/06/16,/kiban/app/api/download/file/720214,川越城
730007,DEM5B,533963,FG-GML-533963-DEM5B-20080331.zip,6187,6335488,2008/03/31,/kiban/app/api/download/file/730007,川越城
539330,DEM10B,533964,FG-GML-533964-DEM10B-20161001.zip,396,405504,2016/10/01,/kiban/app/api/download/file/539330,川越城|岩槻城跡|さいたま新都心合同庁舎1号館
717957,DEM1A,533964,FG-GML-533964-DEM1A-20260616.zip,24223,24804352,2026/06/16,/kiban/app/api/download/file/717957,川越城|岩槻城跡|さいたま新都心合同庁舎1号館
720215,DEM5A,533964,FG-GML-533964-DEM5A-20260616.zip,4321,4424704,2026/06/16,/kiban/app/api/download/file/720215,川越城|岩槻城跡|さいたま新都心合同庁舎1号館
539331,DEM10B,533965,FG-GML-533965-DEM10B-20161001.zip,583,596992,2016/10/01,/kiban/app/api/download/file/539331,岩槻城跡|エルザタワー55|さいたま新都心合同庁舎1号館
717958,DEM1A,533965,FG-GML-533965-DEM1A-20260616.zip,171,175104,2026/06/16,/kiban/app/api/download/file/717958,岩槻城跡|エルザタワー55|さいたま新都心合同庁舎1号館
720216,DEM5A,533965,FG-GML-533965-DEM5A-20260616.zip,5710,5847040,2026/06/16,/kiban/app/api/download/file/720216,岩槻城跡|エルザタワー55|さいたま新都心合同庁舎1号館
539332,DEM10B,533966,FG-GML-533966-DEM10B-20161001.zip,226,231424,2016/10/01,/kiban/app/api/download/file/539332,岩槻城跡|エルザタワー55
618439,DEM5A,533966,FG-GML-533966-DEM5A-20250620.zip,2683,2747392,2025/06/20,/kiban/app/api/download/file/618439,岩槻城跡|エルザタワー55
539334,DEM10B,533970,FG-GML-533970-DEM10B-20161001.zip,1950,1996800,2016/10/01,/kiban/app/api/download/file/539334,雲取山
717960,DEM1A,533970,FG-GML-533970-DEM1A-20260616.zip,217093,222303232,2026/06/16,/kiban/app/api/download/file/717960,雲取山
720218,DEM5A,533970,FG-GML-533970-DEM5A-20260616.zip,6996,7163904,2026/06/16,/kiban/app/api/download/file/720218,雲取山
730011,DEM5B,533970,FG-GML-533970-DEM5B-20161001.zip,3130,3205120,2016/10/01,/kiban/app/api/download/file/730011,雲取山
539335,DEM10B,533971,FG-GML-533971-DEM10B-20161001.zip,2073,2122752,2016/10/01,/kiban/app/api/download/file/539335,杉山城跡
717961,DEM1A,533971,FG-GML-533971-DEM1A-20260616.zip,177585,181847040,2026/06/16,/kiban/app/api/download/file/717961,杉山城跡
720219,DEM5A,533971,FG-GML-533971-DEM5A-20260616.zip,7555,7736320,2026/06/16,/kiban/app/api/download/file/720219,杉山城跡
730012,DEM5B,533971,FG-GML-533971-DEM5B-20080331.zip,9493,9720832,2008/03/31,/kiban/app/api/download/file/730012,杉山城跡
539336,DEM10B,533972,FG-GML-533972-DEM10B-20161001.zip,1502,1538048,2016/10/01,/kiban/app/api/download/file/539336,杉山城跡
717962,DEM1A,533972,FG-GML-533972-DEM1A-20260616.zip,92527,94747648,2026/06/16,/kiban/app/api/download/file/717962,杉山城跡
720220,DEM5A,533972,FG-GML-533972-DEM5A-20260616.zip,5271,5397504,2026/06/16,/kiban/app/api/download/file/720220,杉山城跡
730013,DEM5B,533972,FG-GML-533972-DEM5B-20080331.zip,7720,7905280,2008/03/31,/kiban/app/api/download/file/730013,杉山城跡
539337,DEM10B,533973,FG-GML-533973-DEM10B-20161001.zip,465,476160,2016/10/01,/kiban/app/api/download/file/539337,川越城|杉山城跡
717963,DEM1A,533973,FG-GML-533973-DEM1A-20260616.zip,43439,44481536,2026/06/16,/kiban/app/api/download/file/717963,川越城|杉山城跡
720221,DEM5A,533973,FG-GML-533973-DEM5A-20260616.zip,2986,3057664,2026/06/16,/kiban/app/api/download/file/720221,川越城|杉山城跡
730014,DEM5B,533973,FG-GML-533973-DEM5B-20080331.zip,5826,5965824,2008/03/31,/kiban/app/api/download/file/730014,川越城|杉山城跡
539338,DEM10B,533974,FG-GML-533974-DEM10B-20161001.zip,472,483328,2016/10/01,/kiban/app/api/download/file/539338,川越城|岩槻城跡|東武動物公園|さいたま新都心合同庁舎1号館
717964,DEM1A,533974,FG-GML-533974-DEM1A-20260616.zip,14241,14582784,2026/06/16,/kiban/app/api/download/file/717964,川越城|岩槻城跡|東武動物公園|さいたま新都心合同庁舎1号館
720222,DEM5A,533974,FG-GML-533974-DEM5A-20260616.zip,4885,5002240,2026/06/16,/kiban/app/api/download/file/720222,川越城|岩槻城跡|東武動物公園|さいたま新都心合同庁舎1号館
539339,DEM10B,533975,FG-GML-533975-DEM10B-20161001.zip,470,481280,2016/10/01,/kiban/app/api/download/file/539339,岩槻城跡|東武動物公園|さいたま新都心合同庁舎1号館
618446,DEM5A,533975,FG-GML-533975-DEM5A-20250620.zip,3720,3809280,2025/06/20,/kiban/app/api/download/file/618446,岩槻城跡|東武動物公園|さいたま新都心合同庁舎1号館
539340,DEM10B,533976,FG-GML-533976-DEM10B-20161001.zip,428,438272,2016/10/01,/kiban/app/api/download/file/539340,岩槻城跡|東武動物公園
717965,DEM1A,533976,FG-GML-533976-DEM1A-20260616.zip,50,51200,2026/06/16,/kiban/app/api/download/file/717965,岩槻城跡|東武動物公園
720223,DEM5A,533976,FG-GML-533976-DEM5A-20260616.zip,2902,2971648,2026/06/16,/kiban/app/api/download/file/720223,岩槻城跡|東武動物公園
539350,DEM10B,534020,FG-GML-534020-DEM10B-20161001.zip,187,191488,2016/10/01,/kiban/app/api/download/file/539350,千葉セントラルタワー|千葉ポートタワー
717975,DEM1A,534020,FG-GML-534020-DEM1A-20260603.zip,24457,25043968,2026/06/03,/kiban/app/api/download/file/717975,千葉セントラルタワー|千葉ポートタワー
720233,DEM5A,534020,FG-GML-534020-DEM5A-20260603.zip,1905,1950720,2026/06/03,/kiban/app/api/download/file/720233,千葉セントラルタワー|千葉ポートタワー
615234,DEM5B,534020,FG-GML-534020-DEM5B-20250609.zip,912,933888,2025/06/09,/kiban/app/api/download/file/615234,千葉セントラルタワー|千葉ポートタワー
539351,DEM10B,534021,FG-GML-534021-DEM10B-20161001.zip,1129,1156096,2016/10/01,/kiban/app/api/download/file/539351,千葉セントラルタワー|千葉ポートタワー
717976,DEM1A,534021,FG-GML-534021-DEM1A-20260603.zip,47899,49048576,2026/06/03,/kiban/app/api/download/file/717976,千葉セントラルタワー|千葉ポートタワー
720234,DEM5A,534021,FG-GML-534021-DEM5A-20260603.zip,6495,6650880,2026/06/03,/kiban/app/api/download/file/720234,千葉セントラルタワー|千葉ポートタワー
615235,DEM5B,534021,FG-GML-534021-DEM5B-20250609.zip,52,53248,2025/06/09,/kiban/app/api/download/file/615235,千葉セントラルタワー|千葉ポートタワー
539355,DEM10B,534030,FG-GML-534030-DEM10B-20161001.zip,377,386048,2016/10/01,/kiban/app/api/download/file/539355,千葉セントラルタワー|千葉ポートタワー
618462,DEM5A,534030,FG-GML-534030-DEM5A-20250620.zip,3081,3154944,2025/06/20,/kiban/app/api/download/file/618462,千葉セントラルタワー|千葉ポートタワー
615236,DEM5B,534030,FG-GML-534030-DEM5B-20250609.zip,767,785408,2025/06/09,/kiban/app/api/download/file/615236,千葉セントラルタワー|千葉ポートタワー
539356,DEM10B,534031,FG-GML-534031-DEM10B-20161001.zip,981,1004544,2016/10/01,/kiban/app/api/download/file/539356,佐倉城跡|千葉セントラルタワー|千葉ポートタワー
618463,DEM5A,534031,FG-GML-534031-DEM5A-20250620.zip,6060,6205440,2025/06/20,/kiban/app/api/download/file/618463,佐倉城跡|千葉セントラルタワー|千葉ポートタワー
615237,DEM5B,534031,FG-GML-534031-DEM5B-20250609.zip,718,735232,2025/06/09,/kiban/app/api/download/file/615237,佐倉城跡|千葉セントラルタワー|千葉ポートタワー
539357,DEM10B,534032,FG-GML-534032-DEM10B-20161001.zip,1039,1063936,2016/10/01,/kiban/app/api/download/file/539357,佐倉城跡
717980,DEM1A,534032,FG-GML-534032-DEM1A-20260522.zip,55459,56790016,2026/05/22,/kiban/app/api/download/file/717980,佐倉城跡
720238,DEM5A,534032,FG-GML-534032-DEM5A-20260522.zip,6515,6671360,2026/05/22,/kiban/app/api/download/file/720238,佐倉城跡
730017,DEM5B,534032,FG-GML-534032-DEM5B-20100122.zip,2210,2263040,2010/01/22,/kiban/app/api/download/file/730017,佐倉城跡
539360,DEM10B,534040,FG-GML-534040-DEM10B-20161001.zip,814,833536,2016/10/01,/kiban/app/api/download/file/539360,佐倉城跡|千葉セントラルタワー|千葉ポートタワー
618467,DEM5A,534040,FG-GML-534040-DEM5A-20250620.zip,6137,6284288,2025/06/20,/kiban/app/api/download/file/618467,佐倉城跡|千葉セントラルタワー|千葉ポートタワー
730018,DEM5B,534040,FG-GML-534040-DEM5B-20100122.zip,5688,5824512,2010/01/22,/kiban/app/api/download/file/730018,佐倉城跡|千葉セントラルタワー|千葉ポートタワー
539361,DEM10B,534041,FG-GML-534041-DEM10B-20161001.zip,932,954368,2016/10/01,/kiban/app/api/download/file/539361,佐倉城跡|千葉セントラルタワー|千葉ポートタワー
618468,DEM5A,534041,FG-GML-534041-DEM5A-20250620.zip,6312,6463488,2025/06/20,/kiban/app/api/download/file/618468,佐倉城跡|千葉セントラルタワー|千葉ポートタワー
730019,DEM5B,534041,FG-GML-534041-DEM5B-20100122.zip,6119,6265856,2010/01/22,/kiban/app/api/download/file/730019,佐倉城跡|千葉セントラルタワー|千葉ポートタワー
539362,DEM10B,534042,FG-GML-534042-DEM10B-20161001.zip,902,923648,2016/10/01,/kiban/app/api/download/file/539362,佐倉城跡
717983,DEM1A,534042,FG-GML-534042-DEM1A-20260522.zip,5293,5420032,2026/05/22,/kiban/app/api/download/file/717983,佐倉城跡
720241,DEM5A,534042,FG-GML-534042-DEM5A-20260522.zip,6219,6368256,2026/05/22,/kiban/app/api/download/file/720241,佐倉城跡
615238,DEM5B,534042,FG-GML-534042-DEM5B-20250609.zip,652,667648,2025/06/09,/kiban/app/api/download/file/615238,佐倉城跡
539368,DEM10B,534050,FG-GML-534050-DEM10B-20161001.zip,785,803840,2016/10/01,/kiban/app/api/download/file/539368,佐倉城跡
717989,DEM1A,534050,FG-GML-534050-DEM1A-20260616.zip,10933,11195392,2026/06/16,/kiban/app/api/download/file/717989,佐倉城跡
720247,DEM5A,534050,FG-GML-534050-DEM5A-20260616.zip,5634,5769216,2026/06/16,/kiban/app/api/download/file/720247,佐倉城跡
730020,DEM5B,534050,FG-GML-534050-DEM5B-20090901.zip,6051,6196224,2009/09/01,/kiban/app/api/download/file/730020,佐倉城跡
539369,DEM10B,534051,FG-GML-534051-DEM10B-20161001.zip,833,852992,2016/10/01,/kiban/app/api/download/file/539369,佐倉城跡
717990,DEM1A,534051,FG-GML-534051-DEM1A-20260616.zip,11622,11900928,2026/06/16,/kiban/app/api/download/file/717990,佐倉城跡
720248,DEM5A,534051,FG-GML-534051-DEM5A-20260616.zip,5447,5577728,2026/06/16,/kiban/app/api/download/file/720248,佐倉城跡
730021,DEM5B,534051,FG-GML-534051-DEM5B-20090901.zip,5984,6127616,2009/09/01,/kiban/app/api/download/file/730021,佐倉城跡
539370,DEM10B,534052,FG-GML-534052-DEM10B-20161001.zip,1045,1070080,2016/10/01,/kiban/app/api/download/file/539370,佐倉城跡
717991,DEM1A,534052,FG-GML-534052-DEM1A-20260616.zip,1787,1829888,2026/06/16,/kiban/app/api/download/file/717991,佐倉城跡
720249,DEM5A,534052,FG-GML-534052-DEM5A-20260616.zip,6270,6420480,2026/06/16,/kiban/app/api/download/file/720249,佐倉城跡
615242,DEM5B,534052,FG-GML-534052-DEM5B-20250609.zip,469,480256,2025/06/09,/kiban/app/api/download/file/615242,佐倉城跡
539376,DEM10B,534061,FG-GML-534061-DEM10B-20161001.zip,348,356352,2016/10/01,/kiban/app/api/download/file/539376,牛久大仏
717996,DEM1A,534061,FG-GML-534061-DEM1A-20260616.zip,40486,41457664,2026/06/16,/kiban/app/api/download/file/717996,牛久大仏
720254,DEM5A,534061,FG-GML-534061-DEM5A-20260616.zip,2659,2722816,2026/06/16,/kiban/app/api/download/file/720254,牛久大仏
730023,DEM5B,534061,FG-GML-534061-DEM5B-20090901.zip,4738,4851712,2009/09/01,/kiban/app/api/download/file/730023,牛久大仏
539377,DEM10B,534062,FG-GML-534062-DEM10B-20161001.zip,581,594944,2016/10/01,/kiban/app/api/download/file/539377,牛久大仏
717997,DEM1A,534062,FG-GML-534062-DEM1A-20260616.zip,43473,44516352,2026/06/16,/kiban/app/api/download/file/717997,牛久大仏
720255,DEM5A,534062,FG-GML-534062-DEM5A-20260616.zip,3195,3271680,2026/06/16,/kiban/app/api/download/file/720255,牛久大仏
539382,DEM10B,534070,FG-GML-534070-DEM10B-20161001.zip,546,559104,2016/10/01,/kiban/app/api/download/file/539382,牛久大仏
718002,DEM1A,534070,FG-GML-534070-DEM1A-20260616.zip,9247,9468928,2026/06/16,/kiban/app/api/download/file/718002,牛久大仏
720260,DEM5A,534070,FG-GML-534070-DEM5A-20260616.zip,4916,5033984,2026/06/16,/kiban/app/api/download/file/720260,牛久大仏
730024,DEM5B,534070,FG-GML-534070-DEM5B-20090901.zip,5305,5432320,2009/09/01,/kiban/app/api/download/file/730024,牛久大仏
539383,DEM10B,534071,FG-GML-534071-DEM10B-20161001.zip,779,797696,2016/10/01,/kiban/app/api/download/file/539383,牛久大仏
718003,DEM1A,534071,FG-GML-534071-DEM1A-20260616.zip,9651,9882624,2026/06/16,/kiban/app/api/download/file/718003,牛久大仏
720261,DEM5A,534071,FG-GML-534071-DEM5A-20260616.zip,5750,5888000,2026/06/16,/kiban/app/api/download/file/720261,牛久大仏
730025,DEM5B,534071,FG-GML-534071-DEM5B-20090901.zip,5976,6119424,2009/09/01,/kiban/app/api/download/file/730025,牛久大仏
539384,DEM10B,534072,FG-GML-534072-DEM10B-20161001.zip,837,857088,2016/10/01,/kiban/app/api/download/file/539384,牛久大仏
718004,DEM1A,534072,FG-GML-534072-DEM1A-20260616.zip,4738,4851712,2026/06/16,/kiban/app/api/download/file/718004,牛久大仏
720262,DEM5A,534072,FG-GML-534072-DEM5A-20260616.zip,5928,6070272,2026/06/16,/kiban/app/api/download/file/720262,牛久大仏
539405,DEM10B,543601,FG-GML-543601-DEM10B-20161001.zip,908,929792,2016/10/01,/kiban/app/api/download/file/539405,丸岡城
618498,DEM5A,543601,FG-GML-543601-DEM5A-20250620.zip,3892,3985408,2025/06/20,/kiban/app/api/download/file/618498,丸岡城
615246,DEM5B,543601,FG-GML-543601-DEM5B-20250609.zip,93,95232,2025/06/09,/kiban/app/api/download/file/615246,丸岡城
539406,DEM10B,543602,FG-GML-543602-DEM10B-20161001.zip,1628,1667072,2016/10/01,/kiban/app/api/download/file/539406,丸岡城|越前大野城
613189,DEM1A,543602,FG-GML-543602-DEM1A-20250611.zip,1189,1217536,2025/06/11,/kiban/app/api/download/file/613189,丸岡城|越前大野城
618499,DEM5A,543602,FG-GML-543602-DEM5A-20250620.zip,5999,6142976,2025/06/20,/kiban/app/api/download/file/618499,丸岡城|越前大野城
615247,DEM5B,543602,FG-GML-543602-DEM5B-20250609.zip,160,163840,2025/06/09,/kiban/app/api/download/file/615247,丸岡城|越前大野城
539407,DEM10B,543603,FG-GML-543603-DEM10B-20161001.zip,1777,1819648,2016/10/01,/kiban/app/api/download/file/539407,越前大野城
718007,DEM1A,543603,FG-GML-543603-DEM1A-20260522.zip,13377,13698048,2026/05/22,/kiban/app/api/download/file/718007,越前大野城
720265,DEM5A,543603,FG-GML-543603-DEM5A-20260522.zip,6524,6680576,2026/05/22,/kiban/app/api/download/file/720265,越前大野城
615248,DEM5B,543603,FG-GML-543603-DEM5B-20250609.zip,69,70656,2025/06/09,/kiban/app/api/download/file/615248,越前大野城
539408,DEM10B,543604,FG-GML-543604-DEM10B-20161001.zip,2011,2059264,2016/10/01,/kiban/app/api/download/file/539408,荒島岳|越前大野城
718008,DEM1A,543604,FG-GML-543604-DEM1A-20260522.zip,6411,6564864,2026/05/22,/kiban/app/api/download/file/718008,荒島岳|越前大野城
720266,DEM5A,543604,FG-GML-543604-DEM5A-20260522.zip,6888,7053312,2026/05/22,/kiban/app/api/download/file/720266,荒島岳|越前大野城
539409,DEM10B,543605,FG-GML-543605-DEM10B-20161001.zip,2193,2245632,2016/10/01,/kiban/app/api/download/file/539409,白山（御前峰）|荒島岳
718009,DEM1A,543605,FG-GML-543605-DEM1A-20260522.zip,22512,23052288,2026/05/22,/kiban/app/api/download/file/718009,白山（御前峰）|荒島岳
720267,DEM5A,543605,FG-GML-543605-DEM5A-20260522.zip,9911,10148864,2026/05/22,/kiban/app/api/download/file/720267,白山（御前峰）|荒島岳
730041,DEM5C,543605,FG-GML-543605-DEM5C-20220124.zip,1593,1631232,2022/01/24,/kiban/app/api/download/file/730041,白山（御前峰）|荒島岳
539410,DEM10B,543606,FG-GML-543606-DEM10B-20161001.zip,2142,2193408,2016/10/01,/kiban/app/api/download/file/539410,白山（御前峰）
613192,DEM1A,543606,FG-GML-543606-DEM1A-20250611.zip,174545,178734080,2025/06/11,/kiban/app/api/download/file/613192,白山（御前峰）
618503,DEM5A,543606,FG-GML-543606-DEM5A-20250620.zip,7612,7794688,2025/06/20,/kiban/app/api/download/file/618503,白山（御前峰）
539413,DEM10B,543611,FG-GML-543611-DEM10B-20161001.zip,743,760832,2016/10/01,/kiban/app/api/download/file/539413,丸岡城
618506,DEM5A,543611,FG-GML-543611-DEM5A-20250620.zip,3447,3529728,2025/06/20,/kiban/app/api/download/file/618506,丸岡城
730044,DEM5B,543611,FG-GML-543611-DEM5B-20161001.zip,2303,2358272,2016/10/01,/kiban/app/api/download/file/730044,丸岡城
539414,DEM10B,543612,FG-GML-543612-DEM10B-20161001.zip,1404,1437696,2016/10/01,/kiban/app/api/download/file/539414,丸岡城
613194,DEM1A,543612,FG-GML-543612-DEM1A-20250611.zip,2185,2237440,2025/06/11,/kiban/app/api/download/file/613194,丸岡城
618507,DEM5A,543612,FG-GML-543612-DEM5A-20250620.zip,5265,5391360,2025/06/20,/kiban/app/api/download/file/618507,丸岡城
615249,DEM5B,543612,FG-GML-543612-DEM5B-20250609.zip,739,756736,2025/06/09,/kiban/app/api/download/file/615249,丸岡城
539415,DEM10B,543613,FG-GML-543613-DEM10B-20161001.zip,2049,2098176,2016/10/01,/kiban/app/api/download/file/539415,丸岡城
613195,DEM1A,543613,FG-GML-543613-DEM1A-20250611.zip,52743,54008832,2025/06/11,/kiban/app/api/download/file/613195,丸岡城
618508,DEM5A,543613,FG-GML-543613-DEM5A-20250620.zip,7390,7567360,2025/06/20,/kiban/app/api/download/file/618508,丸岡城
730045,DEM5B,543613,FG-GML-543613-DEM5B-20200117.zip,1815,1858560,2020/01/17,/kiban/app/api/download/file/730045,丸岡城
547628,DEM5C,543613,FG-GML-543613-DEM5C-20220124.zip,732,749568,2022/01/24,/kiban/app/api/download/file/547628,丸岡城
539417,DEM10B,543615,FG-GML-543615-DEM10B-20161001.zip,2190,2242560,2016/10/01,/kiban/app/api/download/file/539417,白山（御前峰）
718012,DEM1A,543615,FG-GML-543615-DEM1A-20260522.zip,93565,95810560,2026/05/22,/kiban/app/api/download/file/718012,白山（御前峰）
720270,DEM5A,543615,FG-GML-543615-DEM5A-20260522.zip,7891,8080384,2026/05/22,/kiban/app/api/download/file/720270,白山（御前峰）
539418,DEM10B,543616,FG-GML-543616-DEM10B-20161001.zip,2239,2292736,2016/10/01,/kiban/app/api/download/file/539418,白山（御前峰）
718013,DEM1A,543616,FG-GML-543616-DEM1A-20260522.zip,43852,44904448,2026/05/22,/kiban/app/api/download/file/718013,白山（御前峰）
720271,DEM5A,543616,FG-GML-543616-DEM5A-20260522.zip,6612,6770688,2026/05/22,/kiban/app/api/download/file/720271,白山（御前峰）
539419,DEM10B,543617,FG-GML-543617-DEM10B-20161001.zip,2073,2122752,2016/10/01,/kiban/app/api/download/file/539419,白山（御前峰）
718014,DEM1A,543617,FG-GML-543617-DEM1A-20260522.zip,64077,65614848,2026/05/22,/kiban/app/api/download/file/718014,白山（御前峰）
720272,DEM5A,543617,FG-GML-543617-DEM5A-20260522.zip,8483,8686592,2026/05/22,/kiban/app/api/download/file/720272,白山（御前峰）
539421,DEM10B,543621,FG-GML-543621-DEM10B-20161001.zip,680,696320,2016/10/01,/kiban/app/api/download/file/539421,丸岡城
618514,DEM5A,543621,FG-GML-543621-DEM5A-20250620.zip,2359,2415616,2025/06/20,/kiban/app/api/download/file/618514,丸岡城
615251,DEM5B,543621,FG-GML-543621-DEM5B-20250609.zip,2410,2467840,2025/06/09,/kiban/app/api/download/file/615251,丸岡城
539422,DEM10B,543622,FG-GML-543622-DEM10B-20161001.zip,1817,1860608,2016/10/01,/kiban/app/api/download/file/539422,丸岡城|加賀大観音
613200,DEM1A,543622,FG-GML-543622-DEM1A-20250611.zip,102408,104865792,2025/06/11,/kiban/app/api/download/file/613200,丸岡城|加賀大観音
618515,DEM5A,543622,FG-GML-543622-DEM5A-20250620.zip,7353,7529472,2025/06/20,/kiban/app/api/download/file/618515,丸岡城|加賀大観音
615252,DEM5B,543622,FG-GML-543622-DEM5B-20250609.zip,2494,2553856,2025/06/09,/kiban/app/api/download/file/615252,丸岡城|加賀大観音
539423,DEM10B,543623,FG-GML-543623-DEM10B-20161001.zip,2037,2085888,2016/10/01,/kiban/app/api/download/file/539423,丸岡城|加賀大観音
613201,DEM1A,543623,FG-GML-543623-DEM1A-20250611.zip,229574,235083776,2025/06/11,/kiban/app/api/download/file/613201,丸岡城|加賀大観音
618516,DEM5A,543623,FG-GML-543623-DEM5A-20250620.zip,9556,9785344,2025/06/20,/kiban/app/api/download/file/618516,丸岡城|加賀大観音
616015,DEM5C,543623,FG-GML-543623-DEM5C-20250605.zip,1004,1028096,2025/06/05,/kiban/app/api/download/file/616015,丸岡城|加賀大観音
539425,DEM10B,543625,FG-GML-543625-DEM10B-20161001.zip,2194,2246656,2016/10/01,/kiban/app/api/download/file/539425,白山（御前峰）
718016,DEM1A,543625,FG-GML-543625-DEM1A-20260522.zip,180836,185176064,2026/05/22,/kiban/app/api/download/file/718016,白山（御前峰）
720274,DEM5A,543625,FG-GML-543625-DEM5A-20260522.zip,9255,9477120,2026/05/22,/kiban/app/api/download/file/720274,白山（御前峰）
539426,DEM10B,543626,FG-GML-543626-DEM10B-20161001.zip,2227,2280448,2016/10/01,/kiban/app/api/download/file/539426,白山（御前峰）
718017,DEM1A,543626,FG-GML-543626-DEM1A-20260522.zip,147370,150906880,2026/05/22,/kiban/app/api/download/file/718017,白山（御前峰）
720275,DEM5A,543626,FG-GML-543626-DEM5A-20260522.zip,9289,9511936,2026/05/22,/kiban/app/api/download/file/720275,白山（御前峰）
539427,DEM10B,543627,FG-GML-543627-DEM10B-20161001.zip,2192,2244608,2016/10/01,/kiban/app/api/download/file/539427,白山（御前峰）
718018,DEM1A,543627,FG-GML-543627-DEM1A-20260522.zip,79684,81596416,2026/05/22,/kiban/app/api/download/file/718018,白山（御前峰）
720276,DEM5A,543627,FG-GML-543627-DEM5A-20260522.zip,7718,7903232,2026/05/22,/kiban/app/api/download/file/720276,白山（御前峰）
539429,DEM10B,543631,FG-GML-543631-DEM10B-20161001.zip,303,310272,2016/10/01,/kiban/app/api/download/file/539429,加賀大観音
613206,DEM1A,543631,FG-GML-543631-DEM1A-20250611.zip,1499,1534976,2025/06/11,/kiban/app/api/download/file/613206,加賀大観音
618522,DEM5A,543631,FG-GML-543631-DEM5A-20250620.zip,445,455680,2025/06/20,/kiban/app/api/download/file/618522,加賀大観音
615254,DEM5B,543631,FG-GML-543631-DEM5B-20250609.zip,1171,1199104,2025/06/09,/kiban/app/api/download/file/615254,加賀大観音
539430,DEM10B,543632,FG-GML-543632-DEM10B-20161001.zip,1308,1339392,2016/10/01,/kiban/app/api/download/file/539430,加賀大観音
613207,DEM1A,543632,FG-GML-543632-DEM1A-20250611.zip,147888,151437312,2025/06/11,/kiban/app/api/download/file/613207,加賀大観音
618523,DEM5A,543632,FG-GML-543632-DEM5A-20250620.zip,7074,7243776,2025/06/20,/kiban/app/api/download/file/618523,加賀大観音
615255,DEM5B,543632,FG-GML-543632-DEM5B-20250609.zip,555,568320,2025/06/09,/kiban/app/api/download/file/615255,加賀大観音
539431,DEM10B,543633,FG-GML-543633-DEM10B-20161001.zip,1741,1782784,2016/10/01,/kiban/app/api/download/file/539431,加賀大観音
613208,DEM1A,543633,FG-GML-543633-DEM1A-20250611.zip,199917,204715008,2025/06/11,/kiban/app/api/download/file/613208,加賀大観音
618524,DEM5A,543633,FG-GML-543633-DEM5A-20250620.zip,8683,8891392,2025/06/20,/kiban/app/api/download/file/618524,加賀大観音
546832,DEM5B,543633,FG-GML-543633-DEM5B-20161001.zip,965,988160,2016/10/01,/kiban/app/api/download/file/546832,加賀大観音
547630,DEM5C,543633,FG-GML-543633-DEM5C-20220124.zip,1450,1484800,2022/01/24,/kiban/app/api/download/file/547630,加賀大観音
539436,DEM10B,543642,FG-GML-543642-DEM10B-20161001.zip,310,317440,2016/10/01,/kiban/app/api/download/file/539436,加賀大観音
664024,DEM1A,543642,FG-GML-543642-DEM1A-20250828.zip,37822,38729728,2025/08/28,/kiban/app/api/download/file/664024,加賀大観音
662544,DEM5A,543642,FG-GML-543642-DEM5A-20250828.zip,1795,1838080,2025/08/28,/kiban/app/api/download/file/662544,加賀大観音
615256,DEM5B,543642,FG-GML-543642-DEM5B-20250609.zip,2,2048,2025/06/09,/kiban/app/api/download/file/615256,加賀大観音
539437,DEM10B,543643,FG-GML-543643-DEM10B-20161001.zip,794,813056,2016/10/01,/kiban/app/api/download/file/539437,加賀大観音
718021,DEM1A,543643,FG-GML-543643-DEM1A-20260522.zip,89645,91796480,2026/05/22,/kiban/app/api/download/file/718021,加賀大観音
720279,DEM5A,543643,FG-GML-543643-DEM5A-20260522.zip,5546,5679104,2026/05/22,/kiban/app/api/download/file/720279,加賀大観音
615257,DEM5B,543643,FG-GML-543643-DEM5B-20250609.zip,258,264192,2025/06/09,/kiban/app/api/download/file/615257,加賀大観音
539443,DEM10B,543654,FG-GML-543654-DEM10B-20161001.zip,1026,1050624,2016/10/01,/kiban/app/api/download/file/539443,金沢城
718025,DEM1A,543654,FG-GML-543654-DEM1A-20260522.zip,79242,81143808,2026/05/22,/kiban/app/api/download/file/718025,金沢城
720283,DEM5A,543654,FG-GML-543654-DEM5A-20260522.zip,6306,6457344,2026/05/22,/kiban/app/api/download/file/720283,金沢城
615259,DEM5B,543654,FG-GML-543654-DEM5B-20250609.zip,216,221184,2025/06/09,/kiban/app/api/download/file/615259,金沢城
539444,DEM10B,543655,FG-GML-543655-DEM10B-20161001.zip,2013,2061312,2016/10/01,/kiban/app/api/download/file/539444,金沢城
718026,DEM1A,543655,FG-GML-543655-DEM1A-20260522.zip,146119,149625856,2026/05/22,/kiban/app/api/download/file/718026,金沢城
720284,DEM5A,543655,FG-GML-543655-DEM5A-20260522.zip,6905,7070720,2026/05/22,/kiban/app/api/download/file/720284,金沢城
615260,DEM5B,543655,FG-GML-543655-DEM5B-20250609.zip,1978,2025472,2025/06/09,/kiban/app/api/download/file/615260,金沢城
616019,DEM5C,543655,FG-GML-543655-DEM5C-20250605.zip,4590,4700160,2025/06/05,/kiban/app/api/download/file/616019,金沢城
539448,DEM10B,543664,FG-GML-543664-DEM10B-20161001.zip,357,365568,2016/10/01,/kiban/app/api/download/file/539448,金沢城
718028,DEM1A,543664,FG-GML-543664-DEM1A-20260522.zip,3038,3110912,2026/05/22,/kiban/app/api/download/file/718028,金沢城
720286,DEM5A,543664,FG-GML-543664-DEM5A-20260522.zip,4021,4117504,2026/05/22,/kiban/app/api/download/file/720286,金沢城
730049,DEM5B,543664,FG-GML-543664-DEM5B-20100115.zip,2050,2099200,2010/01/15,/kiban/app/api/download/file/730049,金沢城
539449,DEM10B,543665,FG-GML-543665-DEM10B-20161001.zip,1566,1603584,2016/10/01,/kiban/app/api/download/file/539449,金沢城
664035,DEM1A,543665,FG-GML-543665-DEM1A-20250828.zip,79697,81609728,2025/08/28,/kiban/app/api/download/file/664035,金沢城
662555,DEM5A,543665,FG-GML-543665-DEM5A-20250828.zip,6638,6797312,2025/08/28,/kiban/app/api/download/file/662555,金沢城
615262,DEM5B,543665,FG-GML-543665-DEM5B-20250609.zip,65,66560,2025/06/09,/kiban/app/api/download/file/615262,金沢城
539450,DEM10B,543666,FG-GML-543666-DEM10B-20161001.zip,1876,1921024,2016/10/01,/kiban/app/api/download/file/539450,金沢城
664036,DEM1A,543666,FG-GML-543666-DEM1A-20250828.zip,171200,175308800,2025/08/28,/kiban/app/api/download/file/664036,金沢城
662556,DEM5A,543666,FG-GML-543666-DEM5A-20250828.zip,6544,6701056,2025/08/28,/kiban/app/api/download/file/662556,金沢城
615263,DEM5B,543666,FG-GML-543666-DEM5B-20250609.zip,1036,1060864,2025/06/09,/kiban/app/api/download/file/615263,金沢城
539452,DEM10B,543674,FG-GML-543674-DEM10B-20161001.zip,146,149504,2016/10/01,/kiban/app/api/download/file/539452,金沢城
664037,DEM1A,543674,FG-GML-543674-DEM1A-20250828.zip,8388,8589312,2025/08/28,/kiban/app/api/download/file/664037,金沢城
662557,DEM5A,543674,FG-GML-543674-DEM5A-20250828.zip,957,979968,2025/08/28,/kiban/app/api/download/file/662557,金沢城
615264,DEM5B,543674,FG-GML-543674-DEM5B-20250609.zip,15,15360,2025/06/09,/kiban/app/api/download/file/615264,金沢城
539453,DEM10B,543675,FG-GML-543675-DEM10B-20161001.zip,921,943104,2016/10/01,/kiban/app/api/download/file/539453,金沢城
664038,DEM1A,543675,FG-GML-543675-DEM1A-20250828.zip,78903,80796672,2025/08/28,/kiban/app/api/download/file/664038,金沢城
662558,DEM5A,543675,FG-GML-543675-DEM5A-20250828.zip,5836,5976064,2025/08/28,/kiban/app/api/download/file/662558,金沢城
730051,DEM5B,543675,FG-GML-543675-DEM5B-20100115.zip,3,3072,2010/01/15,/kiban/app/api/download/file/730051,金沢城
539454,DEM10B,543676,FG-GML-543676-DEM10B-20161001.zip,1636,1675264,2016/10/01,/kiban/app/api/download/file/539454,金沢城
664039,DEM1A,543676,FG-GML-543676-DEM1A-20250828.zip,178376,182657024,2025/08/28,/kiban/app/api/download/file/664039,金沢城
662559,DEM5A,543676,FG-GML-543676-DEM5A-20250828.zip,7129,7300096,2025/08/28,/kiban/app/api/download/file/662559,金沢城
730053,DEM5B,543676,FG-GML-543676-DEM5B-20161001.zip,1275,1305600,2016/10/01,/kiban/app/api/download/file/730053,金沢城
539459,DEM10B,543703,FG-GML-543703-DEM10B-20161001.zip,2090,2140160,2016/10/01,/kiban/app/api/download/file/539459,乗鞍岳
718032,DEM1A,543703,FG-GML-543703-DEM1A-20260522.zip,157531,161311744,2026/05/22,/kiban/app/api/download/file/718032,乗鞍岳
720290,DEM5A,543703,FG-GML-543703-DEM5A-20260522.zip,8374,8574976,2026/05/22,/kiban/app/api/download/file/720290,乗鞍岳
539460,DEM10B,543704,FG-GML-543704-DEM10B-20161001.zip,2098,2148352,2016/10/01,/kiban/app/api/download/file/539460,乗鞍岳
718033,DEM1A,543704,FG-GML-543704-DEM1A-20260616.zip,145621,149115904,2026/06/16,/kiban/app/api/download/file/718033,乗鞍岳
720291,DEM5A,543704,FG-GML-543704-DEM5A-20260616.zip,8059,8252416,2026/06/16,/kiban/app/api/download/file/720291,乗鞍岳
539461,DEM10B,543705,FG-GML-543705-DEM10B-20161001.zip,2147,2198528,2016/10/01,/kiban/app/api/download/file/539461,乗鞍岳
718034,DEM1A,543705,FG-GML-543705-DEM1A-20260616.zip,183676,188084224,2026/06/16,/kiban/app/api/download/file/718034,乗鞍岳
720292,DEM5A,543705,FG-GML-543705-DEM5A-20260616.zip,8443,8645632,2026/06/16,/kiban/app/api/download/file/720292,乗鞍岳
539467,DEM10B,543713,FG-GML-543713-DEM10B-20161001.zip,2144,2195456,2016/10/01,/kiban/app/api/download/file/539467,乗鞍岳
718037,DEM1A,543713,FG-GML-543713-DEM1A-20260522.zip,138834,142166016,2026/05/22,/kiban/app/api/download/file/718037,乗鞍岳
720295,DEM5A,543713,FG-GML-543713-DEM5A-20260522.zip,7506,7686144,2026/05/22,/kiban/app/api/download/file/720295,乗鞍岳
539468,DEM10B,543714,FG-GML-543714-DEM10B-20161001.zip,2233,2286592,2016/10/01,/kiban/app/api/download/file/539468,乗鞍岳|焼岳
718038,DEM1A,543714,FG-GML-543714-DEM1A-20260522.zip,160369,164217856,2026/05/22,/kiban/app/api/download/file/718038,乗鞍岳|焼岳
720296,DEM5A,543714,FG-GML-543714-DEM5A-20260522.zip,7695,7879680,2026/05/22,/kiban/app/api/download/file/720296,乗鞍岳|焼岳
539469,DEM10B,543715,FG-GML-543715-DEM10B-20161001.zip,2121,2171904,2016/10/01,/kiban/app/api/download/file/539469,乗鞍岳|焼岳
718039,DEM1A,543715,FG-GML-543715-DEM1A-20260616.zip,173676,177844224,2026/06/16,/kiban/app/api/download/file/718039,乗鞍岳|焼岳
720297,DEM5A,543715,FG-GML-543715-DEM5A-20260616.zip,8057,8250368,2026/06/16,/kiban/app/api/download/file/720297,乗鞍岳|焼岳
539471,DEM10B,543717,FG-GML-543717-DEM10B-20161001.zip,1505,1541120,2016/10/01,/kiban/app/api/download/file/539471,松本城
664046,DEM1A,543717,FG-GML-543717-DEM1A-20250822.zip,79094,80992256,2025/08/22,/kiban/app/api/download/file/664046,松本城
662566,DEM5A,543717,FG-GML-543717-DEM5A-20250822.zip,4739,4852736,2025/08/22,/kiban/app/api/download/file/662566,松本城
615268,DEM5B,543717,FG-GML-543717-DEM5B-20250609.zip,993,1016832,2025/06/09,/kiban/app/api/download/file/615268,松本城
539475,DEM10B,543723,FG-GML-543723-DEM10B-20161001.zip,2086,2136064,2016/10/01,/kiban/app/api/download/file/539475,乗鞍岳|笠ヶ岳|焼岳
718043,DEM1A,543723,FG-GML-543723-DEM1A-20260522.zip,182898,187287552,2026/05/22,/kiban/app/api/download/file/718043,乗鞍岳|笠ヶ岳|焼岳
720301,DEM5A,543723,FG-GML-543723-DEM5A-20260522.zip,8376,8577024,2026/05/22,/kiban/app/api/download/file/720301,乗鞍岳|笠ヶ岳|焼岳
536978,DEM10A,543724,FG-GML-543724-DEM10A-20161001.zip,1082,1107968,2016/10/01,/kiban/app/api/download/file/536978,乗鞍岳|穂高岳|笠ヶ岳|焼岳
539476,DEM10B,543724,FG-GML-543724-DEM10B-20161001.zip,2202,2254848,2016/10/01,/kiban/app/api/download/file/539476,乗鞍岳|穂高岳|笠ヶ岳|焼岳
685883,DEM1A,543724,FG-GML-543724-DEM1A-20251208.zip,128803,131894272,2025/12/08,/kiban/app/api/download/file/685883,乗鞍岳|穂高岳|笠ヶ岳|焼岳
686919,DEM5A,543724,FG-GML-543724-DEM5A-20251208.zip,9179,9399296,2025/12/08,/kiban/app/api/download/file/686919,乗鞍岳|穂高岳|笠ヶ岳|焼岳
536979,DEM10A,543725,FG-GML-543725-DEM10A-20161001.zip,36,36864,2016/10/01,/kiban/app/api/download/file/536979,乗鞍岳|穂高岳|笠ヶ岳|常念岳|焼岳
539477,DEM10B,543725,FG-GML-543725-DEM10B-20161001.zip,2243,2296832,2016/10/01,/kiban/app/api/download/file/539477,乗鞍岳|穂高岳|笠ヶ岳|常念岳|焼岳
685884,DEM1A,543725,FG-GML-543725-DEM1A-20251113.zip,101308,103739392,2025/11/13,/kiban/app/api/download/file/685884,乗鞍岳|穂高岳|笠ヶ岳|常念岳|焼岳
686920,DEM5A,543725,FG-GML-543725-DEM5A-20251113.zip,6820,6983680,2025/11/13,/kiban/app/api/download/file/686920,乗鞍岳|穂高岳|笠ヶ岳|常念岳|焼岳
539478,DEM10B,543726,FG-GML-543726-DEM10B-20161001.zip,2060,2109440,2016/10/01,/kiban/app/api/download/file/539478,常念岳|松本城
664049,DEM1A,543726,FG-GML-543726-DEM1A-20250822.zip,131977,135144448,2025/08/22,/kiban/app/api/download/file/664049,常念岳|松本城
662569,DEM5A,543726,FG-GML-543726-DEM5A-20250822.zip,6638,6797312,2025/08/22,/kiban/app/api/download/file/662569,常念岳|松本城
539479,DEM10B,543727,FG-GML-543727-DEM10B-20161001.zip,1002,1026048,2016/10/01,/kiban/app/api/download/file/539479,美ヶ原高原（王ヶ頭）|王ヶ頭ホテル（長野県）|松本城
664050,DEM1A,543727,FG-GML-543727-DEM1A-20250822.zip,55240,56565760,2025/08/22,/kiban/app/api/download/file/664050,美ヶ原高原（王ヶ頭）|王ヶ頭ホテル（長野県）|松本城
662570,DEM5A,543727,FG-GML-543727-DEM5A-20250822.zip,3663,3750912,2025/08/22,/kiban/app/api/download/file/662570,美ヶ原高原（王ヶ頭）|王ヶ頭ホテル（長野県）|松本城
615271,DEM5B,543727,FG-GML-543727-DEM5B-20250609.zip,339,347136,2025/06/09,/kiban/app/api/download/file/615271,美ヶ原高原（王ヶ頭）|王ヶ頭ホテル（長野県）|松本城
539483,DEM10B,543733,FG-GML-543733-DEM10B-20161001.zip,2186,2238464,2016/10/01,/kiban/app/api/download/file/539483,笠ヶ岳|焼岳
613252,DEM1A,543733,FG-GML-543733-DEM1A-20250604.zip,239685,245437440,2025/06/04,/kiban/app/api/download/file/613252,笠ヶ岳|焼岳
618576,DEM5A,543733,FG-GML-543733-DEM5A-20250620.zip,10090,10332160,2025/06/20,/kiban/app/api/download/file/618576,笠ヶ岳|焼岳
536980,DEM10A,543734,FG-GML-543734-DEM10A-20161001.zip,315,322560,2016/10/01,/kiban/app/api/download/file/536980,槍ヶ岳|穂高岳|笠ヶ岳|常念岳|鷲羽岳|焼岳
539484,DEM10B,543734,FG-GML-543734-DEM10B-20161001.zip,2272,2326528,2016/10/01,/kiban/app/api/download/file/539484,槍ヶ岳|穂高岳|笠ヶ岳|常念岳|鷲羽岳|焼岳
685885,DEM1A,543734,FG-GML-543734-DEM1A-20251113.zip,187547,192048128,2025/11/13,/kiban/app/api/download/file/685885,槍ヶ岳|穂高岳|笠ヶ岳|常念岳|鷲羽岳|焼岳
686921,DEM5A,543734,FG-GML-543734-DEM5A-20251113.zip,10135,10378240,2025/11/13,/kiban/app/api/download/file/686921,槍ヶ岳|穂高岳|笠ヶ岳|常念岳|鷲羽岳|焼岳
539485,DEM10B,543735,FG-GML-543735-DEM10B-20161001.zip,2256,2310144,2016/10/01,/kiban/app/api/download/file/539485,槍ヶ岳|穂高岳|笠ヶ岳|常念岳|鷲羽岳|焼岳
685886,DEM1A,543735,FG-GML-543735-DEM1A-20251113.zip,151622,155260928,2025/11/13,/kiban/app/api/download/file/685886,槍ヶ岳|穂高岳|笠ヶ岳|常念岳|鷲羽岳|焼岳
686922,DEM5A,543735,FG-GML-543735-DEM5A-20251113.zip,8264,8462336,2025/11/13,/kiban/app/api/download/file/686922,槍ヶ岳|穂高岳|笠ヶ岳|常念岳|鷲羽岳|焼岳
539486,DEM10B,543736,FG-GML-543736-DEM10B-20161001.zip,2116,2166784,2016/10/01,/kiban/app/api/download/file/539486,槍ヶ岳|穂高岳|常念岳|松本城
685887,DEM1A,543736,FG-GML-543736-DEM1A-20251113.zip,150157,153760768,2025/11/13,/kiban/app/api/download/file/685887,槍ヶ岳|穂高岳|常念岳|松本城
686923,DEM5A,543736,FG-GML-543736-DEM5A-20251113.zip,8341,8541184,2025/11/13,/kiban/app/api/download/file/686923,槍ヶ岳|穂高岳|常念岳|松本城
539487,DEM10B,543737,FG-GML-543737-DEM10B-20161001.zip,1367,1399808,2016/10/01,/kiban/app/api/download/file/539487,松本城
664051,DEM1A,543737,FG-GML-543737-DEM1A-20250822.zip,140238,143603712,2025/08/22,/kiban/app/api/download/file/664051,松本城
662571,DEM5A,543737,FG-GML-543737-DEM5A-20250822.zip,6834,6998016,2025/08/22,/kiban/app/api/download/file/662571,松本城
615272,DEM5B,543737,FG-GML-543737-DEM5B-20250609.zip,125,128000,2025/06/09,/kiban/app/api/download/file/615272,松本城
539491,DEM10B,543743,FG-GML-543743-DEM10B-20161001.zip,2159,2210816,2016/10/01,/kiban/app/api/download/file/539491,笠ヶ岳|鷲羽岳|薬師岳
664053,DEM1A,543743,FG-GML-543743-DEM1A-20250828.zip,205029,209949696,2025/08/28,/kiban/app/api/download/file/664053,笠ヶ岳|鷲羽岳|薬師岳
662573,DEM5A,543743,FG-GML-543743-DEM5A-20250828.zip,9220,9441280,2025/08/28,/kiban/app/api/download/file/662573,笠ヶ岳|鷲羽岳|薬師岳
539492,DEM10B,543744,FG-GML-543744-DEM10B-20161001.zip,2227,2280448,2016/10/01,/kiban/app/api/download/file/539492,槍ヶ岳|穂高岳|笠ヶ岳|常念岳|鷲羽岳|薬師岳
613261,DEM1A,543744,FG-GML-543744-DEM1A-20250604.zip,159320,163143680,2025/06/04,/kiban/app/api/download/file/613261,槍ヶ岳|穂高岳|笠ヶ岳|常念岳|鷲羽岳|薬師岳
618585,DEM5A,543744,FG-GML-543744-DEM5A-20250620.zip,8772,8982528,2025/06/20,/kiban/app/api/download/file/618585,槍ヶ岳|穂高岳|笠ヶ岳|常念岳|鷲羽岳|薬師岳
539493,DEM10B,543745,FG-GML-543745-DEM10B-20161001.zip,2288,2342912,2016/10/01,/kiban/app/api/download/file/539493,槍ヶ岳|穂高岳|笠ヶ岳|常念岳|鷲羽岳|薬師岳
685888,DEM1A,543745,FG-GML-543745-DEM1A-20251113.zip,26337,26969088,2025/11/13,/kiban/app/api/download/file/685888,槍ヶ岳|穂高岳|笠ヶ岳|常念岳|鷲羽岳|薬師岳
686924,DEM5A,543745,FG-GML-543745-DEM5A-20251113.zip,4474,4581376,2025/11/13,/kiban/app/api/download/file/686924,槍ヶ岳|穂高岳|笠ヶ岳|常念岳|鷲羽岳|薬師岳
539494,DEM10B,543746,FG-GML-543746-DEM10B-20161001.zip,2007,2055168,2016/10/01,/kiban/app/api/download/file/539494,槍ヶ岳|常念岳
613263,DEM1A,543746,FG-GML-543746-DEM1A-20250604.zip,151852,155496448,2025/06/04,/kiban/app/api/download/file/613263,槍ヶ岳|常念岳
618587,DEM5A,543746,FG-GML-543746-DEM5A-20250620.zip,8998,9213952,2025/06/20,/kiban/app/api/download/file/618587,槍ヶ岳|常念岳
539499,DEM10B,543753,FG-GML-543753-DEM10B-20161001.zip,2059,2108416,2016/10/01,/kiban/app/api/download/file/539499,鷲羽岳|薬師岳
664058,DEM1A,543753,FG-GML-543753-DEM1A-20250828.zip,149446,153032704,2025/08/28,/kiban/app/api/download/file/664058,鷲羽岳|薬師岳
662578,DEM5A,543753,FG-GML-543753-DEM5A-20250828.zip,7606,7788544,2025/08/28,/kiban/app/api/download/file/662578,鷲羽岳|薬師岳
539500,DEM10B,543754,FG-GML-543754-DEM10B-20161001.zip,2230,2283520,2016/10/01,/kiban/app/api/download/file/539500,槍ヶ岳|立山|鷲羽岳|薬師岳
664059,DEM1A,543754,FG-GML-543754-DEM1A-20250828.zip,48900,50073600,2025/08/28,/kiban/app/api/download/file/664059,槍ヶ岳|立山|鷲羽岳|薬師岳
662579,DEM5A,543754,FG-GML-543754-DEM5A-20250828.zip,9592,9822208,2025/08/28,/kiban/app/api/download/file/662579,槍ヶ岳|立山|鷲羽岳|薬師岳
539501,DEM10B,543755,FG-GML-543755-DEM10B-20161001.zip,2298,2353152,2016/10/01,/kiban/app/api/download/file/539501,槍ヶ岳|立山|鷲羽岳|薬師岳
618594,DEM5A,543755,FG-GML-543755-DEM5A-20250620.zip,2081,2130944,2025/06/20,/kiban/app/api/download/file/618594,槍ヶ岳|立山|鷲羽岳|薬師岳
539507,DEM10B,543763,FG-GML-543763-DEM10B-20161001.zip,2184,2236416,2016/10/01,/kiban/app/api/download/file/539507,薬師岳
664065,DEM1A,543763,FG-GML-543763-DEM1A-20250828.zip,167961,171992064,2025/08/28,/kiban/app/api/download/file/664065,薬師岳
662585,DEM5A,543763,FG-GML-543763-DEM5A-20250828.zip,7906,8095744,2025/08/28,/kiban/app/api/download/file/662585,薬師岳
539508,DEM10B,543764,FG-GML-543764-DEM10B-20161001.zip,2269,2323456,2016/10/01,/kiban/app/api/download/file/539508,剱岳|立山|薬師岳
664066,DEM1A,543764,FG-GML-543764-DEM1A-20250828.zip,128210,131287040,2025/08/28,/kiban/app/api/download/file/664066,剱岳|立山|薬師岳
662586,DEM5A,543764,FG-GML-543764-DEM5A-20250828.zip,7946,8136704,2025/08/28,/kiban/app/api/download/file/662586,剱岳|立山|薬師岳
539509,DEM10B,543765,FG-GML-543765-DEM10B-20161001.zip,2229,2282496,2016/10/01,/kiban/app/api/download/file/539509,剱岳|立山|五竜岳|鹿島槍ヶ岳|薬師岳
618602,DEM5A,543765,FG-GML-543765-DEM5A-20250620.zip,6397,6550528,2025/06/20,/kiban/app/api/download/file/618602,剱岳|立山|五竜岳|鹿島槍ヶ岳|薬師岳
539510,DEM10B,543766,FG-GML-543766-DEM10B-20161001.zip,1956,2002944,2016/10/01,/kiban/app/api/download/file/539510,五竜岳|鹿島槍ヶ岳
685889,DEM1A,543766,FG-GML-543766-DEM1A-20251113.zip,165006,168966144,2025/11/13,/kiban/app/api/download/file/685889,五竜岳|鹿島槍ヶ岳
686925,DEM5A,543766,FG-GML-543766-DEM5A-20251113.zip,8206,8402944,2025/11/13,/kiban/app/api/download/file/686925,五竜岳|鹿島槍ヶ岳
539512,DEM10B,543770,FG-GML-543770-DEM10B-20161001.zip,1609,1647616,2016/10/01,/kiban/app/api/download/file/539512,富山城
664068,DEM1A,543770,FG-GML-543770-DEM1A-20250828.zip,190869,195449856,2025/08/28,/kiban/app/api/download/file/664068,富山城
662588,DEM5A,543770,FG-GML-543770-DEM5A-20250828.zip,5981,6124544,2025/08/28,/kiban/app/api/download/file/662588,富山城
615274,DEM5B,543770,FG-GML-543770-DEM5B-20250609.zip,85,87040,2025/06/09,/kiban/app/api/download/file/615274,富山城
539513,DEM10B,543771,FG-GML-543771-DEM10B-20161001.zip,780,798720,2016/10/01,/kiban/app/api/download/file/539513,富山城
613280,DEM1A,543771,FG-GML-543771-DEM1A-20250604.zip,132988,136179712,2025/06/04,/kiban/app/api/download/file/613280,富山城
618606,DEM5A,543771,FG-GML-543771-DEM5A-20250620.zip,3321,3400704,2025/06/20,/kiban/app/api/download/file/618606,富山城
730059,DEM5B,543771,FG-GML-543771-DEM5B-20100625.zip,4868,4984832,2010/06/25,/kiban/app/api/download/file/730059,富山城
539514,DEM10B,543772,FG-GML-543772-DEM10B-20161001.zip,1386,1419264,2016/10/01,/kiban/app/api/download/file/539514,富山城
664069,DEM1A,543772,FG-GML-543772-DEM1A-20250828.zip,140645,144020480,2025/08/28,/kiban/app/api/download/file/664069,富山城
662589,DEM5A,543772,FG-GML-543772-DEM5A-20250828.zip,5177,5301248,2025/08/28,/kiban/app/api/download/file/662589,富山城
615275,DEM5B,543772,FG-GML-543772-DEM5B-20250609.zip,844,864256,2025/06/09,/kiban/app/api/download/file/615275,富山城
539516,DEM10B,543774,FG-GML-543774-DEM10B-20161001.zip,2269,2323456,2016/10/01,/kiban/app/api/download/file/539516,剱岳|立山
664071,DEM1A,543774,FG-GML-543774-DEM1A-20250828.zip,173838,178010112,2025/08/28,/kiban/app/api/download/file/664071,剱岳|立山
662591,DEM5A,543774,FG-GML-543774-DEM5A-20250828.zip,8486,8689664,2025/08/28,/kiban/app/api/download/file/662591,剱岳|立山
539517,DEM10B,543775,FG-GML-543775-DEM10B-20161001.zip,2306,2361344,2016/10/01,/kiban/app/api/download/file/539517,剱岳|立山|五竜岳|鹿島槍ヶ岳
685890,DEM1A,543775,FG-GML-543775-DEM1A-20251113.zip,2338,2394112,2025/11/13,/kiban/app/api/download/file/685890,剱岳|立山|五竜岳|鹿島槍ヶ岳
686926,DEM5A,543775,FG-GML-543775-DEM5A-20251113.zip,8522,8726528,2025/11/13,/kiban/app/api/download/file/686926,剱岳|立山|五竜岳|鹿島槍ヶ岳
539518,DEM10B,543776,FG-GML-543776-DEM10B-20161001.zip,2181,2233344,2016/10/01,/kiban/app/api/download/file/539518,五竜岳|鹿島槍ヶ岳
685891,DEM1A,543776,FG-GML-543776-DEM1A-20251113.zip,198614,203380736,2025/11/13,/kiban/app/api/download/file/685891,五竜岳|鹿島槍ヶ岳
686927,DEM5A,543776,FG-GML-543776-DEM5A-20251113.zip,9070,9287680,2025/11/13,/kiban/app/api/download/file/686927,五竜岳|鹿島槍ヶ岳
539521,DEM10B,543801,FG-GML-543801-DEM10B-20161001.zip,1863,1907712,2016/10/01,/kiban/app/api/download/file/539521,蓼科山
664074,DEM1A,543801,FG-GML-543801-DEM1A-20250819.zip,120011,122891264,2025/08/19,/kiban/app/api/download/file/664074,蓼科山
662593,DEM5A,543801,FG-GML-543801-DEM5A-20250819.zip,6465,6620160,2025/08/19,/kiban/app/api/download/file/662593,蓼科山
539522,DEM10B,543802,FG-GML-543802-DEM10B-20161001.zip,2149,2200576,2016/10/01,/kiban/app/api/download/file/539522,赤岳（八ヶ岳）|蓼科山
718050,DEM1A,543802,FG-GML-543802-DEM1A-20260616.zip,146809,150332416,2026/06/16,/kiban/app/api/download/file/718050,赤岳（八ヶ岳）|蓼科山
720308,DEM5A,543802,FG-GML-543802-DEM5A-20260616.zip,7495,7674880,2026/06/16,/kiban/app/api/download/file/720308,赤岳（八ヶ岳）|蓼科山
539523,DEM10B,543803,FG-GML-543803-DEM10B-20161001.zip,2076,2125824,2016/10/01,/kiban/app/api/download/file/539523,赤岳（八ヶ岳）|蓼科山
718051,DEM1A,543803,FG-GML-543803-DEM1A-20260616.zip,140777,144155648,2026/06/16,/kiban/app/api/download/file/718051,赤岳（八ヶ岳）|蓼科山
720309,DEM5A,543803,FG-GML-543803-DEM5A-20260616.zip,7194,7366656,2026/06/16,/kiban/app/api/download/file/720309,赤岳（八ヶ岳）|蓼科山
539525,DEM10B,543805,FG-GML-543805-DEM10B-20161001.zip,2157,2208768,2016/10/01,/kiban/app/api/download/file/539525,両神山
685896,DEM1A,543805,FG-GML-543805-DEM1A-20251113.zip,173261,177419264,2025/11/13,/kiban/app/api/download/file/685896,両神山
686932,DEM5A,543805,FG-GML-543805-DEM5A-20251113.zip,7942,8132608,2025/11/13,/kiban/app/api/download/file/686932,両神山
539526,DEM10B,543806,FG-GML-543806-DEM10B-20161001.zip,2137,2188288,2016/10/01,/kiban/app/api/download/file/539526,両神山
685897,DEM1A,543806,FG-GML-543806-DEM1A-20251113.zip,239295,245038080,2025/11/13,/kiban/app/api/download/file/685897,両神山
686933,DEM5A,543806,FG-GML-543806-DEM5A-20251113.zip,7951,8141824,2025/11/13,/kiban/app/api/download/file/686933,両神山
539527,DEM10B,543807,FG-GML-543807-DEM10B-20161001.zip,2054,2103296,2016/10/01,/kiban/app/api/download/file/539527,両神山
613289,DEM1A,543807,FG-GML-543807-DEM1A-20250604.zip,230941,236483584,2025/06/04,/kiban/app/api/download/file/613289,両神山
618620,DEM5A,543807,FG-GML-543807-DEM5A-20250620.zip,7430,7608320,2025/06/20,/kiban/app/api/download/file/618620,両神山
539528,DEM10B,543810,FG-GML-543810-DEM10B-20161001.zip,2081,2130944,2016/10/01,/kiban/app/api/download/file/539528,美ヶ原高原（王ヶ頭）|王ヶ頭ホテル（長野県）|美しの塔（長野県）|松本城
685898,DEM1A,543810,FG-GML-543810-DEM1A-20251113.zip,159908,163745792,2025/11/13,/kiban/app/api/download/file/685898,美ヶ原高原（王ヶ頭）|王ヶ頭ホテル（長野県）|美しの塔（長野県）|松本城
686934,DEM5A,543810,FG-GML-543810-DEM5A-20251113.zip,7735,7920640,2025/11/13,/kiban/app/api/download/file/686934,美ヶ原高原（王ヶ頭）|王ヶ頭ホテル（長野県）|美しの塔（長野県）|松本城
615277,DEM5B,543810,FG-GML-543810-DEM5B-20250609.zip,562,575488,2025/06/09,/kiban/app/api/download/file/615277,美ヶ原高原（王ヶ頭）|王ヶ頭ホテル（長野県）|美しの塔（長野県）|松本城
539529,DEM10B,543811,FG-GML-543811-DEM10B-20161001.zip,2015,2063360,2016/10/01,/kiban/app/api/download/file/539529,美ヶ原高原（王ヶ頭）|王ヶ頭ホテル（長野県）|美しの塔（長野県）|蓼科山
718052,DEM1A,543811,FG-GML-543811-DEM1A-20260616.zip,148175,151731200,2026/06/16,/kiban/app/api/download/file/718052,美ヶ原高原（王ヶ頭）|王ヶ頭ホテル（長野県）|美しの塔（長野県）|蓼科山
720310,DEM5A,543811,FG-GML-543811-DEM5A-20260616.zip,7415,7592960,2026/06/16,/kiban/app/api/download/file/720310,美ヶ原高原（王ヶ頭）|王ヶ頭ホテル（長野県）|美しの塔（長野県）|蓼科山
615278,DEM5B,543811,FG-GML-543811-DEM5B-20250609.zip,99,101376,2025/06/09,/kiban/app/api/download/file/615278,美ヶ原高原（王ヶ頭）|王ヶ頭ホテル（長野県）|美しの塔（長野県）|蓼科山
539530,DEM10B,543812,FG-GML-543812-DEM10B-20161001.zip,2064,2113536,2016/10/01,/kiban/app/api/download/file/539530,蓼科山
718053,DEM1A,543812,FG-GML-543812-DEM1A-20260616.zip,168616,172662784,2026/06/16,/kiban/app/api/download/file/718053,蓼科山
720311,DEM5A,543812,FG-GML-543812-DEM5A-20260616.zip,7969,8160256,2026/06/16,/kiban/app/api/download/file/720311,蓼科山
539531,DEM10B,543813,FG-GML-543813-DEM10B-20161001.zip,1999,2046976,2016/10/01,/kiban/app/api/download/file/539531,蓼科山
718054,DEM1A,543813,FG-GML-543813-DEM1A-20260616.zip,130513,133645312,2026/06/16,/kiban/app/api/download/file/718054,蓼科山
720312,DEM5A,543813,FG-GML-543813-DEM5A-20260616.zip,6796,6959104,2026/06/16,/kiban/app/api/download/file/720312,蓼科山
539534,DEM10B,543816,FG-GML-543816-DEM10B-20161001.zip,2107,2157568,2016/10/01,/kiban/app/api/download/file/539534,両神山
685904,DEM1A,543816,FG-GML-543816-DEM1A-20251113.zip,209743,214776832,2025/11/13,/kiban/app/api/download/file/685904,両神山
686940,DEM5A,543816,FG-GML-543816-DEM5A-20251113.zip,7871,8059904,2025/11/13,/kiban/app/api/download/file/686940,両神山
539535,DEM10B,543817,FG-GML-543817-DEM10B-20161001.zip,2038,2086912,2016/10/01,/kiban/app/api/download/file/539535,両神山
718055,DEM1A,543817,FG-GML-543817-DEM1A-20260616.zip,210537,215589888,2026/06/16,/kiban/app/api/download/file/718055,両神山
720313,DEM5A,543817,FG-GML-543817-DEM5A-20260616.zip,7824,8011776,2026/06/16,/kiban/app/api/download/file/720313,両神山
539536,DEM10B,543820,FG-GML-543820-DEM10B-20161001.zip,2170,2222080,2016/10/01,/kiban/app/api/download/file/539536,美ヶ原高原（王ヶ頭）|王ヶ頭ホテル（長野県）|美しの塔（長野県）|松本城
718056,DEM1A,543820,FG-GML-543820-DEM1A-20260616.zip,162351,166247424,2026/06/16,/kiban/app/api/download/file/718056,美ヶ原高原（王ヶ頭）|王ヶ頭ホテル（長野県）|美しの塔（長野県）|松本城
720314,DEM5A,543820,FG-GML-543820-DEM5A-20260616.zip,7790,7976960,2026/06/16,/kiban/app/api/download/file/720314,美ヶ原高原（王ヶ頭）|王ヶ頭ホテル（長野県）|美しの塔（長野県）|松本城
615279,DEM5B,543820,FG-GML-543820-DEM5B-20250609.zip,961,984064,2025/06/09,/kiban/app/api/download/file/615279,美ヶ原高原（王ヶ頭）|王ヶ頭ホテル（長野県）|美しの塔（長野県）|松本城
539537,DEM10B,543821,FG-GML-543821-DEM10B-20161001.zip,2157,2208768,2016/10/01,/kiban/app/api/download/file/539537,美ヶ原高原（王ヶ頭）|王ヶ頭ホテル（長野県）|美しの塔（長野県）|蓼科山
718057,DEM1A,543821,FG-GML-543821-DEM1A-20260616.zip,159191,163011584,2026/06/16,/kiban/app/api/download/file/718057,美ヶ原高原（王ヶ頭）|王ヶ頭ホテル（長野県）|美しの塔（長野県）|蓼科山
720315,DEM5A,543821,FG-GML-543821-DEM5A-20260616.zip,7655,7838720,2026/06/16,/kiban/app/api/download/file/720315,美ヶ原高原（王ヶ頭）|王ヶ頭ホテル（長野県）|美しの塔（長野県）|蓼科山
615280,DEM5B,543821,FG-GML-543821-DEM5B-20250609.zip,436,446464,2025/06/09,/kiban/app/api/download/file/615280,美ヶ原高原（王ヶ頭）|王ヶ頭ホテル（長野県）|美しの塔（長野県）|蓼科山
539538,DEM10B,543822,FG-GML-543822-DEM10B-20161001.zip,1972,2019328,2016/10/01,/kiban/app/api/download/file/539538,蓼科山
685907,DEM1A,543822,FG-GML-543822-DEM1A-20251113.zip,134413,137638912,2025/11/13,/kiban/app/api/download/file/685907,蓼科山
686943,DEM5A,543822,FG-GML-543822-DEM5A-20251113.zip,6916,7081984,2025/11/13,/kiban/app/api/download/file/686943,蓼科山
539544,DEM10B,543830,FG-GML-543830-DEM10B-20161001.zip,2125,2176000,2016/10/01,/kiban/app/api/download/file/539544,美ヶ原高原（王ヶ頭）|王ヶ頭ホテル（長野県）|美しの塔（長野県）|松本城
718059,DEM1A,543830,FG-GML-543830-DEM1A-20260616.zip,163937,167871488,2026/06/16,/kiban/app/api/download/file/718059,美ヶ原高原（王ヶ頭）|王ヶ頭ホテル（長野県）|美しの塔（長野県）|松本城
720317,DEM5A,543830,FG-GML-543830-DEM5A-20260616.zip,7749,7934976,2026/06/16,/kiban/app/api/download/file/720317,美ヶ原高原（王ヶ頭）|王ヶ頭ホテル（長野県）|美しの塔（長野県）|松本城
615281,DEM5B,543830,FG-GML-543830-DEM5B-20250609.zip,143,146432,2025/06/09,/kiban/app/api/download/file/615281,美ヶ原高原（王ヶ頭）|王ヶ頭ホテル（長野県）|美しの塔（長野県）|松本城
539545,DEM10B,543831,FG-GML-543831-DEM10B-20161001.zip,2034,2082816,2016/10/01,/kiban/app/api/download/file/539545,美ヶ原高原（王ヶ頭）|王ヶ頭ホテル（長野県）|美しの塔（長野県）|上田城
718060,DEM1A,543831,FG-GML-543831-DEM1A-20260616.zip,153989,157684736,2026/06/16,/kiban/app/api/download/file/718060,美ヶ原高原（王ヶ頭）|王ヶ頭ホテル（長野県）|美しの塔（長野県）|上田城
720318,DEM5A,543831,FG-GML-543831-DEM5A-20260616.zip,7320,7495680,2026/06/16,/kiban/app/api/download/file/720318,美ヶ原高原（王ヶ頭）|王ヶ頭ホテル（長野県）|美しの塔（長野県）|上田城
539546,DEM10B,543832,FG-GML-543832-DEM10B-20161001.zip,1769,1811456,2016/10/01,/kiban/app/api/download/file/539546,上田城
664088,DEM1A,543832,FG-GML-543832-DEM1A-20250822.zip,105588,108122112,2025/08/22,/kiban/app/api/download/file/664088,上田城
662607,DEM5A,543832,FG-GML-543832-DEM5A-20250822.zip,5862,6002688,2025/08/22,/kiban/app/api/download/file/662607,上田城
539547,DEM10B,543833,FG-GML-543833-DEM10B-20161001.zip,1504,1540096,2016/10/01,/kiban/app/api/download/file/539547,浅間山
664089,DEM1A,543833,FG-GML-543833-DEM1A-20250822.zip,72922,74672128,2025/08/22,/kiban/app/api/download/file/664089,浅間山
662608,DEM5A,543833,FG-GML-543833-DEM5A-20250822.zip,4614,4724736,2025/08/22,/kiban/app/api/download/file/662608,浅間山
539548,DEM10B,543834,FG-GML-543834-DEM10B-20161001.zip,1823,1866752,2016/10/01,/kiban/app/api/download/file/539548,浅間山
718061,DEM1A,543834,FG-GML-543834-DEM1A-20260522.zip,122471,125410304,2026/05/22,/kiban/app/api/download/file/718061,浅間山
720319,DEM5A,543834,FG-GML-543834-DEM5A-20260522.zip,6364,6516736,2026/05/22,/kiban/app/api/download/file/720319,浅間山
539551,DEM10B,543837,FG-GML-543837-DEM10B-20161001.zip,1476,1511424,2016/10/01,/kiban/app/api/download/file/539551,群馬県庁舎
718064,DEM1A,543837,FG-GML-543837-DEM1A-20260616.zip,133045,136238080,2026/06/16,/kiban/app/api/download/file/718064,群馬県庁舎
720322,DEM5A,543837,FG-GML-543837-DEM5A-20260616.zip,6611,6769664,2026/06/16,/kiban/app/api/download/file/720322,群馬県庁舎
730061,DEM5B,543837,FG-GML-543837-DEM5B-20161001.zip,292,299008,2016/10/01,/kiban/app/api/download/file/730061,群馬県庁舎
539553,DEM10B,543841,FG-GML-543841-DEM10B-20161001.zip,1636,1675264,2016/10/01,/kiban/app/api/download/file/539553,上田城
664093,DEM1A,543841,FG-GML-543841-DEM1A-20250822.zip,101969,104416256,2025/08/22,/kiban/app/api/download/file/664093,上田城
662612,DEM5A,543841,FG-GML-543841-DEM5A-20250822.zip,5585,5719040,2025/08/22,/kiban/app/api/download/file/662612,上田城
539554,DEM10B,543842,FG-GML-543842-DEM10B-20161001.zip,1765,1807360,2016/10/01,/kiban/app/api/download/file/539554,上田城
664094,DEM1A,543842,FG-GML-543842-DEM1A-20250822.zip,94452,96718848,2025/08/22,/kiban/app/api/download/file/664094,上田城
662613,DEM5A,543842,FG-GML-543842-DEM5A-20250822.zip,5539,5671936,2025/08/22,/kiban/app/api/download/file/662613,上田城
536981,DEM10A,543843,FG-GML-543843-DEM10A-20161001.zip,575,588800,2016/10/01,/kiban/app/api/download/file/536981,浅間山
539555,DEM10B,543843,FG-GML-543843-DEM10B-20161001.zip,2023,2071552,2016/10/01,/kiban/app/api/download/file/539555,浅間山
718066,DEM1A,543843,FG-GML-543843-DEM1A-20260616.zip,111383,114056192,2026/06/16,/kiban/app/api/download/file/718066,浅間山
720324,DEM5A,543843,FG-GML-543843-DEM5A-20260616.zip,6844,7008256,2026/06/16,/kiban/app/api/download/file/720324,浅間山
536982,DEM10A,543844,FG-GML-543844-DEM10A-20161001.zip,1205,1233920,2016/10/01,/kiban/app/api/download/file/536982,浅間山
539556,DEM10B,543844,FG-GML-543844-DEM10B-20161001.zip,1898,1943552,2016/10/01,/kiban/app/api/download/file/539556,浅間山
664096,DEM1A,543844,FG-GML-543844-DEM1A-20250822.zip,80206,82130944,2025/08/22,/kiban/app/api/download/file/664096,浅間山
662615,DEM5A,543844,FG-GML-543844-DEM5A-20250822.zip,6338,6490112,2025/08/22,/kiban/app/api/download/file/662615,浅間山
539557,DEM10B,543845,FG-GML-543845-DEM10B-20161001.zip,2060,2109440,2016/10/01,/kiban/app/api/download/file/539557,浅間山
685918,DEM1A,543845,FG-GML-543845-DEM1A-20251113.zip,142127,145538048,2025/11/13,/kiban/app/api/download/file/685918,浅間山
686954,DEM5A,543845,FG-GML-543845-DEM5A-20251113.zip,7221,7394304,2025/11/13,/kiban/app/api/download/file/686954,浅間山
539559,DEM10B,543847,FG-GML-543847-DEM10B-20161001.zip,1492,1527808,2016/10/01,/kiban/app/api/download/file/539559,群馬県庁舎
718068,DEM1A,543847,FG-GML-543847-DEM1A-20260616.zip,82664,84647936,2026/06/16,/kiban/app/api/download/file/718068,群馬県庁舎
720326,DEM5A,543847,FG-GML-543847-DEM5A-20260616.zip,4989,5108736,2026/06/16,/kiban/app/api/download/file/720326,群馬県庁舎
730063,DEM5B,543847,FG-GML-543847-DEM5B-20161001.zip,1189,1217536,2016/10/01,/kiban/app/api/download/file/730063,群馬県庁舎
539561,DEM10B,543851,FG-GML-543851-DEM10B-20161001.zip,1915,1960960,2016/10/01,/kiban/app/api/download/file/539561,上田城
664099,DEM1A,543851,FG-GML-543851-DEM1A-20250822.zip,135992,139255808,2025/08/22,/kiban/app/api/download/file/664099,上田城
662618,DEM5A,543851,FG-GML-543851-DEM5A-20250822.zip,6757,6919168,2025/08/22,/kiban/app/api/download/file/662618,上田城
539562,DEM10B,543852,FG-GML-543852-DEM10B-20161001.zip,2098,2148352,2016/10/01,/kiban/app/api/download/file/539562,上田城
718069,DEM1A,543852,FG-GML-543852-DEM1A-20260616.zip,155171,158895104,2026/06/16,/kiban/app/api/download/file/718069,上田城
720327,DEM5A,543852,FG-GML-543852-DEM5A-20260616.zip,7511,7691264,2026/06/16,/kiban/app/api/download/file/720327,上田城
536983,DEM10A,543853,FG-GML-543853-DEM10A-20161001.zip,543,556032,2016/10/01,/kiban/app/api/download/file/536983,浅間山
539563,DEM10B,543853,FG-GML-543853-DEM10B-20161001.zip,1972,2019328,2016/10/01,/kiban/app/api/download/file/539563,浅間山
718070,DEM1A,543853,FG-GML-543853-DEM1A-20260616.zip,64046,65583104,2026/06/16,/kiban/app/api/download/file/718070,浅間山
720328,DEM5A,543853,FG-GML-543853-DEM5A-20260616.zip,7097,7267328,2026/06/16,/kiban/app/api/download/file/720328,浅間山
536984,DEM10A,543854,FG-GML-543854-DEM10A-20161001.zip,1118,1144832,2016/10/01,/kiban/app/api/download/file/536984,浅間山
539564,DEM10B,543854,FG-GML-543854-DEM10B-20161001.zip,1725,1766400,2016/10/01,/kiban/app/api/download/file/539564,浅間山
685922,DEM1A,543854,FG-GML-543854-DEM1A-20251113.zip,715,732160,2025/11/13,/kiban/app/api/download/file/685922,浅間山
686958,DEM5A,543854,FG-GML-543854-DEM5A-20251113.zip,5731,5868544,2025/11/13,/kiban/app/api/download/file/686958,浅間山
539565,DEM10B,543855,FG-GML-543855-DEM10B-20161001.zip,2113,2163712,2016/10/01,/kiban/app/api/download/file/539565,浅間山
685923,DEM1A,543855,FG-GML-543855-DEM1A-20251113.zip,139689,143041536,2025/11/13,/kiban/app/api/download/file/685923,浅間山
686959,DEM5A,543855,FG-GML-543855-DEM5A-20251113.zip,7433,7611392,2025/11/13,/kiban/app/api/download/file/686959,浅間山
539567,DEM10B,543857,FG-GML-543857-DEM10B-20161001.zip,2040,2088960,2016/10/01,/kiban/app/api/download/file/539567,群馬県庁舎
718072,DEM1A,543857,FG-GML-543857-DEM1A-20260616.zip,118603,121449472,2026/06/16,/kiban/app/api/download/file/718072,群馬県庁舎
720330,DEM5A,543857,FG-GML-543857-DEM5A-20260616.zip,6480,6635520,2026/06/16,/kiban/app/api/download/file/720330,群馬県庁舎
730065,DEM5B,543857,FG-GML-543857-DEM5B-20161001.zip,1000,1024000,2016/10/01,/kiban/app/api/download/file/730065,群馬県庁舎
539575,DEM10B,543867,FG-GML-543867-DEM10B-20161001.zip,1929,1975296,2016/10/01,/kiban/app/api/download/file/539575,沼田城跡
718075,DEM1A,543867,FG-GML-543867-DEM1A-20260616.zip,52975,54246400,2026/06/16,/kiban/app/api/download/file/718075,沼田城跡
720333,DEM5A,543867,FG-GML-543867-DEM5A-20260616.zip,7690,7874560,2026/06/16,/kiban/app/api/download/file/720333,沼田城跡
539583,DEM10B,543877,FG-GML-543877-DEM10B-20161001.zip,1951,1997824,2016/10/01,/kiban/app/api/download/file/539583,沼田城跡
618676,DEM5A,543877,FG-GML-543877-DEM5A-20250620.zip,9106,9324544,2025/06/20,/kiban/app/api/download/file/618676,沼田城跡
539584,DEM10B,543900,FG-GML-543900-DEM10B-20161001.zip,1779,1821696,2016/10/01,/kiban/app/api/download/file/539584,鉢形城跡
613315,DEM1A,543900,FG-GML-543900-DEM1A-20250509.zip,201654,206493696,2025/05/09,/kiban/app/api/download/file/613315,鉢形城跡
618677,DEM5A,543900,FG-GML-543900-DEM5A-20250620.zip,6245,6394880,2025/06/20,/kiban/app/api/download/file/618677,鉢形城跡
730075,DEM5C,543900,FG-GML-543900-DEM5C-20220124.zip,1104,1130496,2022/01/24,/kiban/app/api/download/file/730075,鉢形城跡
539585,DEM10B,543901,FG-GML-543901-DEM10B-20161001.zip,1998,2045952,2016/10/01,/kiban/app/api/download/file/539585,鉢形城跡|杉山城跡
718078,DEM1A,543901,FG-GML-543901-DEM1A-20260616.zip,165543,169516032,2026/06/16,/kiban/app/api/download/file/718078,鉢形城跡|杉山城跡
720336,DEM5A,543901,FG-GML-543901-DEM5A-20260616.zip,7153,7324672,2026/06/16,/kiban/app/api/download/file/720336,鉢形城跡|杉山城跡
730077,DEM5B,543901,FG-GML-543901-DEM5B-20161001.zip,3985,4080640,2016/10/01,/kiban/app/api/download/file/730077,鉢形城跡|杉山城跡
539586,DEM10B,543902,FG-GML-543902-DEM10B-20161001.zip,1426,1460224,2016/10/01,/kiban/app/api/download/file/539586,忍城|鉢形城跡|杉山城跡
718079,DEM1A,543902,FG-GML-543902-DEM1A-20260616.zip,84670,86702080,2026/06/16,/kiban/app/api/download/file/718079,忍城|鉢形城跡|杉山城跡
720337,DEM5A,543902,FG-GML-543902-DEM5A-20260616.zip,5022,5142528,2026/06/16,/kiban/app/api/download/file/720337,忍城|鉢形城跡|杉山城跡
730078,DEM5B,543902,FG-GML-543902-DEM5B-20101001.zip,7395,7572480,2010/10/01,/kiban/app/api/download/file/730078,忍城|鉢形城跡|杉山城跡
539587,DEM10B,543903,FG-GML-543903-DEM10B-20161001.zip,735,752640,2016/10/01,/kiban/app/api/download/file/539587,川越城|忍城|杉山城跡
718080,DEM1A,543903,FG-GML-543903-DEM1A-20260616.zip,45477,46568448,2026/06/16,/kiban/app/api/download/file/718080,川越城|忍城|杉山城跡
720338,DEM5A,543903,FG-GML-543903-DEM5A-20260616.zip,3419,3501056,2026/06/16,/kiban/app/api/download/file/720338,川越城|忍城|杉山城跡
730079,DEM5B,543903,FG-GML-543903-DEM5B-20101001.zip,5498,5629952,2010/10/01,/kiban/app/api/download/file/730079,川越城|忍城|杉山城跡
539588,DEM10B,543904,FG-GML-543904-DEM10B-20161001.zip,443,453632,2016/10/01,/kiban/app/api/download/file/539588,川越城|忍城|岩槻城跡|東武動物公園
718081,DEM1A,543904,FG-GML-543904-DEM1A-20260616.zip,2340,2396160,2026/06/16,/kiban/app/api/download/file/718081,川越城|忍城|岩槻城跡|東武動物公園
720339,DEM5A,543904,FG-GML-543904-DEM5A-20260616.zip,3898,3991552,2026/06/16,/kiban/app/api/download/file/720339,川越城|忍城|岩槻城跡|東武動物公園
730080,DEM5B,543904,FG-GML-543904-DEM5B-20101001.zip,4261,4363264,2010/10/01,/kiban/app/api/download/file/730080,川越城|忍城|岩槻城跡|東武動物公園
539589,DEM10B,543905,FG-GML-543905-DEM10B-20161001.zip,313,320512,2016/10/01,/kiban/app/api/download/file/539589,岩槻城跡|東武動物公園
618682,DEM5A,543905,FG-GML-543905-DEM5A-20250620.zip,2695,2759680,2025/06/20,/kiban/app/api/download/file/618682,岩槻城跡|東武動物公園
730081,DEM5B,543905,FG-GML-543905-DEM5B-20101001.zip,2714,2779136,2010/10/01,/kiban/app/api/download/file/730081,岩槻城跡|東武動物公園
539590,DEM10B,543906,FG-GML-543906-DEM10B-20161001.zip,414,423936,2016/10/01,/kiban/app/api/download/file/539590,岩槻城跡|東武動物公園
718082,DEM1A,543906,FG-GML-543906-DEM1A-20260616.zip,26350,26982400,2026/06/16,/kiban/app/api/download/file/718082,岩槻城跡|東武動物公園
720340,DEM5A,543906,FG-GML-543906-DEM5A-20260616.zip,3627,3714048,2026/06/16,/kiban/app/api/download/file/720340,岩槻城跡|東武動物公園
730082,DEM5B,543906,FG-GML-543906-DEM5B-20090901.zip,4333,4436992,2009/09/01,/kiban/app/api/download/file/730082,岩槻城跡|東武動物公園
539592,DEM10B,543910,FG-GML-543910-DEM10B-20161001.zip,1963,2010112,2016/10/01,/kiban/app/api/download/file/539592,鉢形城跡
718084,DEM1A,543910,FG-GML-543910-DEM1A-20260616.zip,156261,160011264,2026/06/16,/kiban/app/api/download/file/718084,鉢形城跡
720342,DEM5A,543910,FG-GML-543910-DEM5A-20260616.zip,7201,7373824,2026/06/16,/kiban/app/api/download/file/720342,鉢形城跡
616025,DEM5C,543910,FG-GML-543910-DEM5C-20250605.zip,1589,1627136,2025/06/05,/kiban/app/api/download/file/616025,鉢形城跡
539593,DEM10B,543911,FG-GML-543911-DEM10B-20161001.zip,1534,1570816,2016/10/01,/kiban/app/api/download/file/539593,鉢形城跡|杉山城跡
718085,DEM1A,543911,FG-GML-543911-DEM1A-20260616.zip,89588,91738112,2026/06/16,/kiban/app/api/download/file/718085,鉢形城跡|杉山城跡
720343,DEM5A,543911,FG-GML-543911-DEM5A-20260616.zip,5565,5698560,2026/06/16,/kiban/app/api/download/file/720343,鉢形城跡|杉山城跡
615284,DEM5B,543911,FG-GML-543911-DEM5B-20250609.zip,382,391168,2025/06/09,/kiban/app/api/download/file/615284,鉢形城跡|杉山城跡
539594,DEM10B,543912,FG-GML-543912-DEM10B-20161001.zip,817,836608,2016/10/01,/kiban/app/api/download/file/539594,忍城|鉢形城跡|杉山城跡
718086,DEM1A,543912,FG-GML-543912-DEM1A-20260616.zip,53625,54912000,2026/06/16,/kiban/app/api/download/file/718086,忍城|鉢形城跡|杉山城跡
720344,DEM5A,543912,FG-GML-543912-DEM5A-20260616.zip,3547,3632128,2026/06/16,/kiban/app/api/download/file/720344,忍城|鉢形城跡|杉山城跡
730084,DEM5B,543912,FG-GML-543912-DEM5B-20101001.zip,5962,6105088,2010/10/01,/kiban/app/api/download/file/730084,忍城|鉢形城跡|杉山城跡
539595,DEM10B,543913,FG-GML-543913-DEM10B-20161001.zip,374,382976,2016/10/01,/kiban/app/api/download/file/539595,忍城|杉山城跡
718087,DEM1A,543913,FG-GML-543913-DEM1A-20260616.zip,21942,22468608,2026/06/16,/kiban/app/api/download/file/718087,忍城|杉山城跡
720345,DEM5A,543913,FG-GML-543913-DEM5A-20260616.zip,3100,3174400,2026/06/16,/kiban/app/api/download/file/720345,忍城|杉山城跡
730085,DEM5B,543913,FG-GML-543913-DEM5B-20101001.zip,4703,4815872,2010/10/01,/kiban/app/api/download/file/730085,忍城|杉山城跡
539596,DEM10B,543914,FG-GML-543914-DEM10B-20161001.zip,223,228352,2016/10/01,/kiban/app/api/download/file/539596,忍城
618689,DEM5A,543914,FG-GML-543914-DEM5A-20250620.zip,2429,2487296,2025/06/20,/kiban/app/api/download/file/618689,忍城
730086,DEM5B,543914,FG-GML-543914-DEM5B-20101001.zip,2526,2586624,2010/10/01,/kiban/app/api/download/file/730086,忍城
539597,DEM10B,543915,FG-GML-543915-DEM10B-20161001.zip,269,275456,2016/10/01,/kiban/app/api/download/file/539597,東武動物公園
718088,DEM1A,543915,FG-GML-543915-DEM1A-20260616.zip,30926,31668224,2026/06/16,/kiban/app/api/download/file/718088,東武動物公園
720346,DEM5A,543915,FG-GML-543915-DEM5A-20260616.zip,3530,3614720,2026/06/16,/kiban/app/api/download/file/720346,東武動物公園
539598,DEM10B,543916,FG-GML-543916-DEM10B-20161001.zip,402,411648,2016/10/01,/kiban/app/api/download/file/539598,東武動物公園
718089,DEM1A,543916,FG-GML-543916-DEM1A-20260616.zip,110301,112948224,2026/06/16,/kiban/app/api/download/file/718089,東武動物公園
720347,DEM5A,543916,FG-GML-543916-DEM5A-20260616.zip,5532,5664768,2026/06/16,/kiban/app/api/download/file/720347,東武動物公園
730087,DEM5B,543916,FG-GML-543916-DEM5B-20090901.zip,4634,4745216,2009/09/01,/kiban/app/api/download/file/730087,東武動物公園
539600,DEM10B,543920,FG-GML-543920-DEM10B-20161001.zip,1374,1406976,2016/10/01,/kiban/app/api/download/file/539600,鉢形城跡
718090,DEM1A,543920,FG-GML-543920-DEM1A-20260616.zip,106768,109330432,2026/06/16,/kiban/app/api/download/file/718090,鉢形城跡
720348,DEM5A,543920,FG-GML-543920-DEM5A-20260616.zip,6099,6245376,2026/06/16,/kiban/app/api/download/file/720348,鉢形城跡
730090,DEM5B,543920,FG-GML-543920-DEM5B-20161001.zip,2852,2920448,2016/10/01,/kiban/app/api/download/file/730090,鉢形城跡
539601,DEM10B,543921,FG-GML-543921-DEM10B-20161001.zip,684,700416,2016/10/01,/kiban/app/api/download/file/539601,鉢形城跡
718091,DEM1A,543921,FG-GML-543921-DEM1A-20260616.zip,47215,48348160,2026/06/16,/kiban/app/api/download/file/718091,鉢形城跡
720349,DEM5A,543921,FG-GML-543921-DEM5A-20260616.zip,3132,3207168,2026/06/16,/kiban/app/api/download/file/720349,鉢形城跡
539602,DEM10B,543922,FG-GML-543922-DEM10B-20161001.zip,385,394240,2016/10/01,/kiban/app/api/download/file/539602,忍城|新田金山城跡|鉢形城跡
718092,DEM1A,543922,FG-GML-543922-DEM1A-20260616.zip,39048,39985152,2026/06/16,/kiban/app/api/download/file/718092,忍城|新田金山城跡|鉢形城跡
720350,DEM5A,543922,FG-GML-543922-DEM5A-20260616.zip,2838,2906112,2026/06/16,/kiban/app/api/download/file/720350,忍城|新田金山城跡|鉢形城跡
730091,DEM5B,543922,FG-GML-543922-DEM5B-20101001.zip,4896,5013504,2010/10/01,/kiban/app/api/download/file/730091,忍城|新田金山城跡|鉢形城跡
539603,DEM10B,543923,FG-GML-543923-DEM10B-20161001.zip,331,338944,2016/10/01,/kiban/app/api/download/file/539603,忍城|新田金山城跡
718093,DEM1A,543923,FG-GML-543923-DEM1A-20260616.zip,16173,16561152,2026/06/16,/kiban/app/api/download/file/718093,忍城|新田金山城跡
720351,DEM5A,543923,FG-GML-543923-DEM5A-20260616.zip,3777,3867648,2026/06/16,/kiban/app/api/download/file/720351,忍城|新田金山城跡
730092,DEM5B,543923,FG-GML-543923-DEM5B-20101001.zip,4654,4765696,2010/10/01,/kiban/app/api/download/file/730092,忍城|新田金山城跡
539604,DEM10B,543924,FG-GML-543924-DEM10B-20161001.zip,316,323584,2016/10/01,/kiban/app/api/download/file/539604,忍城
718094,DEM1A,543924,FG-GML-543924-DEM1A-20260616.zip,22434,22972416,2026/06/16,/kiban/app/api/download/file/718094,忍城
720352,DEM5A,543924,FG-GML-543924-DEM5A-20260616.zip,4289,4391936,2026/06/16,/kiban/app/api/download/file/720352,忍城
730093,DEM5B,543924,FG-GML-543924-DEM5B-20101001.zip,3192,3268608,2010/10/01,/kiban/app/api/download/file/730093,忍城
539608,DEM10B,543930,FG-GML-543930-DEM10B-20161001.zip,673,689152,2016/10/01,/kiban/app/api/download/file/539608,群馬県庁舎
718096,DEM1A,543930,FG-GML-543930-DEM1A-20260616.zip,50283,51489792,2026/06/16,/kiban/app/api/download/file/718096,群馬県庁舎
720354,DEM5A,543930,FG-GML-543930-DEM5A-20260616.zip,5156,5279744,2026/06/16,/kiban/app/api/download/file/720354,群馬県庁舎
539609,DEM10B,543931,FG-GML-543931-DEM10B-20161001.zip,429,439296,2016/10/01,/kiban/app/api/download/file/539609,群馬県庁舎
718097,DEM1A,543931,FG-GML-543931-DEM1A-20260616.zip,13803,14134272,2026/06/16,/kiban/app/api/download/file/718097,群馬県庁舎
720355,DEM5A,543931,FG-GML-543931-DEM5A-20260616.zip,4616,4726784,2026/06/16,/kiban/app/api/download/file/720355,群馬県庁舎
539610,DEM10B,543932,FG-GML-543932-DEM10B-20161001.zip,425,435200,2016/10/01,/kiban/app/api/download/file/539610,新田金山城跡
718098,DEM1A,543932,FG-GML-543932-DEM1A-20260616.zip,1384,1417216,2026/06/16,/kiban/app/api/download/file/718098,新田金山城跡
720356,DEM5A,543932,FG-GML-543932-DEM5A-20260616.zip,5091,5213184,2026/06/16,/kiban/app/api/download/file/720356,新田金山城跡
539611,DEM10B,543933,FG-GML-543933-DEM10B-20161001.zip,442,452608,2016/10/01,/kiban/app/api/download/file/539611,新田金山城跡|唐沢山城跡
718099,DEM1A,543933,FG-GML-543933-DEM1A-20260603.zip,3921,4015104,2026/06/03,/kiban/app/api/download/file/718099,新田金山城跡|唐沢山城跡
720357,DEM5A,543933,FG-GML-543933-DEM5A-20260603.zip,5313,5440512,2026/06/03,/kiban/app/api/download/file/720357,新田金山城跡|唐沢山城跡
539612,DEM10B,543934,FG-GML-543934-DEM10B-20161001.zip,558,571392,2016/10/01,/kiban/app/api/download/file/539612,唐沢山城跡
718100,DEM1A,543934,FG-GML-543934-DEM1A-20260603.zip,12300,12595200,2026/06/03,/kiban/app/api/download/file/718100,唐沢山城跡
720358,DEM5A,543934,FG-GML-543934-DEM5A-20260603.zip,5400,5529600,2026/06/03,/kiban/app/api/download/file/720358,唐沢山城跡
539613,DEM10B,543935,FG-GML-543935-DEM10B-20161001.zip,566,579584,2016/10/01,/kiban/app/api/download/file/539613,唐沢山城跡
718101,DEM1A,543935,FG-GML-543935-DEM1A-20260616.zip,21456,21970944,2026/06/16,/kiban/app/api/download/file/718101,唐沢山城跡
720359,DEM5A,543935,FG-GML-543935-DEM5A-20260616.zip,5142,5265408,2026/06/16,/kiban/app/api/download/file/720359,唐沢山城跡
615285,DEM5B,543935,FG-GML-543935-DEM5B-20250609.zip,711,728064,2025/06/09,/kiban/app/api/download/file/615285,唐沢山城跡
539616,DEM10B,543940,FG-GML-543940-DEM10B-20161001.zip,615,629760,2016/10/01,/kiban/app/api/download/file/539616,群馬県庁舎
718102,DEM1A,543940,FG-GML-543940-DEM1A-20260616.zip,30031,30751744,2026/06/16,/kiban/app/api/download/file/718102,群馬県庁舎
720360,DEM5A,543940,FG-GML-543940-DEM5A-20260616.zip,4449,4555776,2026/06/16,/kiban/app/api/download/file/720360,群馬県庁舎
539617,DEM10B,543941,FG-GML-543941-DEM10B-20161001.zip,833,852992,2016/10/01,/kiban/app/api/download/file/539617,群馬県庁舎
618710,DEM5A,543941,FG-GML-543941-DEM5A-20250620.zip,6013,6157312,2025/06/20,/kiban/app/api/download/file/618710,群馬県庁舎
539618,DEM10B,543942,FG-GML-543942-DEM10B-20161001.zip,1062,1087488,2016/10/01,/kiban/app/api/download/file/539618,新田金山城跡
718103,DEM1A,543942,FG-GML-543942-DEM1A-20260616.zip,4156,4255744,2026/06/16,/kiban/app/api/download/file/718103,新田金山城跡
720361,DEM5A,543942,FG-GML-543942-DEM5A-20260616.zip,6573,6730752,2026/06/16,/kiban/app/api/download/file/720361,新田金山城跡
615286,DEM5B,543942,FG-GML-543942-DEM5B-20250609.zip,496,507904,2025/06/09,/kiban/app/api/download/file/615286,新田金山城跡
539619,DEM10B,543943,FG-GML-543943-DEM10B-20161001.zip,1553,1590272,2016/10/01,/kiban/app/api/download/file/539619,新田金山城跡|唐沢山城跡
718104,DEM1A,543943,FG-GML-543943-DEM1A-20260603.zip,139639,142990336,2026/06/03,/kiban/app/api/download/file/718104,新田金山城跡|唐沢山城跡
720362,DEM5A,543943,FG-GML-543943-DEM5A-20260603.zip,7367,7543808,2026/06/03,/kiban/app/api/download/file/720362,新田金山城跡|唐沢山城跡
615287,DEM5B,543943,FG-GML-543943-DEM5B-20250609.zip,409,418816,2025/06/09,/kiban/app/api/download/file/615287,新田金山城跡|唐沢山城跡
539620,DEM10B,543944,FG-GML-543944-DEM10B-20161001.zip,1464,1499136,2016/10/01,/kiban/app/api/download/file/539620,唐沢山城跡
718105,DEM1A,543944,FG-GML-543944-DEM1A-20260603.zip,116997,119804928,2026/06/03,/kiban/app/api/download/file/718105,唐沢山城跡
720363,DEM5A,543944,FG-GML-543944-DEM5A-20260603.zip,6107,6253568,2026/06/03,/kiban/app/api/download/file/720363,唐沢山城跡
615288,DEM5B,543944,FG-GML-543944-DEM5B-20250609.zip,2111,2161664,2025/06/09,/kiban/app/api/download/file/615288,唐沢山城跡
539621,DEM10B,543945,FG-GML-543945-DEM10B-20161001.zip,1252,1282048,2016/10/01,/kiban/app/api/download/file/539621,唐沢山城跡
664114,DEM1A,543945,FG-GML-543945-DEM1A-20250822.zip,69854,71530496,2025/08/22,/kiban/app/api/download/file/664114,唐沢山城跡
662633,DEM5A,543945,FG-GML-543945-DEM5A-20250822.zip,5993,6136832,2025/08/22,/kiban/app/api/download/file/662633,唐沢山城跡
615289,DEM5B,543945,FG-GML-543945-DEM5B-20250609.zip,1182,1210368,2025/06/09,/kiban/app/api/download/file/615289,唐沢山城跡
539624,DEM10B,543950,FG-GML-543950-DEM10B-20161001.zip,1528,1564672,2016/10/01,/kiban/app/api/download/file/539624,赤城山（黒檜山）|群馬県庁舎
718106,DEM1A,543950,FG-GML-543950-DEM1A-20260616.zip,55794,57133056,2026/06/16,/kiban/app/api/download/file/718106,赤城山（黒檜山）|群馬県庁舎
720364,DEM5A,543950,FG-GML-543950-DEM5A-20260616.zip,5318,5445632,2026/06/16,/kiban/app/api/download/file/720364,赤城山（黒檜山）|群馬県庁舎
539625,DEM10B,543951,FG-GML-543951-DEM10B-20161001.zip,1535,1571840,2016/10/01,/kiban/app/api/download/file/539625,赤城山（黒檜山）|群馬県庁舎
718107,DEM1A,543951,FG-GML-543951-DEM1A-20260616.zip,9188,9408512,2026/06/16,/kiban/app/api/download/file/718107,赤城山（黒檜山）|群馬県庁舎
720365,DEM5A,543951,FG-GML-543951-DEM5A-20260616.zip,7907,8096768,2026/06/16,/kiban/app/api/download/file/720365,赤城山（黒檜山）|群馬県庁舎
539626,DEM10B,543952,FG-GML-543952-DEM10B-20161001.zip,1874,1918976,2016/10/01,/kiban/app/api/download/file/539626,赤城山（黒檜山）
718108,DEM1A,543952,FG-GML-543952-DEM1A-20260616.zip,99101,101479424,2026/06/16,/kiban/app/api/download/file/718108,赤城山（黒檜山）
720366,DEM5A,543952,FG-GML-543952-DEM5A-20260616.zip,7550,7731200,2026/06/16,/kiban/app/api/download/file/720366,赤城山（黒檜山）
539628,DEM10B,543954,FG-GML-543954-DEM10B-20161001.zip,1913,1958912,2016/10/01,/kiban/app/api/download/file/539628,唐沢山城跡
664118,DEM1A,543954,FG-GML-543954-DEM1A-20250822.zip,146950,150476800,2025/08/22,/kiban/app/api/download/file/664118,唐沢山城跡
662637,DEM5A,543954,FG-GML-543954-DEM5A-20250822.zip,7087,7257088,2025/08/22,/kiban/app/api/download/file/662637,唐沢山城跡
539629,DEM10B,543955,FG-GML-543955-DEM10B-20161001.zip,1538,1574912,2016/10/01,/kiban/app/api/download/file/539629,唐沢山城跡
664119,DEM1A,543955,FG-GML-543955-DEM1A-20250822.zip,103697,106185728,2025/08/22,/kiban/app/api/download/file/664119,唐沢山城跡
662638,DEM5A,543955,FG-GML-543955-DEM5A-20250822.zip,5574,5707776,2025/08/22,/kiban/app/api/download/file/662638,唐沢山城跡
615291,DEM5B,543955,FG-GML-543955-DEM5B-20250609.zip,1417,1451008,2025/06/09,/kiban/app/api/download/file/615291,唐沢山城跡
539632,DEM10B,543960,FG-GML-543960-DEM10B-20161001.zip,1956,2002944,2016/10/01,/kiban/app/api/download/file/539632,赤城山（黒檜山）|沼田城跡
718110,DEM1A,543960,FG-GML-543960-DEM1A-20260616.zip,9327,9550848,2026/06/16,/kiban/app/api/download/file/718110,赤城山（黒檜山）|沼田城跡
720368,DEM5A,543960,FG-GML-543960-DEM5A-20260616.zip,8644,8851456,2026/06/16,/kiban/app/api/download/file/720368,赤城山（黒檜山）|沼田城跡
539633,DEM10B,543961,FG-GML-543961-DEM10B-20161001.zip,2109,2159616,2016/10/01,/kiban/app/api/download/file/539633,赤城山（黒檜山）
718111,DEM1A,543961,FG-GML-543961-DEM1A-20260616.zip,90688,92864512,2026/06/16,/kiban/app/api/download/file/718111,赤城山（黒檜山）
720369,DEM5A,543961,FG-GML-543961-DEM5A-20260616.zip,8467,8670208,2026/06/16,/kiban/app/api/download/file/720369,赤城山（黒檜山）
539634,DEM10B,543962,FG-GML-543962-DEM10B-20161001.zip,2027,2075648,2016/10/01,/kiban/app/api/download/file/539634,赤城山（黒檜山）
718112,DEM1A,543962,FG-GML-543962-DEM1A-20260616.zip,153424,157106176,2026/06/16,/kiban/app/api/download/file/718112,赤城山（黒檜山）
720370,DEM5A,543962,FG-GML-543962-DEM5A-20260616.zip,7420,7598080,2026/06/16,/kiban/app/api/download/file/720370,赤城山（黒檜山）
539640,DEM10B,543970,FG-GML-543970-DEM10B-20161001.zip,1803,1846272,2016/10/01,/kiban/app/api/download/file/539640,赤城山（黒檜山）|沼田城跡
664129,DEM1A,543970,FG-GML-543970-DEM1A-20250819.zip,12693,12997632,2025/08/19,/kiban/app/api/download/file/664129,赤城山（黒檜山）|沼田城跡
662648,DEM5A,543970,FG-GML-543970-DEM5A-20250819.zip,8176,8372224,2025/08/19,/kiban/app/api/download/file/662648,赤城山（黒檜山）|沼田城跡
539641,DEM10B,543971,FG-GML-543971-DEM10B-20161001.zip,1985,2032640,2016/10/01,/kiban/app/api/download/file/539641,赤城山（黒檜山）|沼田城跡
718114,DEM1A,543971,FG-GML-543971-DEM1A-20260616.zip,129510,132618240,2026/06/16,/kiban/app/api/download/file/718114,赤城山（黒檜山）|沼田城跡
720372,DEM5A,543971,FG-GML-543971-DEM5A-20260616.zip,7418,7596032,2026/06/16,/kiban/app/api/download/file/720372,赤城山（黒檜山）|沼田城跡
539642,DEM10B,543972,FG-GML-543972-DEM10B-20161001.zip,2097,2147328,2016/10/01,/kiban/app/api/download/file/539642,赤城山（黒檜山）
718115,DEM1A,543972,FG-GML-543972-DEM1A-20260616.zip,161426,165300224,2026/06/16,/kiban/app/api/download/file/718115,赤城山（黒檜山）
720373,DEM5A,543972,FG-GML-543972-DEM5A-20260616.zip,7640,7823360,2026/06/16,/kiban/app/api/download/file/720373,赤城山（黒檜山）
539648,DEM10B,544000,FG-GML-544000-DEM10B-20161001.zip,547,560128,2016/10/01,/kiban/app/api/download/file/539648,牛久大仏
618741,DEM5A,544000,FG-GML-544000-DEM5A-20250620.zip,5197,5321728,2025/06/20,/kiban/app/api/download/file/618741,牛久大仏
730101,DEM5B,544000,FG-GML-544000-DEM5B-20090901.zip,5798,5937152,2009/09/01,/kiban/app/api/download/file/730101,牛久大仏
539649,DEM10B,544001,FG-GML-544001-DEM10B-20161001.zip,621,635904,2016/10/01,/kiban/app/api/download/file/539649,牛久大仏
618742,DEM5A,544001,FG-GML-544001-DEM5A-20250620.zip,5360,5488640,2025/06/20,/kiban/app/api/download/file/618742,牛久大仏
730102,DEM5B,544001,FG-GML-544001-DEM5B-20090901.zip,5526,5658624,2009/09/01,/kiban/app/api/download/file/730102,牛久大仏
539650,DEM10B,544002,FG-GML-544002-DEM10B-20161001.zip,505,517120,2016/10/01,/kiban/app/api/download/file/539650,牛久大仏
618743,DEM5A,544002,FG-GML-544002-DEM5A-20250620.zip,3545,3630080,2025/06/20,/kiban/app/api/download/file/618743,牛久大仏
539667,DEM10B,544033,FG-GML-544033-DEM10B-20161001.zip,725,742400,2016/10/01,/kiban/app/api/download/file/539667,水戸城跡
685945,DEM1A,544033,FG-GML-544033-DEM1A-20251113.zip,523,535552,2025/11/13,/kiban/app/api/download/file/685945,水戸城跡
686981,DEM5A,544033,FG-GML-544033-DEM5A-20251113.zip,5868,6008832,2025/11/13,/kiban/app/api/download/file/686981,水戸城跡
539668,DEM10B,544034,FG-GML-544034-DEM10B-20161001.zip,526,538624,2016/10/01,/kiban/app/api/download/file/539668,水戸城跡
685946,DEM1A,544034,FG-GML-544034-DEM1A-20251113.zip,5914,6055936,2025/11/13,/kiban/app/api/download/file/685946,水戸城跡
686982,DEM5A,544034,FG-GML-544034-DEM5A-20251113.zip,3104,3178496,2025/11/13,/kiban/app/api/download/file/686982,水戸城跡
539671,DEM10B,544042,FG-GML-544042-DEM10B-20161001.zip,1218,1247232,2016/10/01,/kiban/app/api/download/file/539671,水戸城跡
664144,DEM1A,544042,FG-GML-544042-DEM1A-20250819.zip,19303,19766272,2025/08/19,/kiban/app/api/download/file/664144,水戸城跡
662663,DEM5A,544042,FG-GML-544042-DEM5A-20250819.zip,6312,6463488,2025/08/19,/kiban/app/api/download/file/662663,水戸城跡
539672,DEM10B,544043,FG-GML-544043-DEM10B-20161001.zip,674,690176,2016/10/01,/kiban/app/api/download/file/539672,水戸城跡
685947,DEM1A,544043,FG-GML-544043-DEM1A-20251113.zip,302,309248,2025/11/13,/kiban/app/api/download/file/685947,水戸城跡
686983,DEM5A,544043,FG-GML-544043-DEM5A-20251113.zip,5828,5967872,2025/11/13,/kiban/app/api/download/file/686983,水戸城跡
539673,DEM10B,544044,FG-GML-544044-DEM10B-20161001.zip,631,646144,2016/10/01,/kiban/app/api/download/file/539673,水戸城跡
685948,DEM1A,544044,FG-GML-544044-DEM1A-20251113.zip,1769,1811456,2025/11/13,/kiban/app/api/download/file/685948,水戸城跡
686984,DEM5A,544044,FG-GML-544044-DEM5A-20251113.zip,5300,5427200,2025/11/13,/kiban/app/api/download/file/686984,水戸城跡
539678,DEM10B,544053,FG-GML-544053-DEM10B-20161001.zip,847,867328,2016/10/01,/kiban/app/api/download/file/539678,水戸城跡
613347,DEM1A,544053,FG-GML-544053-DEM1A-20250509.zip,662,677888,2025/05/09,/kiban/app/api/download/file/613347,水戸城跡
618771,DEM5A,544053,FG-GML-544053-DEM5A-20250620.zip,5999,6142976,2025/06/20,/kiban/app/api/download/file/618771,水戸城跡
539679,DEM10B,544054,FG-GML-544054-DEM10B-20161001.zip,660,675840,2016/10/01,/kiban/app/api/download/file/539679,水戸城跡
685950,DEM1A,544054,FG-GML-544054-DEM1A-20251113.zip,3019,3091456,2025/11/13,/kiban/app/api/download/file/685950,水戸城跡
686986,DEM5A,544054,FG-GML-544054-DEM5A-20251113.zip,5403,5532672,2025/11/13,/kiban/app/api/download/file/686986,水戸城跡
615304,DEM5B,544054,FG-GML-544054-DEM5B-20250609.zip,1,1024,2025/06/09,/kiban/app/api/download/file/615304,水戸城跡
539718,DEM10B,553700,FG-GML-553700-DEM10B-20161001.zip,693,709632,2016/10/01,/kiban/app/api/download/file/539718,富山城
664153,DEM1A,553700,FG-GML-553700-DEM1A-20250828.zip,133093,136287232,2025/08/28,/kiban/app/api/download/file/664153,富山城
662672,DEM5A,553700,FG-GML-553700-DEM5A-20250828.zip,3487,3570688,2025/08/28,/kiban/app/api/download/file/662672,富山城
730117,DEM5B,553700,FG-GML-553700-DEM5B-20170314.zip,586,600064,2017/03/14,/kiban/app/api/download/file/730117,富山城
539719,DEM10B,553701,FG-GML-553701-DEM10B-20161001.zip,565,578560,2016/10/01,/kiban/app/api/download/file/539719,富山城
613385,DEM1A,553701,FG-GML-553701-DEM1A-20250509.zip,124492,127479808,2025/05/09,/kiban/app/api/download/file/613385,富山城
618811,DEM5A,553701,FG-GML-553701-DEM5A-20250620.zip,2976,3047424,2025/06/20,/kiban/app/api/download/file/618811,富山城
730118,DEM5B,553701,FG-GML-553701-DEM5B-20080331.zip,4001,4097024,2008/03/31,/kiban/app/api/download/file/730118,富山城
539720,DEM10B,553702,FG-GML-553702-DEM10B-20161001.zip,575,588800,2016/10/01,/kiban/app/api/download/file/539720,富山城
613386,DEM1A,553702,FG-GML-553702-DEM1A-20250509.zip,121736,124657664,2025/05/09,/kiban/app/api/download/file/613386,富山城
618812,DEM5A,553702,FG-GML-553702-DEM5A-20250620.zip,2948,3018752,2025/06/20,/kiban/app/api/download/file/618812,富山城
730119,DEM5B,553702,FG-GML-553702-DEM5B-20080331.zip,4363,4467712,2008/03/31,/kiban/app/api/download/file/730119,富山城
539722,DEM10B,553704,FG-GML-553704-DEM10B-20161001.zip,2262,2316288,2016/10/01,/kiban/app/api/download/file/539722,剱岳
613388,DEM1A,553704,FG-GML-553704-DEM1A-20250509.zip,162292,166187008,2025/05/09,/kiban/app/api/download/file/613388,剱岳
618814,DEM5A,553704,FG-GML-553704-DEM5A-20250620.zip,9403,9628672,2025/06/20,/kiban/app/api/download/file/618814,剱岳
615315,DEM5B,553704,FG-GML-553704-DEM5B-20250609.zip,73,74752,2025/06/09,/kiban/app/api/download/file/615315,剱岳
539723,DEM10B,553705,FG-GML-553705-DEM10B-20161001.zip,2313,2368512,2016/10/01,/kiban/app/api/download/file/539723,剱岳|白馬岳|五竜岳|鹿島槍ヶ岳
618815,DEM5A,553705,FG-GML-553705-DEM5A-20250620.zip,10039,10279936,2025/06/20,/kiban/app/api/download/file/618815,剱岳|白馬岳|五竜岳|鹿島槍ヶ岳
539724,DEM10B,553706,FG-GML-553706-DEM10B-20161001.zip,2206,2258944,2016/10/01,/kiban/app/api/download/file/539724,白馬岳|五竜岳|鹿島槍ヶ岳
685958,DEM1A,553706,FG-GML-553706-DEM1A-20251113.zip,158770,162580480,2025/11/13,/kiban/app/api/download/file/685958,白馬岳|五竜岳|鹿島槍ヶ岳
686994,DEM5A,553706,FG-GML-553706-DEM5A-20251113.zip,9245,9466880,2025/11/13,/kiban/app/api/download/file/686994,白馬岳|五竜岳|鹿島槍ヶ岳
539727,DEM10B,553711,FG-GML-553711-DEM10B-20161001.zip,84,86016,2016/10/01,/kiban/app/api/download/file/539727,富山城
613392,DEM1A,553711,FG-GML-553711-DEM1A-20250509.zip,18646,19093504,2025/05/09,/kiban/app/api/download/file/613392,富山城
618819,DEM5A,553711,FG-GML-553711-DEM5A-20250620.zip,456,466944,2025/06/20,/kiban/app/api/download/file/618819,富山城
730120,DEM5B,553711,FG-GML-553711-DEM5B-20080331.zip,552,565248,2008/03/31,/kiban/app/api/download/file/730120,富山城
539728,DEM10B,553712,FG-GML-553712-DEM10B-20161001.zip,185,189440,2016/10/01,/kiban/app/api/download/file/539728,富山城
613393,DEM1A,553712,FG-GML-553712-DEM1A-20250509.zip,27558,28219392,2025/05/09,/kiban/app/api/download/file/613393,富山城
618820,DEM5A,553712,FG-GML-553712-DEM5A-20250620.zip,682,698368,2025/06/20,/kiban/app/api/download/file/618820,富山城
730121,DEM5B,553712,FG-GML-553712-DEM5B-20080331.zip,1009,1033216,2008/03/31,/kiban/app/api/download/file/730121,富山城
539731,DEM10B,553715,FG-GML-553715-DEM10B-20161001.zip,2309,2364416,2016/10/01,/kiban/app/api/download/file/539731,白馬岳
613396,DEM1A,553715,FG-GML-553715-DEM1A-20250509.zip,493,504832,2025/05/09,/kiban/app/api/download/file/613396,白馬岳
618823,DEM5A,553715,FG-GML-553715-DEM5A-20250620.zip,8185,8381440,2025/06/20,/kiban/app/api/download/file/618823,白馬岳
539732,DEM10B,553716,FG-GML-553716-DEM10B-20161001.zip,2207,2259968,2016/10/01,/kiban/app/api/download/file/539732,白馬岳
685960,DEM1A,553716,FG-GML-553716-DEM1A-20251113.zip,69655,71326720,2025/11/13,/kiban/app/api/download/file/685960,白馬岳
686996,DEM5A,553716,FG-GML-553716-DEM5A-20251113.zip,8311,8510464,2025/11/13,/kiban/app/api/download/file/686996,白馬岳
539737,DEM10B,553725,FG-GML-553725-DEM10B-20161001.zip,2229,2282496,2016/10/01,/kiban/app/api/download/file/539737,白馬岳
718130,DEM1A,553725,FG-GML-553725-DEM1A-20260522.zip,71856,73580544,2026/05/22,/kiban/app/api/download/file/718130,白馬岳
720388,DEM5A,553725,FG-GML-553725-DEM5A-20260522.zip,7748,7933952,2026/05/22,/kiban/app/api/download/file/720388,白馬岳
616039,DEM5C,553725,FG-GML-553725-DEM5C-20250605.zip,2146,2197504,2025/06/05,/kiban/app/api/download/file/616039,白馬岳
539738,DEM10B,553726,FG-GML-553726-DEM10B-20161001.zip,2183,2235392,2016/10/01,/kiban/app/api/download/file/539738,白馬岳
613403,DEM1A,553726,FG-GML-553726-DEM1A-20250509.zip,9026,9242624,2025/05/09,/kiban/app/api/download/file/613403,白馬岳
618830,DEM5A,553726,FG-GML-553726-DEM5A-20250620.zip,7771,7957504,2025/06/20,/kiban/app/api/download/file/618830,白馬岳
616040,DEM5C,553726,FG-GML-553726-DEM5C-20250605.zip,107,109568,2025/06/05,/kiban/app/api/download/file/616040,白馬岳
539739,DEM10B,553727,FG-GML-553727-DEM10B-20161001.zip,2167,2219008,2016/10/01,/kiban/app/api/download/file/539739,火打山
685962,DEM1A,553727,FG-GML-553727-DEM1A-20251113.zip,95546,97839104,2025/11/13,/kiban/app/api/download/file/685962,火打山
686998,DEM5A,553727,FG-GML-553727-DEM5A-20251113.zip,8772,8982528,2025/11/13,/kiban/app/api/download/file/686998,火打山
539745,DEM10B,553737,FG-GML-553737-DEM10B-20161001.zip,2141,2192384,2016/10/01,/kiban/app/api/download/file/539745,火打山
618837,DEM5A,553737,FG-GML-553737-DEM5A-20250620.zip,8778,8988672,2025/06/20,/kiban/app/api/download/file/618837,火打山
539763,DEM10B,553807,FG-GML-553807-DEM10B-20161001.zip,1952,1998848,2016/10/01,/kiban/app/api/download/file/539763,谷川岳|沼田城跡
718136,DEM1A,553807,FG-GML-553807-DEM1A-20260603.zip,14220,14561280,2026/06/03,/kiban/app/api/download/file/718136,谷川岳|沼田城跡
720394,DEM5A,553807,FG-GML-553807-DEM5A-20260603.zip,8910,9123840,2026/06/03,/kiban/app/api/download/file/720394,谷川岳|沼田城跡
539764,DEM10B,553810,FG-GML-553810-DEM10B-20161001.zip,2090,2140160,2016/10/01,/kiban/app/api/download/file/539764,妙高山|火打山
718137,DEM1A,553810,FG-GML-553810-DEM1A-20260616.zip,131799,134962176,2026/06/16,/kiban/app/api/download/file/718137,妙高山|火打山
720395,DEM5A,553810,FG-GML-553810-DEM5A-20260616.zip,8018,8210432,2026/06/16,/kiban/app/api/download/file/720395,妙高山|火打山
539765,DEM10B,553811,FG-GML-553811-DEM10B-20161001.zip,1853,1897472,2016/10/01,/kiban/app/api/download/file/539765,妙高山
718138,DEM1A,553811,FG-GML-553811-DEM1A-20260616.zip,115210,117975040,2026/06/16,/kiban/app/api/download/file/718138,妙高山
720396,DEM5A,553811,FG-GML-553811-DEM5A-20260616.zip,6134,6281216,2026/06/16,/kiban/app/api/download/file/720396,妙高山
539768,DEM10B,553814,FG-GML-553814-DEM10B-20161001.zip,2119,2169856,2016/10/01,/kiban/app/api/download/file/539768,苗場山
718139,DEM1A,553814,FG-GML-553814-DEM1A-20260603.zip,197862,202610688,2026/06/03,/kiban/app/api/download/file/718139,苗場山
720397,DEM5A,553814,FG-GML-553814-DEM5A-20260603.zip,8921,9135104,2026/06/03,/kiban/app/api/download/file/720397,苗場山
615327,DEM5B,553814,FG-GML-553814-DEM5B-20250609.zip,84,86016,2025/06/09,/kiban/app/api/download/file/615327,苗場山
539769,DEM10B,553815,FG-GML-553815-DEM10B-20161001.zip,2173,2225152,2016/10/01,/kiban/app/api/download/file/539769,苗場山
718140,DEM1A,553815,FG-GML-553815-DEM1A-20260603.zip,174634,178825216,2026/06/03,/kiban/app/api/download/file/718140,苗場山
720398,DEM5A,553815,FG-GML-553815-DEM5A-20260603.zip,8129,8324096,2026/06/03,/kiban/app/api/download/file/720398,苗場山
539770,DEM10B,553816,FG-GML-553816-DEM10B-20161001.zip,2175,2227200,2016/10/01,/kiban/app/api/download/file/539770,谷川岳|苗場山
685968,DEM1A,553816,FG-GML-553816-DEM1A-20251208.zip,131036,134180864,2025/12/08,/kiban/app/api/download/file/685968,谷川岳|苗場山
687004,DEM5A,553816,FG-GML-553816-DEM5A-20251208.zip,8462,8665088,2025/12/08,/kiban/app/api/download/file/687004,谷川岳|苗場山
539771,DEM10B,553817,FG-GML-553817-DEM10B-20161001.zip,2181,2233344,2016/10/01,/kiban/app/api/download/file/539771,谷川岳
718141,DEM1A,553817,FG-GML-553817-DEM1A-20260603.zip,20292,20779008,2026/06/03,/kiban/app/api/download/file/718141,谷川岳
720399,DEM5A,553817,FG-GML-553817-DEM5A-20260603.zip,10068,10309632,2026/06/03,/kiban/app/api/download/file/720399,谷川岳
539772,DEM10B,553820,FG-GML-553820-DEM10B-20161001.zip,2089,2139136,2016/10/01,/kiban/app/api/download/file/539772,妙高山|火打山
718142,DEM1A,553820,FG-GML-553820-DEM1A-20260616.zip,8043,8236032,2026/06/16,/kiban/app/api/download/file/718142,妙高山|火打山
720400,DEM5A,553820,FG-GML-553820-DEM5A-20260616.zip,8851,9063424,2026/06/16,/kiban/app/api/download/file/720400,妙高山|火打山
539773,DEM10B,553821,FG-GML-553821-DEM10B-20161001.zip,2049,2098176,2016/10/01,/kiban/app/api/download/file/539773,妙高山|火打山
718143,DEM1A,553821,FG-GML-553821-DEM1A-20260616.zip,55088,56410112,2026/06/16,/kiban/app/api/download/file/718143,妙高山|火打山
720401,DEM5A,553821,FG-GML-553821-DEM5A-20260616.zip,6854,7018496,2026/06/16,/kiban/app/api/download/file/720401,妙高山|火打山
539776,DEM10B,553824,FG-GML-553824-DEM10B-20161001.zip,2122,2172928,2016/10/01,/kiban/app/api/download/file/539776,苗場山
718144,DEM1A,553824,FG-GML-553824-DEM1A-20260603.zip,210905,215966720,2026/06/03,/kiban/app/api/download/file/718144,苗場山
720402,DEM5A,553824,FG-GML-553824-DEM5A-20260603.zip,9333,9556992,2026/06/03,/kiban/app/api/download/file/720402,苗場山
539777,DEM10B,553825,FG-GML-553825-DEM10B-20161001.zip,2158,2209792,2016/10/01,/kiban/app/api/download/file/539777,苗場山
718145,DEM1A,553825,FG-GML-553825-DEM1A-20260603.zip,169952,174030848,2026/06/03,/kiban/app/api/download/file/718145,苗場山
720403,DEM5A,553825,FG-GML-553825-DEM5A-20260603.zip,8043,8236032,2026/06/03,/kiban/app/api/download/file/720403,苗場山
539778,DEM10B,553826,FG-GML-553826-DEM10B-20161001.zip,2116,2166784,2016/10/01,/kiban/app/api/download/file/539778,谷川岳|苗場山
685971,DEM1A,553826,FG-GML-553826-DEM1A-20251208.zip,169302,173365248,2025/12/08,/kiban/app/api/download/file/685971,谷川岳|苗場山
687007,DEM5A,553826,FG-GML-553826-DEM5A-20251208.zip,7926,8116224,2025/12/08,/kiban/app/api/download/file/687007,谷川岳|苗場山
539779,DEM10B,553827,FG-GML-553827-DEM10B-20161001.zip,2207,2259968,2016/10/01,/kiban/app/api/download/file/539779,谷川岳|巻機山
664179,DEM1A,553827,FG-GML-553827-DEM1A-20250822.zip,109510,112138240,2025/08/22,/kiban/app/api/download/file/664179,谷川岳|巻機山
662698,DEM5A,553827,FG-GML-553827-DEM5A-20250822.zip,9492,9719808,2025/08/22,/kiban/app/api/download/file/662698,谷川岳|巻機山
539780,DEM10B,553830,FG-GML-553830-DEM10B-20161001.zip,2147,2198528,2016/10/01,/kiban/app/api/download/file/539780,妙高山|火打山
618872,DEM5A,553830,FG-GML-553830-DEM5A-20250620.zip,9201,9421824,2025/06/20,/kiban/app/api/download/file/618872,妙高山|火打山
539781,DEM10B,553831,FG-GML-553831-DEM10B-20161001.zip,2006,2054144,2016/10/01,/kiban/app/api/download/file/539781,妙高山|火打山
664180,DEM1A,553831,FG-GML-553831-DEM1A-20250828.zip,31863,32627712,2025/08/28,/kiban/app/api/download/file/664180,妙高山|火打山
662699,DEM5A,553831,FG-GML-553831-DEM5A-20250828.zip,6449,6603776,2025/08/28,/kiban/app/api/download/file/662699,妙高山|火打山
539784,DEM10B,553834,FG-GML-553834-DEM10B-20161001.zip,1891,1936384,2016/10/01,/kiban/app/api/download/file/539784,苗場山
613437,DEM1A,553834,FG-GML-553834-DEM1A-20250509.zip,163776,167706624,2025/05/09,/kiban/app/api/download/file/613437,苗場山
618876,DEM5A,553834,FG-GML-553834-DEM5A-20250620.zip,8340,8540160,2025/06/20,/kiban/app/api/download/file/618876,苗場山
539785,DEM10B,553835,FG-GML-553835-DEM10B-20161001.zip,1944,1990656,2016/10/01,/kiban/app/api/download/file/539785,苗場山
664183,DEM1A,553835,FG-GML-553835-DEM1A-20250828.zip,164937,168895488,2025/08/28,/kiban/app/api/download/file/664183,苗場山
662702,DEM5A,553835,FG-GML-553835-DEM5A-20250828.zip,7807,7994368,2025/08/28,/kiban/app/api/download/file/662702,苗場山
539786,DEM10B,553836,FG-GML-553836-DEM10B-20161001.zip,2032,2080768,2016/10/01,/kiban/app/api/download/file/539786,苗場山|巻機山
685972,DEM1A,553836,FG-GML-553836-DEM1A-20251208.zip,180678,185014272,2025/12/08,/kiban/app/api/download/file/685972,苗場山|巻機山
687008,DEM5A,553836,FG-GML-553836-DEM5A-20251208.zip,8282,8480768,2025/12/08,/kiban/app/api/download/file/687008,苗場山|巻機山
539787,DEM10B,553837,FG-GML-553837-DEM10B-20161001.zip,2211,2264064,2016/10/01,/kiban/app/api/download/file/539787,谷川岳|巻機山
685973,DEM1A,553837,FG-GML-553837-DEM1A-20251208.zip,156522,160278528,2025/12/08,/kiban/app/api/download/file/685973,谷川岳|巻機山
687009,DEM5A,553837,FG-GML-553837-DEM5A-20251208.zip,8462,8665088,2025/12/08,/kiban/app/api/download/file/687009,谷川岳|巻機山
539788,DEM10B,553840,FG-GML-553840-DEM10B-20161001.zip,2053,2102272,2016/10/01,/kiban/app/api/download/file/539788,火打山
618880,DEM5A,553840,FG-GML-553840-DEM5A-20250620.zip,7926,8116224,2025/06/20,/kiban/app/api/download/file/618880,火打山
730127,DEM5B,553840,FG-GML-553840-DEM5B-20161001.zip,2765,2831360,2016/10/01,/kiban/app/api/download/file/730127,火打山
539789,DEM10B,553841,FG-GML-553841-DEM10B-20161001.zip,1952,1998848,2016/10/01,/kiban/app/api/download/file/539789,火打山
664186,DEM1A,553841,FG-GML-553841-DEM1A-20250828.zip,105041,107561984,2025/08/28,/kiban/app/api/download/file/664186,火打山
662705,DEM5A,553841,FG-GML-553841-DEM5A-20250828.zip,6728,6889472,2025/08/28,/kiban/app/api/download/file/662705,火打山
615328,DEM5B,553841,FG-GML-553841-DEM5B-20250609.zip,5549,5682176,2025/06/09,/kiban/app/api/download/file/615328,火打山
539794,DEM10B,553846,FG-GML-553846-DEM10B-20161001.zip,1789,1831936,2016/10/01,/kiban/app/api/download/file/539794,巻機山
685976,DEM1A,553846,FG-GML-553846-DEM1A-20251208.zip,141019,144403456,2025/12/08,/kiban/app/api/download/file/685976,巻機山
687012,DEM5A,553846,FG-GML-553846-DEM5A-20251208.zip,6881,7046144,2025/12/08,/kiban/app/api/download/file/687012,巻機山
730128,DEM5B,553846,FG-GML-553846-DEM5B-20190130.zip,275,281600,2019/01/30,/kiban/app/api/download/file/730128,巻機山
539795,DEM10B,553847,FG-GML-553847-DEM10B-20161001.zip,1929,1975296,2016/10/01,/kiban/app/api/download/file/539795,巻機山
685977,DEM1A,553847,FG-GML-553847-DEM1A-20251208.zip,197751,202497024,2025/12/08,/kiban/app/api/download/file/685977,巻機山
687013,DEM5A,553847,FG-GML-553847-DEM5A-20251208.zip,8850,9062400,2025/12/08,/kiban/app/api/download/file/687013,巻機山
539818,DEM10B,553900,FG-GML-553900-DEM10B-20161001.zip,1895,1940480,2016/10/01,/kiban/app/api/download/file/539818,武尊山|沼田城跡
718150,DEM1A,553900,FG-GML-553900-DEM1A-20260603.zip,93206,95442944,2026/06/03,/kiban/app/api/download/file/718150,武尊山|沼田城跡
720408,DEM5A,553900,FG-GML-553900-DEM5A-20260603.zip,7687,7871488,2026/06/03,/kiban/app/api/download/file/720408,武尊山|沼田城跡
539819,DEM10B,553901,FG-GML-553901-DEM10B-20161001.zip,2074,2123776,2016/10/01,/kiban/app/api/download/file/539819,武尊山|沼田城跡
718151,DEM1A,553901,FG-GML-553901-DEM1A-20260603.zip,137605,140907520,2026/06/03,/kiban/app/api/download/file/718151,武尊山|沼田城跡
720409,DEM5A,553901,FG-GML-553901-DEM5A-20260603.zip,7608,7790592,2026/06/03,/kiban/app/api/download/file/720409,武尊山|沼田城跡
539820,DEM10B,553902,FG-GML-553902-DEM10B-20161001.zip,2161,2212864,2016/10/01,/kiban/app/api/download/file/539820,日光白根山
718152,DEM1A,553902,FG-GML-553902-DEM1A-20260603.zip,171923,176049152,2026/06/03,/kiban/app/api/download/file/718152,日光白根山
720410,DEM5A,553902,FG-GML-553902-DEM5A-20260603.zip,7937,8127488,2026/06/03,/kiban/app/api/download/file/720410,日光白根山
539821,DEM10B,553903,FG-GML-553903-DEM10B-20161001.zip,1899,1944576,2016/10/01,/kiban/app/api/download/file/539821,日光白根山|男体山
718153,DEM1A,553903,FG-GML-553903-DEM1A-20260603.zip,149803,153398272,2026/06/03,/kiban/app/api/download/file/718153,日光白根山|男体山
720411,DEM5A,553903,FG-GML-553903-DEM5A-20260603.zip,7049,7218176,2026/06/03,/kiban/app/api/download/file/720411,日光白根山|男体山
539822,DEM10B,553904,FG-GML-553904-DEM10B-20161001.zip,2163,2214912,2016/10/01,/kiban/app/api/download/file/539822,男体山
718154,DEM1A,553904,FG-GML-553904-DEM1A-20260616.zip,164669,168621056,2026/06/16,/kiban/app/api/download/file/718154,男体山
720412,DEM5A,553904,FG-GML-553904-DEM5A-20260616.zip,7689,7873536,2026/06/16,/kiban/app/api/download/file/720412,男体山
539826,DEM10B,553910,FG-GML-553910-DEM10B-20161001.zip,2126,2177024,2016/10/01,/kiban/app/api/download/file/539826,谷川岳|武尊山|至仏山
718158,DEM1A,553910,FG-GML-553910-DEM1A-20260603.zip,70313,72000512,2026/06/03,/kiban/app/api/download/file/718158,谷川岳|武尊山|至仏山
720416,DEM5A,553910,FG-GML-553910-DEM5A-20260603.zip,8931,9145344,2026/06/03,/kiban/app/api/download/file/720416,谷川岳|武尊山|至仏山
539827,DEM10B,553911,FG-GML-553911-DEM10B-20161001.zip,2121,2171904,2016/10/01,/kiban/app/api/download/file/539827,武尊山|至仏山
718159,DEM1A,553911,FG-GML-553911-DEM1A-20260603.zip,139809,143164416,2026/06/03,/kiban/app/api/download/file/718159,武尊山|至仏山
720417,DEM5A,553911,FG-GML-553911-DEM5A-20260603.zip,7530,7710720,2026/06/03,/kiban/app/api/download/file/720417,武尊山|至仏山
539828,DEM10B,553912,FG-GML-553912-DEM10B-20161001.zip,2169,2221056,2016/10/01,/kiban/app/api/download/file/539828,日光白根山
718160,DEM1A,553912,FG-GML-553912-DEM1A-20260603.zip,159312,163135488,2026/06/03,/kiban/app/api/download/file/718160,日光白根山
720418,DEM5A,553912,FG-GML-553912-DEM5A-20260603.zip,7641,7824384,2026/06/03,/kiban/app/api/download/file/720418,日光白根山
539829,DEM10B,553913,FG-GML-553913-DEM10B-20161001.zip,2039,2087936,2016/10/01,/kiban/app/api/download/file/539829,日光白根山|男体山
718161,DEM1A,553913,FG-GML-553913-DEM1A-20260616.zip,149155,152734720,2026/06/16,/kiban/app/api/download/file/718161,日光白根山|男体山
720419,DEM5A,553913,FG-GML-553913-DEM5A-20260616.zip,7257,7431168,2026/06/16,/kiban/app/api/download/file/720419,日光白根山|男体山
539830,DEM10B,553914,FG-GML-553914-DEM10B-20161001.zip,2187,2239488,2016/10/01,/kiban/app/api/download/file/539830,男体山
718162,DEM1A,553914,FG-GML-553914-DEM1A-20260616.zip,153872,157564928,2026/06/16,/kiban/app/api/download/file/718162,男体山
720420,DEM5A,553914,FG-GML-553914-DEM5A-20260616.zip,7514,7694336,2026/06/16,/kiban/app/api/download/file/720420,男体山
539834,DEM10B,553920,FG-GML-553920-DEM10B-20161001.zip,2062,2111488,2016/10/01,/kiban/app/api/download/file/539834,谷川岳|武尊山|至仏山|巻機山
618926,DEM5A,553920,FG-GML-553920-DEM5A-20250620.zip,9711,9944064,2025/06/20,/kiban/app/api/download/file/618926,谷川岳|武尊山|至仏山|巻機山
539835,DEM10B,553921,FG-GML-553921-DEM10B-20161001.zip,2116,2166784,2016/10/01,/kiban/app/api/download/file/539835,武尊山|至仏山|平ヶ岳|燧ヶ岳
664224,DEM1A,553921,FG-GML-553921-DEM1A-20250819.zip,99839,102235136,2025/08/19,/kiban/app/api/download/file/664224,武尊山|至仏山|平ヶ岳|燧ヶ岳
662743,DEM5A,553921,FG-GML-553921-DEM5A-20250819.zip,8513,8717312,2025/08/19,/kiban/app/api/download/file/662743,武尊山|至仏山|平ヶ岳|燧ヶ岳
539836,DEM10B,553922,FG-GML-553922-DEM10B-20161001.zip,2122,2172928,2016/10/01,/kiban/app/api/download/file/539836,日光白根山|至仏山|燧ヶ岳
718166,DEM1A,553922,FG-GML-553922-DEM1A-20260616.zip,160864,164724736,2026/06/16,/kiban/app/api/download/file/718166,日光白根山|至仏山|燧ヶ岳
720424,DEM5A,553922,FG-GML-553922-DEM5A-20260616.zip,7697,7881728,2026/06/16,/kiban/app/api/download/file/720424,日光白根山|至仏山|燧ヶ岳
539837,DEM10B,553923,FG-GML-553923-DEM10B-20161001.zip,2154,2205696,2016/10/01,/kiban/app/api/download/file/539837,日光白根山|男体山|燧ヶ岳
718167,DEM1A,553923,FG-GML-553923-DEM1A-20260616.zip,154707,158419968,2026/06/16,/kiban/app/api/download/file/718167,日光白根山|男体山|燧ヶ岳
720425,DEM5A,553923,FG-GML-553923-DEM5A-20260616.zip,7861,8049664,2026/06/16,/kiban/app/api/download/file/720425,日光白根山|男体山|燧ヶ岳
539838,DEM10B,553924,FG-GML-553924-DEM10B-20161001.zip,2041,2089984,2016/10/01,/kiban/app/api/download/file/539838,男体山
718168,DEM1A,553924,FG-GML-553924-DEM1A-20260616.zip,71173,72881152,2026/06/16,/kiban/app/api/download/file/718168,男体山
720426,DEM5A,553924,FG-GML-553924-DEM5A-20260616.zip,7612,7794688,2026/06/16,/kiban/app/api/download/file/720426,男体山
539842,DEM10B,553930,FG-GML-553930-DEM10B-20161001.zip,2071,2120704,2016/10/01,/kiban/app/api/download/file/539842,至仏山|平ヶ岳|巻機山
664231,DEM1A,553930,FG-GML-553930-DEM1A-20250822.zip,39740,40693760,2025/08/22,/kiban/app/api/download/file/664231,至仏山|平ヶ岳|巻機山
662750,DEM5A,553930,FG-GML-553930-DEM5A-20250822.zip,9705,9937920,2025/08/22,/kiban/app/api/download/file/662750,至仏山|平ヶ岳|巻機山
539843,DEM10B,553931,FG-GML-553931-DEM10B-20161001.zip,2011,2059264,2016/10/01,/kiban/app/api/download/file/539843,至仏山|平ヶ岳|燧ヶ岳
718170,DEM1A,553931,FG-GML-553931-DEM1A-20260603.zip,2627,2690048,2026/06/03,/kiban/app/api/download/file/718170,至仏山|平ヶ岳|燧ヶ岳
720428,DEM5A,553931,FG-GML-553931-DEM5A-20260603.zip,9895,10132480,2026/06/03,/kiban/app/api/download/file/720428,至仏山|平ヶ岳|燧ヶ岳
539844,DEM10B,553932,FG-GML-553932-DEM10B-20161001.zip,2028,2076672,2016/10/01,/kiban/app/api/download/file/539844,会津駒ヶ岳|至仏山|平ヶ岳|燧ヶ岳
718171,DEM1A,553932,FG-GML-553932-DEM1A-20260603.zip,70331,72018944,2026/06/03,/kiban/app/api/download/file/718171,会津駒ヶ岳|至仏山|平ヶ岳|燧ヶ岳
720429,DEM5A,553932,FG-GML-553932-DEM5A-20260603.zip,8613,8819712,2026/06/03,/kiban/app/api/download/file/720429,会津駒ヶ岳|至仏山|平ヶ岳|燧ヶ岳
539845,DEM10B,553933,FG-GML-553933-DEM10B-20161001.zip,2105,2155520,2016/10/01,/kiban/app/api/download/file/539845,会津駒ヶ岳|燧ヶ岳
718172,DEM1A,553933,FG-GML-553933-DEM1A-20260616.zip,13823,14154752,2026/06/16,/kiban/app/api/download/file/718172,会津駒ヶ岳|燧ヶ岳
720430,DEM5A,553933,FG-GML-553933-DEM5A-20260616.zip,9321,9544704,2026/06/16,/kiban/app/api/download/file/720430,会津駒ヶ岳|燧ヶ岳
539850,DEM10B,553940,FG-GML-553940-DEM10B-20161001.zip,2234,2287616,2016/10/01,/kiban/app/api/download/file/539850,平ヶ岳|巻機山
664239,DEM1A,553940,FG-GML-553940-DEM1A-20250822.zip,177512,181772288,2025/08/22,/kiban/app/api/download/file/664239,平ヶ岳|巻機山
662758,DEM5A,553940,FG-GML-553940-DEM5A-20250822.zip,9407,9632768,2025/08/22,/kiban/app/api/download/file/662758,平ヶ岳|巻機山
539851,DEM10B,553941,FG-GML-553941-DEM10B-20161001.zip,2154,2205696,2016/10/01,/kiban/app/api/download/file/539851,会津駒ヶ岳|平ヶ岳|燧ヶ岳
718176,DEM1A,553941,FG-GML-553941-DEM1A-20260603.zip,1896,1941504,2026/06/03,/kiban/app/api/download/file/718176,会津駒ヶ岳|平ヶ岳|燧ヶ岳
720434,DEM5A,553941,FG-GML-553941-DEM5A-20260603.zip,10444,10694656,2026/06/03,/kiban/app/api/download/file/720434,会津駒ヶ岳|平ヶ岳|燧ヶ岳
539852,DEM10B,553942,FG-GML-553942-DEM10B-20161001.zip,2189,2241536,2016/10/01,/kiban/app/api/download/file/539852,会津駒ヶ岳|平ヶ岳|燧ヶ岳
718177,DEM1A,553942,FG-GML-553942-DEM1A-20260603.zip,141107,144493568,2026/06/03,/kiban/app/api/download/file/718177,会津駒ヶ岳|平ヶ岳|燧ヶ岳
720435,DEM5A,553942,FG-GML-553942-DEM5A-20260603.zip,8372,8572928,2026/06/03,/kiban/app/api/download/file/720435,会津駒ヶ岳|平ヶ岳|燧ヶ岳
539853,DEM10B,553943,FG-GML-553943-DEM10B-20161001.zip,2129,2180096,2016/10/01,/kiban/app/api/download/file/539853,会津駒ヶ岳|燧ヶ岳
613462,DEM1A,553943,FG-GML-553943-DEM1A-20250509.zip,23036,23588864,2025/05/09,/kiban/app/api/download/file/613462,会津駒ヶ岳|燧ヶ岳
618945,DEM5A,553943,FG-GML-553943-DEM5A-20250620.zip,9886,10123264,2025/06/20,/kiban/app/api/download/file/618945,会津駒ヶ岳|燧ヶ岳
539856,DEM10B,553946,FG-GML-553946-DEM10B-20161001.zip,2156,2207744,2016/10/01,/kiban/app/api/download/file/539856,那須岳
718180,DEM1A,553946,FG-GML-553946-DEM1A-20260616.zip,44700,45772800,2026/06/16,/kiban/app/api/download/file/718180,那須岳
720438,DEM5A,553946,FG-GML-553946-DEM5A-20260616.zip,9853,10089472,2026/06/16,/kiban/app/api/download/file/720438,那須岳
539857,DEM10B,553947,FG-GML-553947-DEM10B-20161001.zip,1819,1862656,2016/10/01,/kiban/app/api/download/file/539857,那須岳
685997,DEM1A,553947,FG-GML-553947-DEM1A-20251113.zip,86115,88181760,2025/11/13,/kiban/app/api/download/file/685997,那須岳
687033,DEM5A,553947,FG-GML-553947-DEM5A-20251113.zip,7004,7172096,2025/11/13,/kiban/app/api/download/file/687033,那須岳
615337,DEM5B,553947,FG-GML-553947-DEM5B-20250609.zip,96,98304,2025/06/09,/kiban/app/api/download/file/615337,那須岳
539858,DEM10B,553950,FG-GML-553950-DEM10B-20161001.zip,2205,2257920,2016/10/01,/kiban/app/api/download/file/539858,平ヶ岳
664244,DEM1A,553950,FG-GML-553950-DEM1A-20250828.zip,181339,185691136,2025/08/28,/kiban/app/api/download/file/664244,平ヶ岳
662763,DEM5A,553950,FG-GML-553950-DEM5A-20250828.zip,9229,9450496,2025/08/28,/kiban/app/api/download/file/662763,平ヶ岳
615338,DEM5B,553950,FG-GML-553950-DEM5B-20250609.zip,98,100352,2025/06/09,/kiban/app/api/download/file/615338,平ヶ岳
539859,DEM10B,553951,FG-GML-553951-DEM10B-20161001.zip,1965,2012160,2016/10/01,/kiban/app/api/download/file/539859,平ヶ岳
718181,DEM1A,553951,FG-GML-553951-DEM1A-20260603.zip,42924,43954176,2026/06/03,/kiban/app/api/download/file/718181,平ヶ岳
720439,DEM5A,553951,FG-GML-553951-DEM5A-20260603.zip,8879,9092096,2026/06/03,/kiban/app/api/download/file/720439,平ヶ岳
539860,DEM10B,553952,FG-GML-553952-DEM10B-20161001.zip,2155,2206720,2016/10/01,/kiban/app/api/download/file/539860,会津駒ヶ岳
718182,DEM1A,553952,FG-GML-553952-DEM1A-20260603.zip,55159,56482816,2026/06/03,/kiban/app/api/download/file/718182,会津駒ヶ岳
720440,DEM5A,553952,FG-GML-553952-DEM5A-20260603.zip,9572,9801728,2026/06/03,/kiban/app/api/download/file/720440,会津駒ヶ岳
539861,DEM10B,553953,FG-GML-553953-DEM10B-20161001.zip,2170,2222080,2016/10/01,/kiban/app/api/download/file/539861,会津駒ヶ岳
718183,DEM1A,553953,FG-GML-553953-DEM1A-20260603.zip,22554,23095296,2026/06/03,/kiban/app/api/download/file/718183,会津駒ヶ岳
720441,DEM5A,553953,FG-GML-553953-DEM5A-20260603.zip,10069,10310656,2026/06/03,/kiban/app/api/download/file/720441,会津駒ヶ岳
539864,DEM10B,553956,FG-GML-553956-DEM10B-20161001.zip,2136,2187264,2016/10/01,/kiban/app/api/download/file/539864,那須岳
718184,DEM1A,553956,FG-GML-553956-DEM1A-20260616.zip,120580,123473920,2026/06/16,/kiban/app/api/download/file/718184,那須岳
720442,DEM5A,553956,FG-GML-553956-DEM5A-20260616.zip,8628,8835072,2026/06/16,/kiban/app/api/download/file/720442,那須岳
536986,DEM10A,553957,FG-GML-553957-DEM10A-20161001.zip,1192,1220608,2016/10/01,/kiban/app/api/download/file/536986,那須岳
539865,DEM10B,553957,FG-GML-553957-DEM10B-20161001.zip,2124,2174976,2016/10/01,/kiban/app/api/download/file/539865,那須岳
685998,DEM1A,553957,FG-GML-553957-DEM1A-20251113.zip,125753,128771072,2025/11/13,/kiban/app/api/download/file/685998,那須岳
687034,DEM5A,553957,FG-GML-553957-DEM5A-20251113.zip,8245,8442880,2025/11/13,/kiban/app/api/download/file/687034,那須岳
539872,DEM10B,553966,FG-GML-553966-DEM10B-20161001.zip,1887,1932288,2016/10/01,/kiban/app/api/download/file/539872,那須岳
664252,DEM1A,553966,FG-GML-553966-DEM1A-20250812.zip,112994,115705856,2025/08/12,/kiban/app/api/download/file/664252,那須岳
662771,DEM5A,553966,FG-GML-553966-DEM5A-20250812.zip,7090,7260160,2025/08/12,/kiban/app/api/download/file/662771,那須岳
539873,DEM10B,553967,FG-GML-553967-DEM10B-20161001.zip,2107,2157568,2016/10/01,/kiban/app/api/download/file/539873,那須岳
686001,DEM1A,553967,FG-GML-553967-DEM1A-20251113.zip,110752,113410048,2025/11/13,/kiban/app/api/download/file/686001,那須岳
687037,DEM5A,553967,FG-GML-553967-DEM5A-20251113.zip,8268,8466432,2025/11/13,/kiban/app/api/download/file/687037,那須岳
539910,DEM10B,554040,FG-GML-554040-DEM10B-20161001.zip,1428,1462272,2016/10/01,/kiban/app/api/download/file/539910,那須岳|白河小峰城
686017,DEM1A,554040,FG-GML-554040-DEM1A-20251113.zip,39720,40673280,2025/11/13,/kiban/app/api/download/file/686017,那須岳|白河小峰城
687053,DEM5A,554040,FG-GML-554040-DEM5A-20251113.zip,6759,6921216,2025/11/13,/kiban/app/api/download/file/687053,那須岳|白河小峰城
615346,DEM5B,554040,FG-GML-554040-DEM5B-20250609.zip,958,980992,2025/06/09,/kiban/app/api/download/file/615346,那須岳|白河小峰城
539911,DEM10B,554041,FG-GML-554041-DEM10B-20161001.zip,1776,1818624,2016/10/01,/kiban/app/api/download/file/539911,白河小峰城
664275,DEM1A,554041,FG-GML-554041-DEM1A-20250822.zip,95651,97946624,2025/08/22,/kiban/app/api/download/file/664275,白河小峰城
662794,DEM5A,554041,FG-GML-554041-DEM5A-20250822.zip,7423,7601152,2025/08/22,/kiban/app/api/download/file/662794,白河小峰城
615347,DEM5B,554041,FG-GML-554041-DEM5B-20250609.zip,1090,1116160,2025/06/09,/kiban/app/api/download/file/615347,白河小峰城
539912,DEM10B,554042,FG-GML-554042-DEM10B-20161001.zip,1683,1723392,2016/10/01,/kiban/app/api/download/file/539912,白河小峰城
613514,DEM1A,554042,FG-GML-554042-DEM1A-20250509.zip,98409,100770816,2025/05/09,/kiban/app/api/download/file/613514,白河小峰城
619005,DEM5A,554042,FG-GML-554042-DEM5A-20250620.zip,6774,6936576,2025/06/20,/kiban/app/api/download/file/619005,白河小峰城
536987,DEM10A,554050,FG-GML-554050-DEM10A-20161001.zip,257,263168,2016/10/01,/kiban/app/api/download/file/536987,那須岳|白河小峰城
539918,DEM10B,554050,FG-GML-554050-DEM10B-20161001.zip,1883,1928192,2016/10/01,/kiban/app/api/download/file/539918,那須岳|白河小峰城
686022,DEM1A,554050,FG-GML-554050-DEM1A-20251113.zip,81278,83228672,2025/11/13,/kiban/app/api/download/file/686022,那須岳|白河小峰城
687058,DEM5A,554050,FG-GML-554050-DEM5A-20251113.zip,7063,7232512,2025/11/13,/kiban/app/api/download/file/687058,那須岳|白河小峰城
539919,DEM10B,554051,FG-GML-554051-DEM10B-20161001.zip,1459,1494016,2016/10/01,/kiban/app/api/download/file/539919,白河小峰城
686023,DEM1A,554051,FG-GML-554051-DEM1A-20251107.zip,61708,63188992,2025/11/07,/kiban/app/api/download/file/686023,白河小峰城
687059,DEM5A,554051,FG-GML-554051-DEM5A-20251107.zip,6532,6688768,2025/11/07,/kiban/app/api/download/file/687059,白河小峰城
615349,DEM5B,554051,FG-GML-554051-DEM5B-20250609.zip,639,654336,2025/06/09,/kiban/app/api/download/file/615349,白河小峰城
539920,DEM10B,554052,FG-GML-554052-DEM10B-20161001.zip,1291,1321984,2016/10/01,/kiban/app/api/download/file/539920,白河小峰城
613522,DEM1A,554052,FG-GML-554052-DEM1A-20250509.zip,41351,42343424,2025/05/09,/kiban/app/api/download/file/613522,白河小峰城
619013,DEM5A,554052,FG-GML-554052-DEM5A-20250620.zip,6735,6896640,2025/06/20,/kiban/app/api/download/file/619013,白河小峰城
539926,DEM10B,554060,FG-GML-554060-DEM10B-20161001.zip,1972,2019328,2016/10/01,/kiban/app/api/download/file/539926,那須岳|白河小峰城
686027,DEM1A,554060,FG-GML-554060-DEM1A-20251113.zip,35022,35862528,2025/11/13,/kiban/app/api/download/file/686027,那須岳|白河小峰城
687063,DEM5A,554060,FG-GML-554060-DEM5A-20251113.zip,8414,8615936,2025/11/13,/kiban/app/api/download/file/687063,那須岳|白河小峰城
539927,DEM10B,554061,FG-GML-554061-DEM10B-20161001.zip,1804,1847296,2016/10/01,/kiban/app/api/download/file/539927,白河小峰城
613529,DEM1A,554061,FG-GML-554061-DEM1A-20250509.zip,76702,78542848,2025/05/09,/kiban/app/api/download/file/613529,白河小峰城
619020,DEM5A,554061,FG-GML-554061-DEM5A-20250620.zip,7532,7712768,2025/06/20,/kiban/app/api/download/file/619020,白河小峰城
539928,DEM10B,554062,FG-GML-554062-DEM10B-20161001.zip,1300,1331200,2016/10/01,/kiban/app/api/download/file/539928,白河小峰城
613530,DEM1A,554062,FG-GML-554062-DEM1A-20250509.zip,10459,10710016,2025/05/09,/kiban/app/api/download/file/613530,白河小峰城
619021,DEM5A,554062,FG-GML-554062-DEM5A-20250620.zip,7044,7213056,2025/06/20,/kiban/app/api/download/file/619021,白河小峰城
730144,DEM5B,554062,FG-GML-554062-DEM5B-20101001.zip,3295,3374080,2010/10/01,/kiban/app/api/download/file/730144,白河小峰城
539997,DEM10B,563906,FG-GML-563906-DEM10B-20161001.zip,2028,2076672,2016/10/01,/kiban/app/api/download/file/539997,会津若松城（鶴ヶ城）
664310,DEM1A,563906,FG-GML-563906-DEM1A-20250812.zip,159940,163778560,2025/08/12,/kiban/app/api/download/file/664310,会津若松城（鶴ヶ城）
662830,DEM5A,563906,FG-GML-563906-DEM5A-20250812.zip,7478,7657472,2025/08/12,/kiban/app/api/download/file/662830,会津若松城（鶴ヶ城）
539998,DEM10B,563907,FG-GML-563907-DEM10B-20161001.zip,2075,2124800,2016/10/01,/kiban/app/api/download/file/539998,会津若松城（鶴ヶ城）
664311,DEM1A,563907,FG-GML-563907-DEM1A-20250812.zip,156168,159916032,2025/08/12,/kiban/app/api/download/file/664311,会津若松城（鶴ヶ城）
662831,DEM5A,563907,FG-GML-563907-DEM5A-20250812.zip,7642,7825408,2025/08/12,/kiban/app/api/download/file/662831,会津若松城（鶴ヶ城）
615364,DEM5B,563907,FG-GML-563907-DEM5B-20250609.zip,803,822272,2025/06/09,/kiban/app/api/download/file/615364,会津若松城（鶴ヶ城）
540005,DEM10B,563916,FG-GML-563916-DEM10B-20161001.zip,1572,1609728,2016/10/01,/kiban/app/api/download/file/540005,会津若松城（鶴ヶ城）|会津慈母大観音
613583,DEM1A,563916,FG-GML-563916-DEM1A-20250509.zip,85393,87442432,2025/05/09,/kiban/app/api/download/file/613583,会津若松城（鶴ヶ城）|会津慈母大観音
619098,DEM5A,563916,FG-GML-563916-DEM5A-20250620.zip,6280,6430720,2025/06/20,/kiban/app/api/download/file/619098,会津若松城（鶴ヶ城）|会津慈母大観音
615366,DEM5B,563916,FG-GML-563916-DEM5B-20250609.zip,156,159744,2025/06/09,/kiban/app/api/download/file/615366,会津若松城（鶴ヶ城）|会津慈母大観音
540006,DEM10B,563917,FG-GML-563917-DEM10B-20161001.zip,1553,1590272,2016/10/01,/kiban/app/api/download/file/540006,会津若松城（鶴ヶ城）|会津慈母大観音
613584,DEM1A,563917,FG-GML-563917-DEM1A-20250509.zip,93039,95271936,2025/05/09,/kiban/app/api/download/file/613584,会津若松城（鶴ヶ城）|会津慈母大観音
619099,DEM5A,563917,FG-GML-563917-DEM5A-20250620.zip,6451,6605824,2025/06/20,/kiban/app/api/download/file/619099,会津若松城（鶴ヶ城）|会津慈母大観音
615367,DEM5B,563917,FG-GML-563917-DEM5B-20250609.zip,2491,2550784,2025/06/09,/kiban/app/api/download/file/615367,会津若松城（鶴ヶ城）|会津慈母大観音
540013,DEM10B,563926,FG-GML-563926-DEM10B-20161001.zip,1163,1190912,2016/10/01,/kiban/app/api/download/file/540013,会津若松城（鶴ヶ城）|会津慈母大観音
718210,DEM1A,563926,FG-GML-563926-DEM1A-20260616.zip,109823,112458752,2026/06/16,/kiban/app/api/download/file/718210,会津若松城（鶴ヶ城）|会津慈母大観音
720468,DEM5A,563926,FG-GML-563926-DEM5A-20260616.zip,6440,6594560,2026/06/16,/kiban/app/api/download/file/720468,会津若松城（鶴ヶ城）|会津慈母大観音
615369,DEM5B,563926,FG-GML-563926-DEM5B-20250609.zip,90,92160,2025/06/09,/kiban/app/api/download/file/615369,会津若松城（鶴ヶ城）|会津慈母大観音
540014,DEM10B,563927,FG-GML-563927-DEM10B-20161001.zip,1282,1312768,2016/10/01,/kiban/app/api/download/file/540014,磐梯山|会津若松城（鶴ヶ城）|会津慈母大観音
718211,DEM1A,563927,FG-GML-563927-DEM1A-20260616.zip,61130,62597120,2026/06/16,/kiban/app/api/download/file/718211,磐梯山|会津若松城（鶴ヶ城）|会津慈母大観音
720469,DEM5A,563927,FG-GML-563927-DEM5A-20260616.zip,6114,6260736,2026/06/16,/kiban/app/api/download/file/720469,磐梯山|会津若松城（鶴ヶ城）|会津慈母大観音
615370,DEM5B,563927,FG-GML-563927-DEM5B-20250609.zip,2565,2626560,2025/06/09,/kiban/app/api/download/file/615370,磐梯山|会津若松城（鶴ヶ城）|会津慈母大観音
540021,DEM10B,563936,FG-GML-563936-DEM10B-20161001.zip,1304,1335296,2016/10/01,/kiban/app/api/download/file/540021,会津慈母大観音
718213,DEM1A,563936,FG-GML-563936-DEM1A-20260616.zip,57728,59113472,2026/06/16,/kiban/app/api/download/file/718213,会津慈母大観音
720471,DEM5A,563936,FG-GML-563936-DEM5A-20260616.zip,6617,6775808,2026/06/16,/kiban/app/api/download/file/720471,会津慈母大観音
615374,DEM5B,563936,FG-GML-563936-DEM5B-20250609.zip,258,264192,2025/06/09,/kiban/app/api/download/file/615374,会津慈母大観音
540022,DEM10B,563937,FG-GML-563937-DEM10B-20161001.zip,1636,1675264,2016/10/01,/kiban/app/api/download/file/540022,磐梯山|会津慈母大観音
718214,DEM1A,563937,FG-GML-563937-DEM1A-20260616.zip,81562,83519488,2026/06/16,/kiban/app/api/download/file/718214,磐梯山|会津慈母大観音
720472,DEM5A,563937,FG-GML-563937-DEM5A-20260616.zip,6446,6600704,2026/06/16,/kiban/app/api/download/file/720472,磐梯山|会津慈母大観音
615375,DEM5B,563937,FG-GML-563937-DEM5B-20250609.zip,2256,2310144,2025/06/09,/kiban/app/api/download/file/615375,磐梯山|会津慈母大観音
540030,DEM10B,563947,FG-GML-563947-DEM10B-20161001.zip,2000,2048000,2016/10/01,/kiban/app/api/download/file/540030,磐梯山
686035,DEM1A,563947,FG-GML-563947-DEM1A-20251107.zip,133105,136299520,2025/11/07,/kiban/app/api/download/file/686035,磐梯山
687071,DEM5A,563947,FG-GML-563947-DEM5A-20251107.zip,7128,7299072,2025/11/07,/kiban/app/api/download/file/687071,磐梯山
615380,DEM5B,563947,FG-GML-563947-DEM5B-20250609.zip,2071,2120704,2025/06/09,/kiban/app/api/download/file/615380,磐梯山
540035,DEM10B,563954,FG-GML-563954-DEM10B-20161001.zip,2150,2201600,2016/10/01,/kiban/app/api/download/file/540035,飯豊山
619128,DEM5A,563954,FG-GML-563954-DEM5A-20250620.zip,7388,7565312,2025/06/20,/kiban/app/api/download/file/619128,飯豊山
540036,DEM10B,563955,FG-GML-563955-DEM10B-20161001.zip,2145,2196480,2016/10/01,/kiban/app/api/download/file/540036,飯豊山
686036,DEM1A,563955,FG-GML-563955-DEM1A-20251208.zip,48202,49358848,2025/12/08,/kiban/app/api/download/file/686036,飯豊山
687072,DEM5A,563955,FG-GML-563955-DEM5A-20251208.zip,7762,7948288,2025/12/08,/kiban/app/api/download/file/687072,飯豊山
615382,DEM5B,563955,FG-GML-563955-DEM5B-20250609.zip,70,71680,2025/06/09,/kiban/app/api/download/file/615382,飯豊山
540037,DEM10B,563956,FG-GML-563956-DEM10B-20161001.zip,2079,2128896,2016/10/01,/kiban/app/api/download/file/540037,飯豊山
718215,DEM1A,563956,FG-GML-563956-DEM1A-20260603.zip,107371,109947904,2026/06/03,/kiban/app/api/download/file/718215,飯豊山
720473,DEM5A,563956,FG-GML-563956-DEM5A-20260603.zip,6694,6854656,2026/06/03,/kiban/app/api/download/file/720473,飯豊山
615383,DEM5B,563956,FG-GML-563956-DEM5B-20250609.zip,395,404480,2025/06/09,/kiban/app/api/download/file/615383,飯豊山
540040,DEM10B,563961,FG-GML-563961-DEM10B-20161001.zip,242,247808,2016/10/01,/kiban/app/api/download/file/540040,新発田城跡
619133,DEM5A,563961,FG-GML-563961-DEM5A-20250620.zip,4429,4535296,2025/06/20,/kiban/app/api/download/file/619133,新発田城跡
730152,DEM5B,563961,FG-GML-563961-DEM5B-20100901.zip,2184,2236416,2010/09/01,/kiban/app/api/download/file/730152,新発田城跡
540041,DEM10B,563962,FG-GML-563962-DEM10B-20161001.zip,1228,1257472,2016/10/01,/kiban/app/api/download/file/540041,新発田城跡
619134,DEM5A,563962,FG-GML-563962-DEM5A-20250620.zip,5160,5283840,2025/06/20,/kiban/app/api/download/file/619134,新発田城跡
615385,DEM5B,563962,FG-GML-563962-DEM5B-20250609.zip,3169,3245056,2025/06/09,/kiban/app/api/download/file/615385,新発田城跡
540042,DEM10B,563963,FG-GML-563963-DEM10B-20161001.zip,1978,2025472,2016/10/01,/kiban/app/api/download/file/540042,新発田城跡
619135,DEM5A,563963,FG-GML-563963-DEM5A-20250620.zip,6813,6976512,2025/06/20,/kiban/app/api/download/file/619135,新発田城跡
615386,DEM5B,563963,FG-GML-563963-DEM5B-20250609.zip,180,184320,2025/06/09,/kiban/app/api/download/file/615386,新発田城跡
540043,DEM10B,563964,FG-GML-563964-DEM10B-20161001.zip,2201,2253824,2016/10/01,/kiban/app/api/download/file/540043,飯豊山
686039,DEM1A,563964,FG-GML-563964-DEM1A-20251208.zip,129,132096,2025/12/08,/kiban/app/api/download/file/686039,飯豊山
687075,DEM5A,563964,FG-GML-563964-DEM5A-20251208.zip,9768,10002432,2025/12/08,/kiban/app/api/download/file/687075,飯豊山
540044,DEM10B,563965,FG-GML-563965-DEM10B-20161001.zip,2205,2257920,2016/10/01,/kiban/app/api/download/file/540044,飯豊山
686040,DEM1A,563965,FG-GML-563965-DEM1A-20251208.zip,132094,135264256,2025/12/08,/kiban/app/api/download/file/686040,飯豊山
687076,DEM5A,563965,FG-GML-563965-DEM5A-20251208.zip,8508,8712192,2025/12/08,/kiban/app/api/download/file/687076,飯豊山
540045,DEM10B,563966,FG-GML-563966-DEM10B-20161001.zip,2070,2119680,2016/10/01,/kiban/app/api/download/file/540045,飯豊山
718217,DEM1A,563966,FG-GML-563966-DEM1A-20260603.zip,150772,154390528,2026/06/03,/kiban/app/api/download/file/718217,飯豊山
720475,DEM5A,563966,FG-GML-563966-DEM5A-20260603.zip,6794,6957056,2026/06/03,/kiban/app/api/download/file/720475,飯豊山
540046,DEM10B,563967,FG-GML-563967-DEM10B-20161001.zip,1990,2037760,2016/10/01,/kiban/app/api/download/file/540046,米沢城跡
718218,DEM1A,563967,FG-GML-563967-DEM1A-20260603.zip,175362,179570688,2026/06/03,/kiban/app/api/download/file/718218,米沢城跡
720476,DEM5A,563967,FG-GML-563967-DEM5A-20260603.zip,8055,8248320,2026/06/03,/kiban/app/api/download/file/720476,米沢城跡
540048,DEM10B,563971,FG-GML-563971-DEM10B-20161001.zip,457,467968,2016/10/01,/kiban/app/api/download/file/540048,新発田城跡
619141,DEM5A,563971,FG-GML-563971-DEM5A-20250620.zip,3960,4055040,2025/06/20,/kiban/app/api/download/file/619141,新発田城跡
730153,DEM5B,563971,FG-GML-563971-DEM5B-20100901.zip,2938,3008512,2010/09/01,/kiban/app/api/download/file/730153,新発田城跡
540049,DEM10B,563972,FG-GML-563972-DEM10B-20161001.zip,386,395264,2016/10/01,/kiban/app/api/download/file/540049,新発田城跡
619142,DEM5A,563972,FG-GML-563972-DEM5A-20250620.zip,4781,4895744,2025/06/20,/kiban/app/api/download/file/619142,新発田城跡
615388,DEM5B,563972,FG-GML-563972-DEM5B-20250609.zip,435,445440,2025/06/09,/kiban/app/api/download/file/615388,新発田城跡
540050,DEM10B,563973,FG-GML-563973-DEM10B-20161001.zip,1751,1793024,2016/10/01,/kiban/app/api/download/file/540050,新発田城跡
619143,DEM5A,563973,FG-GML-563973-DEM5A-20250620.zip,6074,6219776,2025/06/20,/kiban/app/api/download/file/619143,新発田城跡
730154,DEM5B,563973,FG-GML-563973-DEM5B-20100901.zip,888,909312,2010/09/01,/kiban/app/api/download/file/730154,新発田城跡
540051,DEM10B,563974,FG-GML-563974-DEM10B-20161001.zip,2163,2214912,2016/10/01,/kiban/app/api/download/file/540051,飯豊山
686043,DEM1A,563974,FG-GML-563974-DEM1A-20251208.zip,3281,3359744,2025/12/08,/kiban/app/api/download/file/686043,飯豊山
687079,DEM5A,563974,FG-GML-563974-DEM5A-20251208.zip,9266,9488384,2025/12/08,/kiban/app/api/download/file/687079,飯豊山
540052,DEM10B,563975,FG-GML-563975-DEM10B-20161001.zip,2118,2168832,2016/10/01,/kiban/app/api/download/file/540052,飯豊山
686044,DEM1A,563975,FG-GML-563975-DEM1A-20251208.zip,151330,154961920,2025/12/08,/kiban/app/api/download/file/686044,飯豊山
687080,DEM5A,563975,FG-GML-563975-DEM5A-20251208.zip,7772,7958528,2025/12/08,/kiban/app/api/download/file/687080,飯豊山
540053,DEM10B,563976,FG-GML-563976-DEM10B-20161001.zip,1961,2008064,2016/10/01,/kiban/app/api/download/file/540053,飯豊山
718219,DEM1A,563976,FG-GML-563976-DEM1A-20260603.zip,156986,160753664,2026/06/03,/kiban/app/api/download/file/718219,飯豊山
720477,DEM5A,563976,FG-GML-563976-DEM5A-20260603.zip,7440,7618560,2026/06/03,/kiban/app/api/download/file/720477,飯豊山
540054,DEM10B,563977,FG-GML-563977-DEM10B-20161001.zip,1878,1923072,2016/10/01,/kiban/app/api/download/file/540054,米沢城跡
718220,DEM1A,563977,FG-GML-563977-DEM1A-20260603.zip,181074,185419776,2026/06/03,/kiban/app/api/download/file/718220,米沢城跡
720478,DEM5A,563977,FG-GML-563977-DEM5A-20260603.zip,8253,8451072,2026/06/03,/kiban/app/api/download/file/720478,米沢城跡
540058,DEM10B,564003,FG-GML-564003-DEM10B-20161001.zip,1501,1537024,2016/10/01,/kiban/app/api/download/file/540058,三春城跡
718224,DEM1A,564003,FG-GML-564003-DEM1A-20260603.zip,55567,56900608,2026/06/03,/kiban/app/api/download/file/718224,三春城跡
720482,DEM5A,564003,FG-GML-564003-DEM5A-20260603.zip,6605,6763520,2026/06/03,/kiban/app/api/download/file/720482,三春城跡
615391,DEM5B,564003,FG-GML-564003-DEM5B-20250609.zip,2155,2206720,2025/06/09,/kiban/app/api/download/file/615391,三春城跡
540059,DEM10B,564004,FG-GML-564004-DEM10B-20161001.zip,1793,1836032,2016/10/01,/kiban/app/api/download/file/540059,三春城跡
664335,DEM1A,564004,FG-GML-564004-DEM1A-20250804.zip,111377,114050048,2025/08/04,/kiban/app/api/download/file/664335,三春城跡
662855,DEM5A,564004,FG-GML-564004-DEM5A-20250804.zip,7893,8082432,2025/08/04,/kiban/app/api/download/file/662855,三春城跡
615392,DEM5B,564004,FG-GML-564004-DEM5B-20250609.zip,1125,1152000,2025/06/09,/kiban/app/api/download/file/615392,三春城跡
540063,DEM10B,564010,FG-GML-564010-DEM10B-20161001.zip,775,793600,2016/10/01,/kiban/app/api/download/file/540063,会津若松城（鶴ヶ城）|会津慈母大観音
718225,DEM1A,564010,FG-GML-564010-DEM1A-20260603.zip,51336,52568064,2026/06/03,/kiban/app/api/download/file/718225,会津若松城（鶴ヶ城）|会津慈母大観音
720483,DEM5A,564010,FG-GML-564010-DEM5A-20260603.zip,2733,2798592,2026/06/03,/kiban/app/api/download/file/720483,会津若松城（鶴ヶ城）|会津慈母大観音
615393,DEM5B,564010,FG-GML-564010-DEM5B-20250609.zip,353,361472,2025/06/09,/kiban/app/api/download/file/615393,会津若松城（鶴ヶ城）|会津慈母大観音
540066,DEM10B,564013,FG-GML-564013-DEM10B-20161001.zip,1552,1589248,2016/10/01,/kiban/app/api/download/file/540066,三春城跡
664341,DEM1A,564013,FG-GML-564013-DEM1A-20250804.zip,26505,27141120,2025/08/04,/kiban/app/api/download/file/664341,三春城跡
662861,DEM5A,564013,FG-GML-564013-DEM5A-20250804.zip,7202,7374848,2025/08/04,/kiban/app/api/download/file/662861,三春城跡
730155,DEM5B,564013,FG-GML-564013-DEM5B-20100115.zip,7296,7471104,2010/01/15,/kiban/app/api/download/file/730155,三春城跡
540067,DEM10B,564014,FG-GML-564014-DEM10B-20161001.zip,1757,1799168,2016/10/01,/kiban/app/api/download/file/540067,三春城跡
686049,DEM1A,564014,FG-GML-564014-DEM1A-20251107.zip,80810,82749440,2025/11/07,/kiban/app/api/download/file/686049,三春城跡
687085,DEM5A,564014,FG-GML-564014-DEM5A-20251107.zip,7242,7415808,2025/11/07,/kiban/app/api/download/file/687085,三春城跡
615396,DEM5B,564014,FG-GML-564014-DEM5B-20250609.zip,1830,1873920,2025/06/09,/kiban/app/api/download/file/615396,三春城跡
536988,DEM10A,564020,FG-GML-564020-DEM10A-20161001.zip,275,281600,2016/10/01,/kiban/app/api/download/file/536988,磐梯山|会津若松城（鶴ヶ城）|会津慈母大観音
540071,DEM10B,564020,FG-GML-564020-DEM10B-20161001.zip,1012,1036288,2016/10/01,/kiban/app/api/download/file/540071,磐梯山|会津若松城（鶴ヶ城）|会津慈母大観音
718228,DEM1A,564020,FG-GML-564020-DEM1A-20260603.zip,64637,66188288,2026/06/03,/kiban/app/api/download/file/718228,磐梯山|会津若松城（鶴ヶ城）|会津慈母大観音
720486,DEM5A,564020,FG-GML-564020-DEM5A-20260603.zip,3757,3847168,2026/06/03,/kiban/app/api/download/file/720486,磐梯山|会津若松城（鶴ヶ城）|会津慈母大観音
615397,DEM5B,564020,FG-GML-564020-DEM5B-20250609.zip,1058,1083392,2025/06/09,/kiban/app/api/download/file/615397,磐梯山|会津若松城（鶴ヶ城）|会津慈母大観音
540072,DEM10B,564021,FG-GML-564021-DEM10B-20161001.zip,1930,1976320,2016/10/01,/kiban/app/api/download/file/540072,磐梯山
718229,DEM1A,564021,FG-GML-564021-DEM1A-20260603.zip,146319,149830656,2026/06/03,/kiban/app/api/download/file/718229,磐梯山
720487,DEM5A,564021,FG-GML-564021-DEM5A-20260603.zip,7031,7199744,2026/06/03,/kiban/app/api/download/file/720487,磐梯山
615398,DEM5B,564021,FG-GML-564021-DEM5B-20250609.zip,652,667648,2025/06/09,/kiban/app/api/download/file/615398,磐梯山
540073,DEM10B,564022,FG-GML-564022-DEM10B-20161001.zip,1901,1946624,2016/10/01,/kiban/app/api/download/file/540073,二本松城跡
664346,DEM1A,564022,FG-GML-564022-DEM1A-20250804.zip,122145,125076480,2025/08/04,/kiban/app/api/download/file/664346,二本松城跡
662866,DEM5A,564022,FG-GML-564022-DEM5A-20250804.zip,6457,6611968,2025/08/04,/kiban/app/api/download/file/662866,二本松城跡
615399,DEM5B,564022,FG-GML-564022-DEM5B-20250609.zip,385,394240,2025/06/09,/kiban/app/api/download/file/615399,二本松城跡
540074,DEM10B,564023,FG-GML-564023-DEM10B-20161001.zip,1557,1594368,2016/10/01,/kiban/app/api/download/file/540074,二本松城跡|三春城跡
686052,DEM1A,564023,FG-GML-564023-DEM1A-20251107.zip,95149,97432576,2025/11/07,/kiban/app/api/download/file/686052,二本松城跡|三春城跡
687088,DEM5A,564023,FG-GML-564023-DEM5A-20251107.zip,5365,5493760,2025/11/07,/kiban/app/api/download/file/687088,二本松城跡|三春城跡
730156,DEM5B,564023,FG-GML-564023-DEM5B-20090201.zip,8084,8278016,2009/02/01,/kiban/app/api/download/file/730156,二本松城跡|三春城跡
540075,DEM10B,564024,FG-GML-564024-DEM10B-20161001.zip,1854,1898496,2016/10/01,/kiban/app/api/download/file/540075,二本松城跡|三春城跡
686053,DEM1A,564024,FG-GML-564024-DEM1A-20251107.zip,126540,129576960,2025/11/07,/kiban/app/api/download/file/686053,二本松城跡|三春城跡
687089,DEM5A,564024,FG-GML-564024-DEM5A-20251107.zip,6552,6709248,2025/11/07,/kiban/app/api/download/file/687089,二本松城跡|三春城跡
615400,DEM5B,564024,FG-GML-564024-DEM5B-20250609.zip,1579,1616896,2025/06/09,/kiban/app/api/download/file/615400,二本松城跡|三春城跡
536989,DEM10A,564030,FG-GML-564030-DEM10A-20161001.zip,1883,1928192,2016/10/01,/kiban/app/api/download/file/536989,磐梯山|西吾妻山|会津慈母大観音
540079,DEM10B,564030,FG-GML-564030-DEM10B-20161001.zip,1917,1963008,2016/10/01,/kiban/app/api/download/file/540079,磐梯山|西吾妻山|会津慈母大観音
718230,DEM1A,564030,FG-GML-564030-DEM1A-20260603.zip,142575,145996800,2026/06/03,/kiban/app/api/download/file/718230,磐梯山|西吾妻山|会津慈母大観音
720488,DEM5A,564030,FG-GML-564030-DEM5A-20260603.zip,7028,7196672,2026/06/03,/kiban/app/api/download/file/720488,磐梯山|西吾妻山|会津慈母大観音
616089,DEM5C,564030,FG-GML-564030-DEM5C-20250605.zip,1277,1307648,2025/06/05,/kiban/app/api/download/file/616089,磐梯山|西吾妻山|会津慈母大観音
536990,DEM10A,564031,FG-GML-564031-DEM10A-20161001.zip,551,564224,2016/10/01,/kiban/app/api/download/file/536990,磐梯山|西吾妻山
540080,DEM10B,564031,FG-GML-564031-DEM10B-20161001.zip,1907,1952768,2016/10/01,/kiban/app/api/download/file/540080,磐梯山|西吾妻山
664353,DEM1A,564031,FG-GML-564031-DEM1A-20250804.zip,134217,137438208,2025/08/04,/kiban/app/api/download/file/664353,磐梯山|西吾妻山
662873,DEM5A,564031,FG-GML-564031-DEM5A-20250804.zip,6781,6943744,2025/08/04,/kiban/app/api/download/file/662873,磐梯山|西吾妻山
616090,DEM5C,564031,FG-GML-564031-DEM5C-20250605.zip,969,992256,2025/06/05,/kiban/app/api/download/file/616090,磐梯山|西吾妻山
536991,DEM10A,564032,FG-GML-564032-DEM10A-20161001.zip,1363,1395712,2016/10/01,/kiban/app/api/download/file/536991,二本松城跡
540081,DEM10B,564032,FG-GML-564032-DEM10B-20161001.zip,2130,2181120,2016/10/01,/kiban/app/api/download/file/540081,二本松城跡
664354,DEM1A,564032,FG-GML-564032-DEM1A-20250804.zip,135612,138866688,2025/08/04,/kiban/app/api/download/file/664354,二本松城跡
662874,DEM5A,564032,FG-GML-564032-DEM5A-20250804.zip,7090,7260160,2025/08/04,/kiban/app/api/download/file/662874,二本松城跡
540082,DEM10B,564033,FG-GML-564033-DEM10B-20161001.zip,1667,1707008,2016/10/01,/kiban/app/api/download/file/540082,二本松城跡
664355,DEM1A,564033,FG-GML-564033-DEM1A-20250804.zip,98630,100997120,2025/08/04,/kiban/app/api/download/file/664355,二本松城跡
662875,DEM5A,564033,FG-GML-564033-DEM5A-20250804.zip,5635,5770240,2025/08/04,/kiban/app/api/download/file/662875,二本松城跡
615401,DEM5B,564033,FG-GML-564033-DEM5B-20250609.zip,180,184320,2025/06/09,/kiban/app/api/download/file/615401,二本松城跡
540083,DEM10B,564034,FG-GML-564034-DEM10B-20161001.zip,1885,1930240,2016/10/01,/kiban/app/api/download/file/540083,二本松城跡
686056,DEM1A,564034,FG-GML-564034-DEM1A-20251107.zip,124643,127634432,2025/11/07,/kiban/app/api/download/file/686056,二本松城跡
687092,DEM5A,564034,FG-GML-564034-DEM5A-20251107.zip,6780,6942720,2025/11/07,/kiban/app/api/download/file/687092,二本松城跡
615402,DEM5B,564034,FG-GML-564034-DEM5B-20250609.zip,1314,1345536,2025/06/09,/kiban/app/api/download/file/615402,二本松城跡
536992,DEM10A,564040,FG-GML-564040-DEM10A-20161001.zip,194,198656,2016/10/01,/kiban/app/api/download/file/536992,磐梯山|西吾妻山
540087,DEM10B,564040,FG-GML-564040-DEM10B-20161001.zip,1851,1895424,2016/10/01,/kiban/app/api/download/file/540087,磐梯山|西吾妻山
664360,DEM1A,564040,FG-GML-564040-DEM1A-20250804.zip,132055,135224320,2025/08/04,/kiban/app/api/download/file/664360,磐梯山|西吾妻山
662880,DEM5A,564040,FG-GML-564040-DEM5A-20250804.zip,6452,6606848,2025/08/04,/kiban/app/api/download/file/662880,磐梯山|西吾妻山
616091,DEM5C,564040,FG-GML-564040-DEM5C-20250605.zip,6824,6987776,2025/06/05,/kiban/app/api/download/file/616091,磐梯山|西吾妻山
540088,DEM10B,564041,FG-GML-564041-DEM10B-20161001.zip,2031,2079744,2016/10/01,/kiban/app/api/download/file/540088,磐梯山|西吾妻山
664361,DEM1A,564041,FG-GML-564041-DEM1A-20250804.zip,141032,144416768,2025/08/04,/kiban/app/api/download/file/664361,磐梯山|西吾妻山
662881,DEM5A,564041,FG-GML-564041-DEM5A-20250804.zip,7122,7292928,2025/08/04,/kiban/app/api/download/file/662881,磐梯山|西吾妻山
616092,DEM5C,564041,FG-GML-564041-DEM5C-20250605.zip,3778,3868672,2025/06/05,/kiban/app/api/download/file/616092,磐梯山|西吾妻山
540089,DEM10B,564042,FG-GML-564042-DEM10B-20161001.zip,2098,2148352,2016/10/01,/kiban/app/api/download/file/540089,西吾妻山|二本松城跡
664362,DEM1A,564042,FG-GML-564042-DEM1A-20250804.zip,131231,134380544,2025/08/04,/kiban/app/api/download/file/664362,西吾妻山|二本松城跡
662882,DEM5A,564042,FG-GML-564042-DEM5A-20250804.zip,6919,7085056,2025/08/04,/kiban/app/api/download/file/662882,西吾妻山|二本松城跡
540090,DEM10B,564043,FG-GML-564043-DEM10B-20161001.zip,1517,1553408,2016/10/01,/kiban/app/api/download/file/540090,二本松城跡
686058,DEM1A,564043,FG-GML-564043-DEM1A-20251107.zip,92759,94985216,2025/11/07,/kiban/app/api/download/file/686058,二本松城跡
687094,DEM5A,564043,FG-GML-564043-DEM5A-20251107.zip,5350,5478400,2025/11/07,/kiban/app/api/download/file/687094,二本松城跡
615404,DEM5B,564043,FG-GML-564043-DEM5B-20250609.zip,697,713728,2025/06/09,/kiban/app/api/download/file/615404,二本松城跡
540091,DEM10B,564044,FG-GML-564044-DEM10B-20161001.zip,1858,1902592,2016/10/01,/kiban/app/api/download/file/540091,二本松城跡
686059,DEM1A,564044,FG-GML-564044-DEM1A-20251107.zip,120908,123809792,2025/11/07,/kiban/app/api/download/file/686059,二本松城跡
687095,DEM5A,564044,FG-GML-564044-DEM5A-20251107.zip,7379,7556096,2025/11/07,/kiban/app/api/download/file/687095,二本松城跡
615405,DEM5B,564044,FG-GML-564044-DEM5B-20250609.zip,488,499712,2025/06/09,/kiban/app/api/download/file/615405,二本松城跡
540095,DEM10B,564050,FG-GML-564050-DEM10B-20161001.zip,2051,2100224,2016/10/01,/kiban/app/api/download/file/540095,西吾妻山|米沢城跡
664368,DEM1A,564050,FG-GML-564050-DEM1A-20250804.zip,156648,160407552,2025/08/04,/kiban/app/api/download/file/664368,西吾妻山|米沢城跡
662888,DEM5A,564050,FG-GML-564050-DEM5A-20250804.zip,7344,7520256,2025/08/04,/kiban/app/api/download/file/662888,西吾妻山|米沢城跡
616093,DEM5C,564050,FG-GML-564050-DEM5C-20250605.zip,3106,3180544,2025/06/05,/kiban/app/api/download/file/616093,西吾妻山|米沢城跡
540096,DEM10B,564051,FG-GML-564051-DEM10B-20161001.zip,2039,2087936,2016/10/01,/kiban/app/api/download/file/540096,西吾妻山|米沢城跡
664369,DEM1A,564051,FG-GML-564051-DEM1A-20250804.zip,125339,128347136,2025/08/04,/kiban/app/api/download/file/664369,西吾妻山|米沢城跡
662889,DEM5A,564051,FG-GML-564051-DEM5A-20250804.zip,6633,6792192,2025/08/04,/kiban/app/api/download/file/662889,西吾妻山|米沢城跡
616094,DEM5C,564051,FG-GML-564051-DEM5C-20250605.zip,3037,3109888,2025/06/05,/kiban/app/api/download/file/616094,西吾妻山|米沢城跡
540097,DEM10B,564052,FG-GML-564052-DEM10B-20161001.zip,2024,2072576,2016/10/01,/kiban/app/api/download/file/540097,西吾妻山
664370,DEM1A,564052,FG-GML-564052-DEM1A-20250804.zip,133729,136938496,2025/08/04,/kiban/app/api/download/file/664370,西吾妻山
662890,DEM5A,564052,FG-GML-564052-DEM5A-20250804.zip,7049,7218176,2025/08/04,/kiban/app/api/download/file/662890,西吾妻山
616095,DEM5C,564052,FG-GML-564052-DEM5C-20250605.zip,186,190464,2025/06/05,/kiban/app/api/download/file/616095,西吾妻山
540103,DEM10B,564060,FG-GML-564060-DEM10B-20161001.zip,1688,1728512,2016/10/01,/kiban/app/api/download/file/540103,米沢城跡
718231,DEM1A,564060,FG-GML-564060-DEM1A-20260603.zip,94061,96318464,2026/06/03,/kiban/app/api/download/file/718231,米沢城跡
720489,DEM5A,564060,FG-GML-564060-DEM5A-20260603.zip,7284,7458816,2026/06/03,/kiban/app/api/download/file/720489,米沢城跡
540104,DEM10B,564061,FG-GML-564061-DEM10B-20161001.zip,1805,1848320,2016/10/01,/kiban/app/api/download/file/540104,米沢城跡
664376,DEM1A,564061,FG-GML-564061-DEM1A-20250812.zip,117195,120007680,2025/08/12,/kiban/app/api/download/file/664376,米沢城跡
662896,DEM5A,564061,FG-GML-564061-DEM5A-20250812.zip,6725,6886400,2025/08/12,/kiban/app/api/download/file/662896,米沢城跡
616096,DEM5C,564061,FG-GML-564061-DEM5C-20250605.zip,443,453632,2025/06/05,/kiban/app/api/download/file/616096,米沢城跡
540107,DEM10B,564064,FG-GML-564064-DEM10B-20161001.zip,1383,1416192,2016/10/01,/kiban/app/api/download/file/540107,白石城
686063,DEM1A,564064,FG-GML-564064-DEM1A-20251107.zip,88799,90930176,2025/11/07,/kiban/app/api/download/file/686063,白石城
687099,DEM5A,564064,FG-GML-564064-DEM5A-20251107.zip,5066,5187584,2025/11/07,/kiban/app/api/download/file/687099,白石城
615412,DEM5B,564064,FG-GML-564064-DEM5B-20250609.zip,3378,3459072,2025/06/09,/kiban/app/api/download/file/615412,白石城
540108,DEM10B,564065,FG-GML-564065-DEM10B-20161001.zip,1920,1966080,2016/10/01,/kiban/app/api/download/file/540108,白石城
686064,DEM1A,564065,FG-GML-564065-DEM1A-20251107.zip,135422,138672128,2025/11/07,/kiban/app/api/download/file/686064,白石城
687100,DEM5A,564065,FG-GML-564065-DEM5A-20251107.zip,6906,7071744,2025/11/07,/kiban/app/api/download/file/687100,白石城
615413,DEM5B,564065,FG-GML-564065-DEM5B-20250609.zip,860,880640,2025/06/09,/kiban/app/api/download/file/615413,白石城
540111,DEM10B,564070,FG-GML-564070-DEM10B-20161001.zip,1178,1206272,2016/10/01,/kiban/app/api/download/file/540111,米沢城跡
718232,DEM1A,564070,FG-GML-564070-DEM1A-20260603.zip,83956,85970944,2026/06/03,/kiban/app/api/download/file/718232,米沢城跡
720490,DEM5A,564070,FG-GML-564070-DEM5A-20260603.zip,6344,6496256,2026/06/03,/kiban/app/api/download/file/720490,米沢城跡
540112,DEM10B,564071,FG-GML-564071-DEM10B-20161001.zip,1341,1373184,2016/10/01,/kiban/app/api/download/file/540112,米沢城跡
664382,DEM1A,564071,FG-GML-564071-DEM1A-20250812.zip,79240,81141760,2025/08/12,/kiban/app/api/download/file/664382,米沢城跡
662902,DEM5A,564071,FG-GML-564071-DEM5A-20250812.zip,5973,6116352,2025/08/12,/kiban/app/api/download/file/662902,米沢城跡
615416,DEM5B,564071,FG-GML-564071-DEM5B-20250609.zip,96,98304,2025/06/09,/kiban/app/api/download/file/615416,米沢城跡
616098,DEM5C,564071,FG-GML-564071-DEM5C-20250605.zip,1242,1271808,2025/06/05,/kiban/app/api/download/file/616098,米沢城跡
540115,DEM10B,564074,FG-GML-564074-DEM10B-20161001.zip,1931,1977344,2016/10/01,/kiban/app/api/download/file/540115,白石城
664385,DEM1A,564074,FG-GML-564074-DEM1A-20250812.zip,140917,144299008,2025/08/12,/kiban/app/api/download/file/664385,白石城
662905,DEM5A,564074,FG-GML-564074-DEM5A-20250812.zip,6963,7130112,2025/08/12,/kiban/app/api/download/file/662905,白石城
615417,DEM5B,564074,FG-GML-564074-DEM5B-20250609.zip,378,387072,2025/06/09,/kiban/app/api/download/file/615417,白石城
540116,DEM10B,564075,FG-GML-564075-DEM10B-20161001.zip,1752,1794048,2016/10/01,/kiban/app/api/download/file/540116,白石城
664386,DEM1A,564075,FG-GML-564075-DEM1A-20250812.zip,125854,128874496,2025/08/12,/kiban/app/api/download/file/664386,白石城
662906,DEM5A,564075,FG-GML-564075-DEM5A-20250812.zip,6472,6627328,2025/08/12,/kiban/app/api/download/file/662906,白石城
540140,DEM10B,573901,FG-GML-573901-DEM10B-20161001.zip,53,54272,2016/10/01,/kiban/app/api/download/file/540140,新発田城跡
619232,DEM5A,573901,FG-GML-573901-DEM5A-20250620.zip,65,66560,2025/06/20,/kiban/app/api/download/file/619232,新発田城跡
615426,DEM5B,573901,FG-GML-573901-DEM5B-20250609.zip,7,7168,2025/06/09,/kiban/app/api/download/file/615426,新発田城跡
540141,DEM10B,573902,FG-GML-573902-DEM10B-20161001.zip,429,439296,2016/10/01,/kiban/app/api/download/file/540141,新発田城跡
619233,DEM5A,573902,FG-GML-573902-DEM5A-20250620.zip,2937,3007488,2025/06/20,/kiban/app/api/download/file/619233,新発田城跡
615427,DEM5B,573902,FG-GML-573902-DEM5B-20250609.zip,435,445440,2025/06/09,/kiban/app/api/download/file/615427,新発田城跡
540142,DEM10B,573903,FG-GML-573903-DEM10B-20161001.zip,1580,1617920,2016/10/01,/kiban/app/api/download/file/540142,新発田城跡
686065,DEM1A,573903,FG-GML-573903-DEM1A-20251208.zip,11132,11399168,2025/12/08,/kiban/app/api/download/file/686065,新発田城跡
687101,DEM5A,573903,FG-GML-573903-DEM5A-20251208.zip,6812,6975488,2025/12/08,/kiban/app/api/download/file/687101,新発田城跡
540174,DEM10B,573957,FG-GML-573957-DEM10B-20161001.zip,2136,2187264,2016/10/01,/kiban/app/api/download/file/540174,月山
718243,DEM1A,573957,FG-GML-573957-DEM1A-20260616.zip,164327,168270848,2026/06/16,/kiban/app/api/download/file/718243,月山
720501,DEM5A,573957,FG-GML-573957-DEM5A-20260616.zip,7669,7853056,2026/06/16,/kiban/app/api/download/file/720501,月山
540178,DEM10B,573967,FG-GML-573967-DEM10B-20161001.zip,2095,2145280,2016/10/01,/kiban/app/api/download/file/540178,月山
718245,DEM1A,573967,FG-GML-573967-DEM1A-20260616.zip,171232,175341568,2026/06/16,/kiban/app/api/download/file/718245,月山
720503,DEM5A,573967,FG-GML-573967-DEM5A-20260616.zip,8005,8197120,2026/06/16,/kiban/app/api/download/file/720503,月山
540181,DEM10B,573976,FG-GML-573976-DEM10B-20161001.zip,1883,1928192,2016/10/01,/kiban/app/api/download/file/540181,羽黒山五重塔（出羽三山）
718246,DEM1A,573976,FG-GML-573976-DEM1A-20260603.zip,165391,169360384,2026/06/03,/kiban/app/api/download/file/718246,羽黒山五重塔（出羽三山）
720504,DEM5A,573976,FG-GML-573976-DEM5A-20260603.zip,7897,8086528,2026/06/03,/kiban/app/api/download/file/720504,羽黒山五重塔（出羽三山）
615429,DEM5B,573976,FG-GML-573976-DEM5B-20250609.zip,570,583680,2025/06/09,/kiban/app/api/download/file/615429,羽黒山五重塔（出羽三山）
540182,DEM10B,573977,FG-GML-573977-DEM10B-20161001.zip,1901,1946624,2016/10/01,/kiban/app/api/download/file/540182,月山|羽黒山五重塔（出羽三山）
718247,DEM1A,573977,FG-GML-573977-DEM1A-20260616.zip,146664,150183936,2026/06/16,/kiban/app/api/download/file/718247,月山|羽黒山五重塔（出羽三山）
720505,DEM5A,573977,FG-GML-573977-DEM5A-20260616.zip,7404,7581696,2026/06/16,/kiban/app/api/download/file/720505,月山|羽黒山五重塔（出羽三山）
615430,DEM5B,573977,FG-GML-573977-DEM5B-20250609.zip,727,744448,2025/06/09,/kiban/app/api/download/file/615430,月山|羽黒山五重塔（出羽三山）
540185,DEM10B,574002,FG-GML-574002-DEM10B-20161001.zip,2017,2065408,2016/10/01,/kiban/app/api/download/file/540185,蔵王山（熊野岳）
664398,DEM1A,574002,FG-GML-574002-DEM1A-20250812.zip,155345,159073280,2025/08/12,/kiban/app/api/download/file/664398,蔵王山（熊野岳）
662920,DEM5A,574002,FG-GML-574002-DEM5A-20250812.zip,7341,7517184,2025/08/12,/kiban/app/api/download/file/662920,蔵王山（熊野岳）
616122,DEM5C,574002,FG-GML-574002-DEM5C-20250605.zip,2802,2869248,2025/06/05,/kiban/app/api/download/file/616122,蔵王山（熊野岳）
540186,DEM10B,574003,FG-GML-574003-DEM10B-20161001.zip,2018,2066432,2016/10/01,/kiban/app/api/download/file/540186,蔵王山（熊野岳）
664399,DEM1A,574003,FG-GML-574003-DEM1A-20250812.zip,153852,157544448,2025/08/12,/kiban/app/api/download/file/664399,蔵王山（熊野岳）
662921,DEM5A,574003,FG-GML-574003-DEM5A-20250812.zip,7400,7577600,2025/08/12,/kiban/app/api/download/file/662921,蔵王山（熊野岳）
540187,DEM10B,574004,FG-GML-574004-DEM10B-20161001.zip,1967,2014208,2016/10/01,/kiban/app/api/download/file/540187,蔵王山（熊野岳）|白石城
686088,DEM1A,574004,FG-GML-574004-DEM1A-20251107.zip,125312,128319488,2025/11/07,/kiban/app/api/download/file/686088,蔵王山（熊野岳）|白石城
687124,DEM5A,574004,FG-GML-574004-DEM5A-20251107.zip,6586,6744064,2025/11/07,/kiban/app/api/download/file/687124,蔵王山（熊野岳）|白石城
540188,DEM10B,574005,FG-GML-574005-DEM10B-20161001.zip,1429,1463296,2016/10/01,/kiban/app/api/download/file/540188,白石城
664401,DEM1A,574005,FG-GML-574005-DEM1A-20250812.zip,98038,100390912,2025/08/12,/kiban/app/api/download/file/664401,白石城
662923,DEM5A,574005,FG-GML-574005-DEM5A-20250812.zip,5378,5507072,2025/08/12,/kiban/app/api/download/file/662923,白石城
540193,DEM10B,574012,FG-GML-574012-DEM10B-20161001.zip,1768,1810432,2016/10/01,/kiban/app/api/download/file/540193,蔵王山（熊野岳）|山形城跡
686089,DEM1A,574012,FG-GML-574012-DEM1A-20251107.zip,114052,116789248,2025/11/07,/kiban/app/api/download/file/686089,蔵王山（熊野岳）|山形城跡
687125,DEM5A,574012,FG-GML-574012-DEM5A-20251107.zip,6058,6203392,2025/11/07,/kiban/app/api/download/file/687125,蔵王山（熊野岳）|山形城跡
615435,DEM5B,574012,FG-GML-574012-DEM5B-20250609.zip,2792,2859008,2025/06/09,/kiban/app/api/download/file/615435,蔵王山（熊野岳）|山形城跡
536993,DEM10A,574013,FG-GML-574013-DEM10A-20161001.zip,1210,1239040,2016/10/01,/kiban/app/api/download/file/536993,蔵王山（熊野岳）
540194,DEM10B,574013,FG-GML-574013-DEM10B-20161001.zip,2164,2215936,2016/10/01,/kiban/app/api/download/file/540194,蔵王山（熊野岳）
686090,DEM1A,574013,FG-GML-574013-DEM1A-20251107.zip,150903,154524672,2025/11/07,/kiban/app/api/download/file/686090,蔵王山（熊野岳）
687126,DEM5A,574013,FG-GML-574013-DEM5A-20251107.zip,7476,7655424,2025/11/07,/kiban/app/api/download/file/687126,蔵王山（熊野岳）
536994,DEM10A,574014,FG-GML-574014-DEM10A-20161001.zip,206,210944,2016/10/01,/kiban/app/api/download/file/536994,蔵王山（熊野岳）|白石城
540195,DEM10B,574014,FG-GML-574014-DEM10B-20161001.zip,2011,2059264,2016/10/01,/kiban/app/api/download/file/540195,蔵王山（熊野岳）|白石城
686091,DEM1A,574014,FG-GML-574014-DEM1A-20251107.zip,132115,135285760,2025/11/07,/kiban/app/api/download/file/686091,蔵王山（熊野岳）|白石城
687127,DEM5A,574014,FG-GML-574014-DEM5A-20251107.zip,6820,6983680,2025/11/07,/kiban/app/api/download/file/687127,蔵王山（熊野岳）|白石城
540196,DEM10B,574015,FG-GML-574015-DEM10B-20161001.zip,1668,1708032,2016/10/01,/kiban/app/api/download/file/540196,白石城
664409,DEM1A,574015,FG-GML-574015-DEM1A-20250812.zip,107861,110449664,2025/08/12,/kiban/app/api/download/file/664409,白石城
662931,DEM5A,574015,FG-GML-574015-DEM5A-20250812.zip,5867,6007808,2025/08/12,/kiban/app/api/download/file/662931,白石城
540197,DEM10B,574016,FG-GML-574016-DEM10B-20161001.zip,1429,1463296,2016/10/01,/kiban/app/api/download/file/540197,仙台城
686092,DEM1A,574016,FG-GML-574016-DEM1A-20251107.zip,104138,106637312,2025/11/07,/kiban/app/api/download/file/686092,仙台城
687128,DEM5A,574016,FG-GML-574016-DEM5A-20251107.zip,5508,5640192,2025/11/07,/kiban/app/api/download/file/687128,仙台城
540198,DEM10B,574017,FG-GML-574017-DEM10B-20161001.zip,197,201728,2016/10/01,/kiban/app/api/download/file/540198,仙台城
686093,DEM1A,574017,FG-GML-574017-DEM1A-20251107.zip,35600,36454400,2025/11/07,/kiban/app/api/download/file/686093,仙台城
687129,DEM5A,574017,FG-GML-574017-DEM5A-20251107.zip,1464,1499136,2025/11/07,/kiban/app/api/download/file/687129,仙台城
540200,DEM10B,574021,FG-GML-574021-DEM10B-20161001.zip,1983,2030592,2016/10/01,/kiban/app/api/download/file/540200,山形城跡
718252,DEM1A,574021,FG-GML-574021-DEM1A-20260603.zip,124453,127439872,2026/06/03,/kiban/app/api/download/file/718252,山形城跡
720510,DEM5A,574021,FG-GML-574021-DEM5A-20260603.zip,6750,6912000,2026/06/03,/kiban/app/api/download/file/720510,山形城跡
615437,DEM5B,574021,FG-GML-574021-DEM5B-20250609.zip,260,266240,2025/06/09,/kiban/app/api/download/file/615437,山形城跡
616126,DEM5C,574021,FG-GML-574021-DEM5C-20250605.zip,8340,8540160,2025/06/05,/kiban/app/api/download/file/616126,山形城跡
540201,DEM10B,574022,FG-GML-574022-DEM10B-20161001.zip,1638,1677312,2016/10/01,/kiban/app/api/download/file/540201,蔵王山（熊野岳）|山形城跡
686096,DEM1A,574022,FG-GML-574022-DEM1A-20251107.zip,89695,91847680,2025/11/07,/kiban/app/api/download/file/686096,蔵王山（熊野岳）|山形城跡
687132,DEM5A,574022,FG-GML-574022-DEM5A-20251107.zip,5508,5640192,2025/11/07,/kiban/app/api/download/file/687132,蔵王山（熊野岳）|山形城跡
615438,DEM5B,574022,FG-GML-574022-DEM5B-20250609.zip,3881,3974144,2025/06/09,/kiban/app/api/download/file/615438,蔵王山（熊野岳）|山形城跡
540202,DEM10B,574023,FG-GML-574023-DEM10B-20161001.zip,2118,2168832,2016/10/01,/kiban/app/api/download/file/540202,蔵王山（熊野岳）|山形城跡
686097,DEM1A,574023,FG-GML-574023-DEM1A-20251107.zip,158875,162688000,2025/11/07,/kiban/app/api/download/file/686097,蔵王山（熊野岳）|山形城跡
687133,DEM5A,574023,FG-GML-574023-DEM5A-20251107.zip,7593,7775232,2025/11/07,/kiban/app/api/download/file/687133,蔵王山（熊野岳）|山形城跡
615439,DEM5B,574023,FG-GML-574023-DEM5B-20250609.zip,6404,6557696,2025/06/09,/kiban/app/api/download/file/615439,蔵王山（熊野岳）|山形城跡
540203,DEM10B,574024,FG-GML-574024-DEM10B-20161001.zip,1995,2042880,2016/10/01,/kiban/app/api/download/file/540203,蔵王山（熊野岳）
686098,DEM1A,574024,FG-GML-574024-DEM1A-20251107.zip,145871,149371904,2025/11/07,/kiban/app/api/download/file/686098,蔵王山（熊野岳）
687134,DEM5A,574024,FG-GML-574024-DEM5A-20251107.zip,7054,7223296,2025/11/07,/kiban/app/api/download/file/687134,蔵王山（熊野岳）
615440,DEM5B,574024,FG-GML-574024-DEM5B-20250609.zip,95,97280,2025/06/09,/kiban/app/api/download/file/615440,蔵王山（熊野岳）
540204,DEM10B,574025,FG-GML-574025-DEM10B-20161001.zip,1678,1718272,2016/10/01,/kiban/app/api/download/file/540204,仙台城|仙台大観音
664417,DEM1A,574025,FG-GML-574025-DEM1A-20250812.zip,118054,120887296,2025/08/12,/kiban/app/api/download/file/664417,仙台城|仙台大観音
662939,DEM5A,574025,FG-GML-574025-DEM5A-20250812.zip,6129,6276096,2025/08/12,/kiban/app/api/download/file/662939,仙台城|仙台大観音
615441,DEM5B,574025,FG-GML-574025-DEM5B-20250609.zip,428,438272,2025/06/09,/kiban/app/api/download/file/615441,仙台城|仙台大観音
540205,DEM10B,574026,FG-GML-574026-DEM10B-20161001.zip,1596,1634304,2016/10/01,/kiban/app/api/download/file/540205,仙台城|仙台トラストタワー|ドコモ東北ビル|仙台大観音
686099,DEM1A,574026,FG-GML-574026-DEM1A-20251107.zip,106108,108654592,2025/11/07,/kiban/app/api/download/file/686099,仙台城|仙台トラストタワー|ドコモ東北ビル|仙台大観音
687135,DEM5A,574026,FG-GML-574026-DEM5A-20251107.zip,5771,5909504,2025/11/07,/kiban/app/api/download/file/687135,仙台城|仙台トラストタワー|ドコモ東北ビル|仙台大観音
730159,DEM5B,574026,FG-GML-574026-DEM5B-20091001.zip,5650,5785600,2009/10/01,/kiban/app/api/download/file/730159,仙台城|仙台トラストタワー|ドコモ東北ビル|仙台大観音
540206,DEM10B,574027,FG-GML-574027-DEM10B-20161001.zip,297,304128,2016/10/01,/kiban/app/api/download/file/540206,仙台城|仙台トラストタワー|ドコモ東北ビル|仙台大観音
686100,DEM1A,574027,FG-GML-574027-DEM1A-20251107.zip,34418,35244032,2025/11/07,/kiban/app/api/download/file/686100,仙台城|仙台トラストタワー|ドコモ東北ビル|仙台大観音
687136,DEM5A,574027,FG-GML-574027-DEM5A-20251107.zip,2329,2384896,2025/11/07,/kiban/app/api/download/file/687136,仙台城|仙台トラストタワー|ドコモ東北ビル|仙台大観音
615442,DEM5B,574027,FG-GML-574027-DEM5B-20250609.zip,96,98304,2025/06/09,/kiban/app/api/download/file/615442,仙台城|仙台トラストタワー|ドコモ東北ビル|仙台大観音
540208,DEM10B,574031,FG-GML-574031-DEM10B-20161001.zip,1866,1910784,2016/10/01,/kiban/app/api/download/file/540208,山形城跡
686102,DEM1A,574031,FG-GML-574031-DEM1A-20251107.zip,129669,132781056,2025/11/07,/kiban/app/api/download/file/686102,山形城跡
687138,DEM5A,574031,FG-GML-574031-DEM5A-20251107.zip,6567,6724608,2025/11/07,/kiban/app/api/download/file/687138,山形城跡
615443,DEM5B,574031,FG-GML-574031-DEM5B-20250609.zip,3118,3192832,2025/06/09,/kiban/app/api/download/file/615443,山形城跡
616128,DEM5C,574031,FG-GML-574031-DEM5C-20250605.zip,3184,3260416,2025/06/05,/kiban/app/api/download/file/616128,山形城跡
540209,DEM10B,574032,FG-GML-574032-DEM10B-20161001.zip,841,861184,2016/10/01,/kiban/app/api/download/file/540209,山形城跡
686103,DEM1A,574032,FG-GML-574032-DEM1A-20251107.zip,36653,37532672,2025/11/07,/kiban/app/api/download/file/686103,山形城跡
687139,DEM5A,574032,FG-GML-574032-DEM5A-20251107.zip,4361,4465664,2025/11/07,/kiban/app/api/download/file/687139,山形城跡
615444,DEM5B,574032,FG-GML-574032-DEM5B-20250609.zip,258,264192,2025/06/09,/kiban/app/api/download/file/615444,山形城跡
540210,DEM10B,574033,FG-GML-574033-DEM10B-20161001.zip,2046,2095104,2016/10/01,/kiban/app/api/download/file/540210,山形城跡
664423,DEM1A,574033,FG-GML-574033-DEM1A-20250812.zip,146182,149690368,2025/08/12,/kiban/app/api/download/file/664423,山形城跡
662945,DEM5A,574033,FG-GML-574033-DEM5A-20250812.zip,7092,7262208,2025/08/12,/kiban/app/api/download/file/662945,山形城跡
615445,DEM5B,574033,FG-GML-574033-DEM5B-20250609.zip,7242,7415808,2025/06/09,/kiban/app/api/download/file/615445,山形城跡
540212,DEM10B,574035,FG-GML-574035-DEM10B-20161001.zip,1763,1805312,2016/10/01,/kiban/app/api/download/file/540212,仙台城|仙台大観音
664425,DEM1A,574035,FG-GML-574035-DEM1A-20250812.zip,119616,122486784,2025/08/12,/kiban/app/api/download/file/664425,仙台城|仙台大観音
662947,DEM5A,574035,FG-GML-574035-DEM5A-20250812.zip,6209,6358016,2025/08/12,/kiban/app/api/download/file/662947,仙台城|仙台大観音
615446,DEM5B,574035,FG-GML-574035-DEM5B-20250609.zip,3822,3913728,2025/06/09,/kiban/app/api/download/file/615446,仙台城|仙台大観音
540213,DEM10B,574036,FG-GML-574036-DEM10B-20161001.zip,1548,1585152,2016/10/01,/kiban/app/api/download/file/540213,仙台城|仙台トラストタワー|ドコモ東北ビル|仙台大観音
664426,DEM1A,574036,FG-GML-574036-DEM1A-20250804.zip,88741,90870784,2025/08/04,/kiban/app/api/download/file/664426,仙台城|仙台トラストタワー|ドコモ東北ビル|仙台大観音
662948,DEM5A,574036,FG-GML-574036-DEM5A-20250804.zip,5246,5371904,2025/08/04,/kiban/app/api/download/file/662948,仙台城|仙台トラストタワー|ドコモ東北ビル|仙台大観音
730160,DEM5B,574036,FG-GML-574036-DEM5B-20091001.zip,671,687104,2009/10/01,/kiban/app/api/download/file/730160,仙台城|仙台トラストタワー|ドコモ東北ビル|仙台大観音
540214,DEM10B,574037,FG-GML-574037-DEM10B-20161001.zip,832,851968,2016/10/01,/kiban/app/api/download/file/540214,仙台城|仙台トラストタワー|ドコモ東北ビル|仙台大観音
686104,DEM1A,574037,FG-GML-574037-DEM1A-20251107.zip,62535,64035840,2025/11/07,/kiban/app/api/download/file/686104,仙台城|仙台トラストタワー|ドコモ東北ビル|仙台大観音
687140,DEM5A,574037,FG-GML-574037-DEM5A-20251107.zip,3655,3742720,2025/11/07,/kiban/app/api/download/file/687140,仙台城|仙台トラストタワー|ドコモ東北ビル|仙台大観音
615447,DEM5B,574037,FG-GML-574037-DEM5B-20250609.zip,45,46080,2025/06/09,/kiban/app/api/download/file/615447,仙台城|仙台トラストタワー|ドコモ東北ビル|仙台大観音
540217,DEM10B,574042,FG-GML-574042-DEM10B-20161001.zip,659,674816,2016/10/01,/kiban/app/api/download/file/540217,山形城跡
686107,DEM1A,574042,FG-GML-574042-DEM1A-20251107.zip,39069,40006656,2025/11/07,/kiban/app/api/download/file/686107,山形城跡
687143,DEM5A,574042,FG-GML-574042-DEM5A-20251107.zip,3511,3595264,2025/11/07,/kiban/app/api/download/file/687143,山形城跡
730161,DEM5B,574042,FG-GML-574042-DEM5B-20100115.zip,6328,6479872,2010/01/15,/kiban/app/api/download/file/730161,山形城跡
540218,DEM10B,574043,FG-GML-574043-DEM10B-20161001.zip,1747,1788928,2016/10/01,/kiban/app/api/download/file/540218,山形城跡
664430,DEM1A,574043,FG-GML-574043-DEM1A-20250812.zip,114897,117654528,2025/08/12,/kiban/app/api/download/file/664430,山形城跡
662952,DEM5A,574043,FG-GML-574043-DEM5A-20250812.zip,5999,6142976,2025/08/12,/kiban/app/api/download/file/662952,山形城跡
615450,DEM5B,574043,FG-GML-574043-DEM5B-20250609.zip,3477,3560448,2025/06/09,/kiban/app/api/download/file/615450,山形城跡
540220,DEM10B,574045,FG-GML-574045-DEM10B-20161001.zip,1967,2014208,2016/10/01,/kiban/app/api/download/file/540220,仙台大観音
664432,DEM1A,574045,FG-GML-574045-DEM1A-20250812.zip,139690,143042560,2025/08/12,/kiban/app/api/download/file/664432,仙台大観音
662954,DEM5A,574045,FG-GML-574045-DEM5A-20250812.zip,7002,7170048,2025/08/12,/kiban/app/api/download/file/662954,仙台大観音
540221,DEM10B,574046,FG-GML-574046-DEM10B-20161001.zip,1696,1736704,2016/10/01,/kiban/app/api/download/file/540221,仙台城|仙台トラストタワー|ドコモ東北ビル|仙台大観音
664433,DEM1A,574046,FG-GML-574046-DEM1A-20250804.zip,110168,112812032,2025/08/04,/kiban/app/api/download/file/664433,仙台城|仙台トラストタワー|ドコモ東北ビル|仙台大観音
662955,DEM5A,574046,FG-GML-574046-DEM5A-20250804.zip,5873,6013952,2025/08/04,/kiban/app/api/download/file/662955,仙台城|仙台トラストタワー|ドコモ東北ビル|仙台大観音
615451,DEM5B,574046,FG-GML-574046-DEM5B-20250609.zip,67,68608,2025/06/09,/kiban/app/api/download/file/615451,仙台城|仙台トラストタワー|ドコモ東北ビル|仙台大観音
540222,DEM10B,574047,FG-GML-574047-DEM10B-20161001.zip,1553,1590272,2016/10/01,/kiban/app/api/download/file/540222,仙台城|仙台トラストタワー|ドコモ東北ビル|仙台大観音
664434,DEM1A,574047,FG-GML-574047-DEM1A-20250804.zip,104608,107118592,2025/08/04,/kiban/app/api/download/file/664434,仙台城|仙台トラストタワー|ドコモ東北ビル|仙台大観音
662956,DEM5A,574047,FG-GML-574047-DEM5A-20250804.zip,5663,5798912,2025/08/04,/kiban/app/api/download/file/662956,仙台城|仙台トラストタワー|ドコモ東北ビル|仙台大観音
615452,DEM5B,574047,FG-GML-574047-DEM5B-20250609.zip,2711,2776064,2025/06/09,/kiban/app/api/download/file/615452,仙台城|仙台トラストタワー|ドコモ東北ビル|仙台大観音
540223,DEM10B,574050,FG-GML-574050-DEM10B-20161001.zip,1961,2008064,2016/10/01,/kiban/app/api/download/file/540223,月山
718255,DEM1A,574050,FG-GML-574050-DEM1A-20260616.zip,146002,149506048,2026/06/16,/kiban/app/api/download/file/718255,月山
720513,DEM5A,574050,FG-GML-574050-DEM5A-20260616.zip,7090,7260160,2026/06/16,/kiban/app/api/download/file/720513,月山
615453,DEM5B,574050,FG-GML-574050-DEM5B-20250609.zip,179,183296,2025/06/09,/kiban/app/api/download/file/615453,月山
540231,DEM10B,574060,FG-GML-574060-DEM10B-20161001.zip,2150,2201600,2016/10/01,/kiban/app/api/download/file/540231,月山
718257,DEM1A,574060,FG-GML-574060-DEM1A-20260616.zip,158548,162353152,2026/06/16,/kiban/app/api/download/file/718257,月山
720515,DEM5A,574060,FG-GML-574060-DEM5A-20260616.zip,7615,7797760,2026/06/16,/kiban/app/api/download/file/720515,月山
540232,DEM10B,574061,FG-GML-574061-DEM10B-20161001.zip,2087,2137088,2016/10/01,/kiban/app/api/download/file/540232,月山
686114,DEM1A,574061,FG-GML-574061-DEM1A-20251107.zip,159399,163224576,2025/11/07,/kiban/app/api/download/file/686114,月山
687149,DEM5A,574061,FG-GML-574061-DEM5A-20251107.zip,7510,7690240,2025/11/07,/kiban/app/api/download/file/687149,月山
540239,DEM10B,574070,FG-GML-574070-DEM10B-20161001.zip,2084,2134016,2016/10/01,/kiban/app/api/download/file/540239,月山|羽黒山五重塔（出羽三山）
718258,DEM1A,574070,FG-GML-574070-DEM1A-20260616.zip,156846,160610304,2026/06/16,/kiban/app/api/download/file/718258,月山|羽黒山五重塔（出羽三山）
720516,DEM5A,574070,FG-GML-574070-DEM5A-20260616.zip,7417,7595008,2026/06/16,/kiban/app/api/download/file/720516,月山|羽黒山五重塔（出羽三山）
540240,DEM10B,574071,FG-GML-574071-DEM10B-20161001.zip,1908,1953792,2016/10/01,/kiban/app/api/download/file/540240,月山
718259,DEM1A,574071,FG-GML-574071-DEM1A-20260603.zip,139846,143202304,2026/06/03,/kiban/app/api/download/file/718259,月山
720517,DEM5A,574071,FG-GML-574071-DEM5A-20260603.zip,6842,7006208,2026/06/03,/kiban/app/api/download/file/720517,月山
540276,DEM10B,583906,FG-GML-583906-DEM10B-20161001.zip,790,808960,2016/10/01,/kiban/app/api/download/file/540276,羽黒山五重塔（出羽三山）
718261,DEM1A,583906,FG-GML-583906-DEM1A-20260603.zip,58345,59745280,2026/06/03,/kiban/app/api/download/file/718261,羽黒山五重塔（出羽三山）
720519,DEM5A,583906,FG-GML-583906-DEM5A-20260603.zip,4940,5058560,2026/06/03,/kiban/app/api/download/file/720519,羽黒山五重塔（出羽三山）
615465,DEM5B,583906,FG-GML-583906-DEM5B-20250609.zip,803,822272,2025/06/09,/kiban/app/api/download/file/615465,羽黒山五重塔（出羽三山）
540277,DEM10B,583907,FG-GML-583907-DEM10B-20161001.zip,1458,1492992,2016/10/01,/kiban/app/api/download/file/540277,羽黒山五重塔（出羽三山）
718262,DEM1A,583907,FG-GML-583907-DEM1A-20260616.zip,66149,67736576,2026/06/16,/kiban/app/api/download/file/718262,羽黒山五重塔（出羽三山）
720520,DEM5A,583907,FG-GML-583907-DEM5A-20260616.zip,7013,7181312,2026/06/16,/kiban/app/api/download/file/720520,羽黒山五重塔（出羽三山）
540279,DEM10B,583916,FG-GML-583916-DEM10B-20161001.zip,554,567296,2016/10/01,/kiban/app/api/download/file/540279,羽黒山五重塔（出羽三山）
613765,DEM1A,583916,FG-GML-583916-DEM1A-20250421.zip,26880,27525120,2025/04/21,/kiban/app/api/download/file/613765,羽黒山五重塔（出羽三山）
619369,DEM5A,583916,FG-GML-583916-DEM5A-20250620.zip,3471,3554304,2025/06/20,/kiban/app/api/download/file/619369,羽黒山五重塔（出羽三山）
730162,DEM5B,583916,FG-GML-583916-DEM5B-20100901.zip,2104,2154496,2010/09/01,/kiban/app/api/download/file/730162,羽黒山五重塔（出羽三山）
540280,DEM10B,583917,FG-GML-583917-DEM10B-20161001.zip,622,636928,2016/10/01,/kiban/app/api/download/file/540280,羽黒山五重塔（出羽三山）
718263,DEM1A,583917,FG-GML-583917-DEM1A-20260616.zip,31981,32748544,2026/06/16,/kiban/app/api/download/file/718263,羽黒山五重塔（出羽三山）
720521,DEM5A,583917,FG-GML-583917-DEM5A-20260616.zip,5358,5486592,2026/06/16,/kiban/app/api/download/file/720521,羽黒山五重塔（出羽三山）
730163,DEM5B,583917,FG-GML-583917-DEM5B-20100901.zip,630,645120,2010/09/01,/kiban/app/api/download/file/730163,羽黒山五重塔（出羽三山）
536995,DEM10A,583947,FG-GML-583947-DEM10A-20161001.zip,16,16384,2016/10/01,/kiban/app/api/download/file/536995,鳥海山
540286,DEM10B,583947,FG-GML-583947-DEM10B-20161001.zip,1484,1519616,2016/10/01,/kiban/app/api/download/file/540286,鳥海山
718269,DEM1A,583947,FG-GML-583947-DEM1A-20260603.zip,59386,60811264,2026/06/03,/kiban/app/api/download/file/718269,鳥海山
720527,DEM5A,583947,FG-GML-583947-DEM5A-20260603.zip,5296,5423104,2026/06/03,/kiban/app/api/download/file/720527,鳥海山
536996,DEM10A,583957,FG-GML-583957-DEM10A-20161001.zip,305,312320,2016/10/01,/kiban/app/api/download/file/536996,鳥海山
540288,DEM10B,583957,FG-GML-583957-DEM10B-20161001.zip,1892,1937408,2016/10/01,/kiban/app/api/download/file/540288,鳥海山
613774,DEM1A,583957,FG-GML-583957-DEM1A-20250421.zip,33639,34446336,2025/04/21,/kiban/app/api/download/file/613774,鳥海山
619378,DEM5A,583957,FG-GML-583957-DEM5A-20250620.zip,6927,7093248,2025/06/20,/kiban/app/api/download/file/619378,鳥海山
540290,DEM10B,583967,FG-GML-583967-DEM10B-20161001.zip,1332,1363968,2016/10/01,/kiban/app/api/download/file/540290,鳥海山
613776,DEM1A,583967,FG-GML-583967-DEM1A-20250421.zip,39580,40529920,2025/04/21,/kiban/app/api/download/file/613776,鳥海山
619380,DEM5A,583967,FG-GML-583967-DEM5A-20250620.zip,4757,4871168,2025/06/20,/kiban/app/api/download/file/619380,鳥海山
540292,DEM10B,584000,FG-GML-584000-DEM10B-20161001.zip,1977,2024448,2016/10/01,/kiban/app/api/download/file/540292,羽黒山五重塔（出羽三山）
718270,DEM1A,584000,FG-GML-584000-DEM1A-20260616.zip,142269,145683456,2026/06/16,/kiban/app/api/download/file/718270,羽黒山五重塔（出羽三山）
720528,DEM5A,584000,FG-GML-584000-DEM5A-20260616.zip,7112,7282688,2026/06/16,/kiban/app/api/download/file/720528,羽黒山五重塔（出羽三山）
540300,DEM10B,584010,FG-GML-584010-DEM10B-20161001.zip,1940,1986560,2016/10/01,/kiban/app/api/download/file/540300,羽黒山五重塔（出羽三山）
718276,DEM1A,584010,FG-GML-584010-DEM1A-20260603.zip,140173,143537152,2026/06/03,/kiban/app/api/download/file/718276,羽黒山五重塔（出羽三山）
720534,DEM5A,584010,FG-GML-584010-DEM5A-20260603.zip,7081,7250944,2026/06/03,/kiban/app/api/download/file/720534,羽黒山五重塔（出羽三山）
536997,DEM10A,584040,FG-GML-584040-DEM10A-20161001.zip,46,47104,2016/10/01,/kiban/app/api/download/file/536997,鳥海山
540324,DEM10B,584040,FG-GML-584040-DEM10B-20161001.zip,2003,2051072,2016/10/01,/kiban/app/api/download/file/540324,鳥海山
718290,DEM1A,584040,FG-GML-584040-DEM1A-20260603.zip,29420,30126080,2026/06/03,/kiban/app/api/download/file/718290,鳥海山
720548,DEM5A,584040,FG-GML-584040-DEM5A-20260603.zip,7194,7366656,2026/06/03,/kiban/app/api/download/file/720548,鳥海山
540325,DEM10B,584041,FG-GML-584041-DEM10B-20161001.zip,2060,2109440,2016/10/01,/kiban/app/api/download/file/540325,鳥海山
664493,DEM1A,584041,FG-GML-584041-DEM1A-20250812.zip,67318,68933632,2025/08/12,/kiban/app/api/download/file/664493,鳥海山
663015,DEM5A,584041,FG-GML-584041-DEM5A-20250812.zip,6327,6478848,2025/08/12,/kiban/app/api/download/file/663015,鳥海山
536998,DEM10A,584050,FG-GML-584050-DEM10A-20161001.zip,1091,1117184,2016/10/01,/kiban/app/api/download/file/536998,鳥海山
540332,DEM10B,584050,FG-GML-584050-DEM10B-20161001.zip,2075,2124800,2016/10/01,/kiban/app/api/download/file/540332,鳥海山
718297,DEM1A,584050,FG-GML-584050-DEM1A-20260603.zip,40131,41094144,2026/06/03,/kiban/app/api/download/file/718297,鳥海山
720555,DEM5A,584050,FG-GML-584050-DEM5A-20260603.zip,7234,7407616,2026/06/03,/kiban/app/api/download/file/720555,鳥海山
540333,DEM10B,584051,FG-GML-584051-DEM10B-20161001.zip,1904,1949696,2016/10/01,/kiban/app/api/download/file/540333,鳥海山
718298,DEM1A,584051,FG-GML-584051-DEM1A-20260603.zip,107135,109706240,2026/06/03,/kiban/app/api/download/file/718298,鳥海山
720556,DEM5A,584051,FG-GML-584051-DEM5A-20260603.zip,6925,7091200,2026/06/03,/kiban/app/api/download/file/720556,鳥海山
540340,DEM10B,584060,FG-GML-584060-DEM10B-20161001.zip,1781,1823744,2016/10/01,/kiban/app/api/download/file/540340,鳥海山
718301,DEM1A,584060,FG-GML-584060-DEM1A-20260603.zip,92432,94650368,2026/06/03,/kiban/app/api/download/file/718301,鳥海山
720559,DEM5A,584060,FG-GML-584060-DEM5A-20260603.zip,5910,6051840,2026/06/03,/kiban/app/api/download/file/720559,鳥海山
540341,DEM10B,584061,FG-GML-584061-DEM10B-20161001.zip,1825,1868800,2016/10/01,/kiban/app/api/download/file/540341,鳥海山
718302,DEM1A,584061,FG-GML-584061-DEM1A-20260603.zip,118483,121326592,2026/06/03,/kiban/app/api/download/file/718302,鳥海山
720560,DEM5A,584061,FG-GML-584061-DEM5A-20260603.zip,6365,6517760,2026/06/03,/kiban/app/api/download/file/720560,鳥海山
540343,DEM10B,584063,FG-GML-584063-DEM10B-20161001.zip,783,801792,2016/10/01,/kiban/app/api/download/file/540343,横手城
613798,DEM1A,584063,FG-GML-584063-DEM1A-20250421.zip,38044,38957056,2025/04/21,/kiban/app/api/download/file/613798,横手城
619432,DEM5A,584063,FG-GML-584063-DEM5A-20250620.zip,5702,5838848,2025/06/20,/kiban/app/api/download/file/619432,横手城
540344,DEM10B,584064,FG-GML-584064-DEM10B-20161001.zip,1486,1521664,2016/10/01,/kiban/app/api/download/file/540344,横手城
718303,DEM1A,584064,FG-GML-584064-DEM1A-20260616.zip,106357,108909568,2026/06/16,/kiban/app/api/download/file/718303,横手城
720561,DEM5A,584064,FG-GML-584064-DEM5A-20260616.zip,7053,7222272,2026/06/16,/kiban/app/api/download/file/720561,横手城
540345,DEM10B,584065,FG-GML-584065-DEM10B-20161001.zip,1960,2007040,2016/10/01,/kiban/app/api/download/file/540345,横手城
718304,DEM1A,584065,FG-GML-584065-DEM1A-20260603.zip,212099,217189376,2026/06/03,/kiban/app/api/download/file/718304,横手城
720562,DEM5A,584065,FG-GML-584065-DEM5A-20260603.zip,9451,9677824,2026/06/03,/kiban/app/api/download/file/720562,横手城
540351,DEM10B,584073,FG-GML-584073-DEM10B-20161001.zip,798,817152,2016/10/01,/kiban/app/api/download/file/540351,横手城
613806,DEM1A,584073,FG-GML-584073-DEM1A-20250421.zip,36510,37386240,2025/04/21,/kiban/app/api/download/file/613806,横手城
619440,DEM5A,584073,FG-GML-584073-DEM5A-20250620.zip,4324,4427776,2025/06/20,/kiban/app/api/download/file/619440,横手城
540352,DEM10B,584074,FG-GML-584074-DEM10B-20161001.zip,1361,1393664,2016/10/01,/kiban/app/api/download/file/540352,横手城
613807,DEM1A,584074,FG-GML-584074-DEM1A-20250421.zip,115684,118460416,2025/04/21,/kiban/app/api/download/file/613807,横手城
619441,DEM5A,584074,FG-GML-584074-DEM5A-20250620.zip,6300,6451200,2025/06/20,/kiban/app/api/download/file/619441,横手城
540353,DEM10B,584075,FG-GML-584075-DEM10B-20161001.zip,1919,1965056,2016/10/01,/kiban/app/api/download/file/540353,横手城
718308,DEM1A,584075,FG-GML-584075-DEM1A-20260603.zip,120453,123343872,2026/06/03,/kiban/app/api/download/file/718308,横手城
720566,DEM5A,584075,FG-GML-584075-DEM5A-20260603.zip,6333,6484992,2026/06/03,/kiban/app/api/download/file/720566,横手城
540421,DEM10B,594003,FG-GML-594003-DEM10B-20161001.zip,1145,1172480,2016/10/01,/kiban/app/api/download/file/540421,横手城
613873,DEM1A,594003,FG-GML-594003-DEM1A-20250501.zip,2250,2304000,2025/05/01,/kiban/app/api/download/file/613873,横手城
619510,DEM5A,594003,FG-GML-594003-DEM5A-20250620.zip,3664,3751936,2025/06/20,/kiban/app/api/download/file/619510,横手城
540422,DEM10B,594004,FG-GML-594004-DEM10B-20161001.zip,1236,1265664,2016/10/01,/kiban/app/api/download/file/540422,横手城
613874,DEM1A,594004,FG-GML-594004-DEM1A-20250501.zip,56034,57378816,2025/05/01,/kiban/app/api/download/file/613874,横手城
619511,DEM5A,594004,FG-GML-594004-DEM5A-20250620.zip,5811,5950464,2025/06/20,/kiban/app/api/download/file/619511,横手城
616139,DEM5C,594004,FG-GML-594004-DEM5C-20250605.zip,1879,1924096,2025/06/05,/kiban/app/api/download/file/616139,横手城
540423,DEM10B,594005,FG-GML-594005-DEM10B-20161001.zip,1945,1991680,2016/10/01,/kiban/app/api/download/file/540423,横手城
718328,DEM1A,594005,FG-GML-594005-DEM1A-20260603.zip,51727,52968448,2026/06/03,/kiban/app/api/download/file/718328,横手城
720586,DEM5A,594005,FG-GML-594005-DEM5A-20260603.zip,3399,3480576,2026/06/03,/kiban/app/api/download/file/720586,横手城
540442,DEM10B,594030,FG-GML-594030-DEM10B-20161001.zip,874,894976,2016/10/01,/kiban/app/api/download/file/540442,久保田城跡
718331,DEM1A,594030,FG-GML-594030-DEM1A-20260603.zip,74514,76302336,2026/06/03,/kiban/app/api/download/file/718331,久保田城跡
720589,DEM5A,594030,FG-GML-594030-DEM5A-20260603.zip,3554,3639296,2026/06/03,/kiban/app/api/download/file/720589,久保田城跡
615504,DEM5B,594030,FG-GML-594030-DEM5B-20250609.zip,1693,1733632,2025/06/09,/kiban/app/api/download/file/615504,久保田城跡
540443,DEM10B,594031,FG-GML-594031-DEM10B-20161001.zip,1252,1282048,2016/10/01,/kiban/app/api/download/file/540443,久保田城跡
718332,DEM1A,594031,FG-GML-594031-DEM1A-20260603.zip,72584,74326016,2026/06/03,/kiban/app/api/download/file/718332,久保田城跡
720590,DEM5A,594031,FG-GML-594031-DEM5A-20260603.zip,6156,6303744,2026/06/03,/kiban/app/api/download/file/720590,久保田城跡
615505,DEM5B,594031,FG-GML-594031-DEM5B-20250609.zip,711,728064,2025/06/09,/kiban/app/api/download/file/615505,久保田城跡
540450,DEM10B,594040,FG-GML-594040-DEM10B-20161001.zip,439,449536,2016/10/01,/kiban/app/api/download/file/540450,久保田城跡
718333,DEM1A,594040,FG-GML-594040-DEM1A-20260603.zip,16785,17187840,2026/06/03,/kiban/app/api/download/file/718333,久保田城跡
720591,DEM5A,594040,FG-GML-594040-DEM5A-20260603.zip,3135,3210240,2026/06/03,/kiban/app/api/download/file/720591,久保田城跡
615506,DEM5B,594040,FG-GML-594040-DEM5B-20250609.zip,243,248832,2025/06/09,/kiban/app/api/download/file/615506,久保田城跡
540451,DEM10B,594041,FG-GML-594041-DEM10B-20161001.zip,1364,1396736,2016/10/01,/kiban/app/api/download/file/540451,久保田城跡
718334,DEM1A,594041,FG-GML-594041-DEM1A-20260603.zip,80275,82201600,2026/06/03,/kiban/app/api/download/file/718334,久保田城跡
720592,DEM5A,594041,FG-GML-594041-DEM5A-20260603.zip,6965,7132160,2026/06/03,/kiban/app/api/download/file/720592,久保田城跡
615507,DEM5B,594041,FG-GML-594041-DEM5B-20250609.zip,752,770048,2025/06/09,/kiban/app/api/download/file/615507,久保田城跡
540458,DEM10B,594050,FG-GML-594050-DEM10B-20161001.zip,725,742400,2016/10/01,/kiban/app/api/download/file/540458,久保田城跡
718335,DEM1A,594050,FG-GML-594050-DEM1A-20260603.zip,15770,16148480,2026/06/03,/kiban/app/api/download/file/718335,久保田城跡
720593,DEM5A,594050,FG-GML-594050-DEM5A-20260603.zip,3848,3940352,2026/06/03,/kiban/app/api/download/file/720593,久保田城跡
615508,DEM5B,594050,FG-GML-594050-DEM5B-20250609.zip,1189,1217536,2025/06/09,/kiban/app/api/download/file/615508,久保田城跡
616151,DEM5C,594050,FG-GML-594050-DEM5C-20250605.zip,112,114688,2025/06/05,/kiban/app/api/download/file/616151,久保田城跡
540459,DEM10B,594051,FG-GML-594051-DEM10B-20161001.zip,1852,1896448,2016/10/01,/kiban/app/api/download/file/540459,久保田城跡
718336,DEM1A,594051,FG-GML-594051-DEM1A-20260603.zip,37247,38140928,2026/06/03,/kiban/app/api/download/file/718336,久保田城跡
720594,DEM5A,594051,FG-GML-594051-DEM5A-20260603.zip,3666,3753984,2026/06/03,/kiban/app/api/download/file/720594,久保田城跡
615509,DEM5B,594051,FG-GML-594051-DEM5B-20250609.zip,7343,7519232,2025/06/09,/kiban/app/api/download/file/615509,久保田城跡
537001,DEM10A,594057,FG-GML-594057-DEM10A-20161001.zip,124,126976,2016/10/01,/kiban/app/api/download/file/537001,岩手山
540465,DEM10B,594057,FG-GML-594057-DEM10B-20161001.zip,1816,1859584,2016/10/01,/kiban/app/api/download/file/540465,岩手山
686194,DEM1A,594057,FG-GML-594057-DEM1A-20251113.zip,114179,116919296,2025/11/13,/kiban/app/api/download/file/686194,岩手山
687229,DEM5A,594057,FG-GML-594057-DEM5A-20251113.zip,6213,6362112,2025/11/13,/kiban/app/api/download/file/687229,岩手山
540471,DEM10B,594065,FG-GML-594065-DEM10B-20161001.zip,1881,1926144,2016/10/01,/kiban/app/api/download/file/540471,八幡平
613910,DEM1A,594065,FG-GML-594065-DEM1A-20250501.zip,139341,142685184,2025/05/01,/kiban/app/api/download/file/613910,八幡平
619558,DEM5A,594065,FG-GML-594065-DEM5A-20250620.zip,6924,7090176,2025/06/20,/kiban/app/api/download/file/619558,八幡平
540472,DEM10B,594066,FG-GML-594066-DEM10B-20161001.zip,2037,2085888,2016/10/01,/kiban/app/api/download/file/540472,八幡平
686197,DEM1A,594066,FG-GML-594066-DEM1A-20251113.zip,144741,148214784,2025/11/13,/kiban/app/api/download/file/686197,八幡平
687232,DEM5A,594066,FG-GML-594066-DEM5A-20251113.zip,7281,7455744,2025/11/13,/kiban/app/api/download/file/687232,八幡平
537002,DEM10A,594067,FG-GML-594067-DEM10A-20161001.zip,500,512000,2016/10/01,/kiban/app/api/download/file/537002,八幡平|岩手山
540473,DEM10B,594067,FG-GML-594067-DEM10B-20161001.zip,1988,2035712,2016/10/01,/kiban/app/api/download/file/540473,八幡平|岩手山
686198,DEM1A,594067,FG-GML-594067-DEM1A-20251113.zip,130387,133516288,2025/11/13,/kiban/app/api/download/file/686198,八幡平|岩手山
687233,DEM5A,594067,FG-GML-594067-DEM5A-20251113.zip,6884,7049216,2025/11/13,/kiban/app/api/download/file/687233,八幡平|岩手山
537003,DEM10A,594075,FG-GML-594075-DEM10A-20161001.zip,838,858112,2016/10/01,/kiban/app/api/download/file/537003,八幡平
540479,DEM10B,594075,FG-GML-594075-DEM10B-20161001.zip,1961,2008064,2016/10/01,/kiban/app/api/download/file/540479,八幡平
613916,DEM1A,594075,FG-GML-594075-DEM1A-20250501.zip,82178,84150272,2025/05/01,/kiban/app/api/download/file/613916,八幡平
619566,DEM5A,594075,FG-GML-594075-DEM5A-20250620.zip,5691,5827584,2025/06/20,/kiban/app/api/download/file/619566,八幡平
537004,DEM10A,594076,FG-GML-594076-DEM10A-20161001.zip,1184,1212416,2016/10/01,/kiban/app/api/download/file/537004,八幡平
540480,DEM10B,594076,FG-GML-594076-DEM10B-20161001.zip,2004,2052096,2016/10/01,/kiban/app/api/download/file/540480,八幡平
686201,DEM1A,594076,FG-GML-594076-DEM1A-20251107.zip,118554,121399296,2025/11/07,/kiban/app/api/download/file/686201,八幡平
687236,DEM5A,594076,FG-GML-594076-DEM5A-20251107.zip,6802,6965248,2025/11/07,/kiban/app/api/download/file/687236,八幡平
540481,DEM10B,594077,FG-GML-594077-DEM10B-20161001.zip,2011,2059264,2016/10/01,/kiban/app/api/download/file/540481,八幡平|岩手山
686202,DEM1A,594077,FG-GML-594077-DEM1A-20251113.zip,96197,98505728,2025/11/13,/kiban/app/api/download/file/686202,八幡平|岩手山
687237,DEM5A,594077,FG-GML-594077-DEM5A-20251113.zip,6215,6364160,2025/11/13,/kiban/app/api/download/file/687237,八幡平|岩手山
540493,DEM10B,594113,FG-GML-594113-DEM10B-20161001.zip,2005,2053120,2016/10/01,/kiban/app/api/download/file/540493,早池峰山
686211,DEM1A,594113,FG-GML-594113-DEM1A-20251107.zip,28636,29323264,2025/11/07,/kiban/app/api/download/file/686211,早池峰山
687246,DEM5A,594113,FG-GML-594113-DEM5A-20251107.zip,1559,1596416,2025/11/07,/kiban/app/api/download/file/687246,早池峰山
540494,DEM10B,594114,FG-GML-594114-DEM10B-20161001.zip,1949,1995776,2016/10/01,/kiban/app/api/download/file/540494,早池峰山
686212,DEM1A,594114,FG-GML-594114-DEM1A-20251107.zip,35969,36832256,2025/11/07,/kiban/app/api/download/file/686212,早池峰山
687247,DEM5A,594114,FG-GML-594114-DEM5A-20251107.zip,2630,2693120,2025/11/07,/kiban/app/api/download/file/687247,早池峰山
540500,DEM10B,594122,FG-GML-594122-DEM10B-20161001.zip,1984,2031616,2016/10/01,/kiban/app/api/download/file/540500,早池峰山
686217,DEM1A,594122,FG-GML-594122-DEM1A-20251107.zip,23096,23650304,2025/11/07,/kiban/app/api/download/file/686217,早池峰山
687252,DEM5A,594122,FG-GML-594122-DEM5A-20251107.zip,6181,6329344,2025/11/07,/kiban/app/api/download/file/687252,早池峰山
540501,DEM10B,594123,FG-GML-594123-DEM10B-20161001.zip,2108,2158592,2016/10/01,/kiban/app/api/download/file/540501,早池峰山
686218,DEM1A,594123,FG-GML-594123-DEM1A-20251107.zip,10759,11017216,2025/11/07,/kiban/app/api/download/file/686218,早池峰山
687253,DEM5A,594123,FG-GML-594123-DEM5A-20251107.zip,7334,7510016,2025/11/07,/kiban/app/api/download/file/687253,早池峰山
540502,DEM10B,594124,FG-GML-594124-DEM10B-20161001.zip,2067,2116608,2016/10/01,/kiban/app/api/download/file/540502,早池峰山
686219,DEM1A,594124,FG-GML-594124-DEM1A-20251113.zip,5140,5263360,2025/11/13,/kiban/app/api/download/file/686219,早池峰山
687254,DEM5A,594124,FG-GML-594124-DEM5A-20251113.zip,8104,8298496,2025/11/13,/kiban/app/api/download/file/687254,早池峰山
540506,DEM10B,594130,FG-GML-594130-DEM10B-20161001.zip,1895,1940480,2016/10/01,/kiban/app/api/download/file/540506,盛岡城跡
686223,DEM1A,594130,FG-GML-594130-DEM1A-20251107.zip,55112,56434688,2025/11/07,/kiban/app/api/download/file/686223,盛岡城跡
687258,DEM5A,594130,FG-GML-594130-DEM5A-20251107.zip,4113,4211712,2025/11/07,/kiban/app/api/download/file/687258,盛岡城跡
615516,DEM5B,594130,FG-GML-594130-DEM5B-20250609.zip,7665,7848960,2025/06/09,/kiban/app/api/download/file/615516,盛岡城跡
540507,DEM10B,594131,FG-GML-594131-DEM10B-20161001.zip,1243,1272832,2016/10/01,/kiban/app/api/download/file/540507,盛岡城跡
686224,DEM1A,594131,FG-GML-594131-DEM1A-20251107.zip,43830,44881920,2025/11/07,/kiban/app/api/download/file/686224,盛岡城跡
687259,DEM5A,594131,FG-GML-594131-DEM5A-20251107.zip,5828,5967872,2025/11/07,/kiban/app/api/download/file/687259,盛岡城跡
615517,DEM5B,594131,FG-GML-594131-DEM5B-20250609.zip,1267,1297408,2025/06/09,/kiban/app/api/download/file/615517,盛岡城跡
540508,DEM10B,594132,FG-GML-594132-DEM10B-20161001.zip,2024,2072576,2016/10/01,/kiban/app/api/download/file/540508,盛岡城跡
686225,DEM1A,594132,FG-GML-594132-DEM1A-20251107.zip,46981,48108544,2025/11/07,/kiban/app/api/download/file/686225,盛岡城跡
687260,DEM5A,594132,FG-GML-594132-DEM5A-20251107.zip,8217,8414208,2025/11/07,/kiban/app/api/download/file/687260,盛岡城跡
540509,DEM10B,594133,FG-GML-594133-DEM10B-20161001.zip,1983,2030592,2016/10/01,/kiban/app/api/download/file/540509,早池峰山
619596,DEM5A,594133,FG-GML-594133-DEM5A-20250620.zip,7543,7724032,2025/06/20,/kiban/app/api/download/file/619596,早池峰山
540510,DEM10B,594134,FG-GML-594134-DEM10B-20161001.zip,2069,2118656,2016/10/01,/kiban/app/api/download/file/540510,早池峰山
686226,DEM1A,594134,FG-GML-594134-DEM1A-20251113.zip,166447,170441728,2025/11/13,/kiban/app/api/download/file/686226,早池峰山
687261,DEM5A,594134,FG-GML-594134-DEM5A-20251113.zip,7739,7924736,2025/11/13,/kiban/app/api/download/file/687261,早池峰山
540514,DEM10B,594140,FG-GML-594140-DEM10B-20161001.zip,1211,1240064,2016/10/01,/kiban/app/api/download/file/540514,盛岡城跡
686230,DEM1A,594140,FG-GML-594140-DEM1A-20251113.zip,53765,55055360,2025/11/13,/kiban/app/api/download/file/686230,盛岡城跡
687265,DEM5A,594140,FG-GML-594140-DEM5A-20251113.zip,5197,5321728,2025/11/13,/kiban/app/api/download/file/687265,盛岡城跡
615518,DEM5B,594140,FG-GML-594140-DEM5B-20250609.zip,1639,1678336,2025/06/09,/kiban/app/api/download/file/615518,盛岡城跡
540515,DEM10B,594141,FG-GML-594141-DEM10B-20161001.zip,1584,1622016,2016/10/01,/kiban/app/api/download/file/540515,盛岡城跡
686231,DEM1A,594141,FG-GML-594141-DEM1A-20251107.zip,76673,78513152,2025/11/07,/kiban/app/api/download/file/686231,盛岡城跡
687266,DEM5A,594141,FG-GML-594141-DEM5A-20251107.zip,6832,6995968,2025/11/07,/kiban/app/api/download/file/687266,盛岡城跡
615519,DEM5B,594141,FG-GML-594141-DEM5B-20250609.zip,36,36864,2025/06/09,/kiban/app/api/download/file/615519,盛岡城跡
540516,DEM10B,594142,FG-GML-594142-DEM10B-20161001.zip,2005,2053120,2016/10/01,/kiban/app/api/download/file/540516,盛岡城跡
686232,DEM1A,594142,FG-GML-594142-DEM1A-20251107.zip,23921,24495104,2025/11/07,/kiban/app/api/download/file/686232,盛岡城跡
687267,DEM5A,594142,FG-GML-594142-DEM5A-20251107.zip,7258,7432192,2025/11/07,/kiban/app/api/download/file/687267,盛岡城跡
537005,DEM10A,594150,FG-GML-594150-DEM10A-20161001.zip,173,177152,2016/10/01,/kiban/app/api/download/file/537005,岩手山|盛岡城跡
540522,DEM10B,594150,FG-GML-594150-DEM10B-20161001.zip,1675,1715200,2016/10/01,/kiban/app/api/download/file/540522,岩手山|盛岡城跡
686235,DEM1A,594150,FG-GML-594150-DEM1A-20251113.zip,88197,90313728,2025/11/13,/kiban/app/api/download/file/686235,岩手山|盛岡城跡
687270,DEM5A,594150,FG-GML-594150-DEM5A-20251113.zip,5601,5735424,2025/11/13,/kiban/app/api/download/file/687270,岩手山|盛岡城跡
615520,DEM5B,594150,FG-GML-594150-DEM5B-20250609.zip,59,60416,2025/06/09,/kiban/app/api/download/file/615520,岩手山|盛岡城跡
540523,DEM10B,594151,FG-GML-594151-DEM10B-20161001.zip,1748,1789952,2016/10/01,/kiban/app/api/download/file/540523,盛岡城跡
686236,DEM1A,594151,FG-GML-594151-DEM1A-20251113.zip,89727,91880448,2025/11/13,/kiban/app/api/download/file/686236,盛岡城跡
687271,DEM5A,594151,FG-GML-594151-DEM5A-20251113.zip,6260,6410240,2025/11/13,/kiban/app/api/download/file/687271,盛岡城跡
615521,DEM5B,594151,FG-GML-594151-DEM5B-20250609.zip,1241,1270784,2025/06/09,/kiban/app/api/download/file/615521,盛岡城跡
537006,DEM10A,594160,FG-GML-594160-DEM10A-20161001.zip,705,721920,2016/10/01,/kiban/app/api/download/file/537006,岩手山
540530,DEM10B,594160,FG-GML-594160-DEM10B-20161001.zip,1768,1810432,2016/10/01,/kiban/app/api/download/file/540530,岩手山
686240,DEM1A,594160,FG-GML-594160-DEM1A-20251113.zip,85137,87180288,2025/11/13,/kiban/app/api/download/file/686240,岩手山
687275,DEM5A,594160,FG-GML-594160-DEM5A-20251113.zip,5869,6009856,2025/11/13,/kiban/app/api/download/file/687275,岩手山
730168,DEM5B,594160,FG-GML-594160-DEM5B-20100122.zip,7832,8019968,2010/01/22,/kiban/app/api/download/file/730168,岩手山
540538,DEM10B,594170,FG-GML-594170-DEM10B-20161001.zip,1479,1514496,2016/10/01,/kiban/app/api/download/file/540538,岩手山
686243,DEM1A,594170,FG-GML-594170-DEM1A-20251113.zip,74032,75808768,2025/11/13,/kiban/app/api/download/file/686243,岩手山
687278,DEM5A,594170,FG-GML-594170-DEM5A-20251113.zip,5563,5696512,2025/11/13,/kiban/app/api/download/file/687278,岩手山
537008,DEM10A,604006,FG-GML-604006-DEM10A-20161001.zip,44,45056,2016/10/01,/kiban/app/api/download/file/537008,八幡平
540570,DEM10B,604006,FG-GML-604006-DEM10B-20161001.zip,2029,2077696,2016/10/01,/kiban/app/api/download/file/540570,八幡平
664570,DEM1A,604006,FG-GML-604006-DEM1A-20250804.zip,68474,70117376,2025/08/04,/kiban/app/api/download/file/664570,八幡平
663092,DEM5A,604006,FG-GML-604006-DEM5A-20250804.zip,6940,7106560,2025/08/04,/kiban/app/api/download/file/663092,八幡平
540571,DEM10B,604007,FG-GML-604007-DEM10B-20161001.zip,1907,1952768,2016/10/01,/kiban/app/api/download/file/540571,八幡平
686251,DEM1A,604007,FG-GML-604007-DEM1A-20251107.zip,126022,129046528,2025/11/07,/kiban/app/api/download/file/686251,八幡平
687288,DEM5A,604007,FG-GML-604007-DEM5A-20251107.zip,6599,6757376,2025/11/07,/kiban/app/api/download/file/687288,八幡平
540613,DEM10B,604061,FG-GML-604061-DEM10B-20161001.zip,1981,2028544,2016/10/01,/kiban/app/api/download/file/540613,岩木山
686272,DEM1A,604061,FG-GML-604061-DEM1A-20251113.zip,151478,155113472,2025/11/13,/kiban/app/api/download/file/686272,岩木山
687309,DEM5A,604061,FG-GML-604061-DEM5A-20251113.zip,7245,7418880,2025/11/13,/kiban/app/api/download/file/687309,岩木山
540614,DEM10B,604062,FG-GML-604062-DEM10B-20161001.zip,1903,1948672,2016/10/01,/kiban/app/api/download/file/540614,岩木山|弘前城
718370,DEM1A,604062,FG-GML-604062-DEM1A-20260603.zip,140207,143571968,2026/06/03,/kiban/app/api/download/file/718370,岩木山|弘前城
720628,DEM5A,604062,FG-GML-604062-DEM5A-20260603.zip,6970,7137280,2026/06/03,/kiban/app/api/download/file/720628,岩木山|弘前城
540615,DEM10B,604063,FG-GML-604063-DEM10B-20161001.zip,1754,1796096,2016/10/01,/kiban/app/api/download/file/540615,弘前城
718371,DEM1A,604063,FG-GML-604063-DEM1A-20260603.zip,121731,124652544,2026/06/03,/kiban/app/api/download/file/718371,弘前城
720629,DEM5A,604063,FG-GML-604063-DEM5A-20260603.zip,6327,6478848,2026/06/03,/kiban/app/api/download/file/720629,弘前城
615530,DEM5B,604063,FG-GML-604063-DEM5B-20250609.zip,953,975872,2025/06/09,/kiban/app/api/download/file/615530,弘前城
540616,DEM10B,604064,FG-GML-604064-DEM10B-20161001.zip,1511,1547264,2016/10/01,/kiban/app/api/download/file/540616,弘前城
718372,DEM1A,604064,FG-GML-604064-DEM1A-20260603.zip,101206,103634944,2026/06/03,/kiban/app/api/download/file/718372,弘前城
720630,DEM5A,604064,FG-GML-604064-DEM5A-20260603.zip,5504,5636096,2026/06/03,/kiban/app/api/download/file/720630,弘前城
615531,DEM5B,604064,FG-GML-604064-DEM5B-20250609.zip,3597,3683328,2025/06/09,/kiban/app/api/download/file/615531,弘前城
540618,DEM10B,604066,FG-GML-604066-DEM10B-20161001.zip,1909,1954816,2016/10/01,/kiban/app/api/download/file/540618,八甲田山（大岳）
686277,DEM1A,604066,FG-GML-604066-DEM1A-20251113.zip,123768,126738432,2025/11/13,/kiban/app/api/download/file/686277,八甲田山（大岳）
687314,DEM5A,604066,FG-GML-604066-DEM5A-20251113.zip,6643,6802432,2025/11/13,/kiban/app/api/download/file/687314,八甲田山（大岳）
540619,DEM10B,604067,FG-GML-604067-DEM10B-20161001.zip,1956,2002944,2016/10/01,/kiban/app/api/download/file/540619,八甲田山（大岳）
686278,DEM1A,604067,FG-GML-604067-DEM1A-20251113.zip,132396,135573504,2025/11/13,/kiban/app/api/download/file/686278,八甲田山（大岳）
687315,DEM5A,604067,FG-GML-604067-DEM5A-20251113.zip,6747,6908928,2025/11/13,/kiban/app/api/download/file/687315,八甲田山（大岳）
537009,DEM10A,604071,FG-GML-604071-DEM10A-20161001.zip,47,48128,2016/10/01,/kiban/app/api/download/file/537009,岩木山
540621,DEM10B,604071,FG-GML-604071-DEM10B-20161001.zip,1970,2017280,2016/10/01,/kiban/app/api/download/file/540621,岩木山
686279,DEM1A,604071,FG-GML-604071-DEM1A-20251113.zip,147398,150935552,2025/11/13,/kiban/app/api/download/file/686279,岩木山
687316,DEM5A,604071,FG-GML-604071-DEM5A-20251113.zip,7171,7343104,2025/11/13,/kiban/app/api/download/file/687316,岩木山
537010,DEM10A,604072,FG-GML-604072-DEM10A-20161001.zip,886,907264,2016/10/01,/kiban/app/api/download/file/537010,岩木山|弘前城
540622,DEM10B,604072,FG-GML-604072-DEM10B-20161001.zip,1925,1971200,2016/10/01,/kiban/app/api/download/file/540622,岩木山|弘前城
718373,DEM1A,604072,FG-GML-604072-DEM1A-20260603.zip,115313,118080512,2026/06/03,/kiban/app/api/download/file/718373,岩木山|弘前城
720631,DEM5A,604072,FG-GML-604072-DEM5A-20260603.zip,6378,6531072,2026/06/03,/kiban/app/api/download/file/720631,岩木山|弘前城
615533,DEM5B,604072,FG-GML-604072-DEM5B-20250609.zip,704,720896,2025/06/09,/kiban/app/api/download/file/615533,岩木山|弘前城
540623,DEM10B,604073,FG-GML-604073-DEM10B-20161001.zip,911,932864,2016/10/01,/kiban/app/api/download/file/540623,岩木山|弘前城
718374,DEM1A,604073,FG-GML-604073-DEM1A-20260603.zip,54513,55821312,2026/06/03,/kiban/app/api/download/file/718374,岩木山|弘前城
720632,DEM5A,604073,FG-GML-604073-DEM5A-20260603.zip,3638,3725312,2026/06/03,/kiban/app/api/download/file/720632,岩木山|弘前城
540624,DEM10B,604074,FG-GML-604074-DEM10B-20161001.zip,656,671744,2016/10/01,/kiban/app/api/download/file/540624,弘前城
718375,DEM1A,604074,FG-GML-604074-DEM1A-20260603.zip,37896,38805504,2026/06/03,/kiban/app/api/download/file/718375,弘前城
720633,DEM5A,604074,FG-GML-604074-DEM5A-20260603.zip,3594,3680256,2026/06/03,/kiban/app/api/download/file/720633,弘前城
615534,DEM5B,604074,FG-GML-604074-DEM5B-20250609.zip,88,90112,2025/06/09,/kiban/app/api/download/file/615534,弘前城
540626,DEM10B,604076,FG-GML-604076-DEM10B-20161001.zip,2073,2122752,2016/10/01,/kiban/app/api/download/file/540626,八甲田山（大岳）
718377,DEM1A,604076,FG-GML-604076-DEM1A-20260603.zip,141088,144474112,2026/06/03,/kiban/app/api/download/file/718377,八甲田山（大岳）
720635,DEM5A,604076,FG-GML-604076-DEM5A-20260603.zip,7218,7391232,2026/06/03,/kiban/app/api/download/file/720635,八甲田山（大岳）
616168,DEM5C,604076,FG-GML-604076-DEM5C-20250605.zip,177,181248,2025/06/05,/kiban/app/api/download/file/616168,八甲田山（大岳）
540627,DEM10B,604077,FG-GML-604077-DEM10B-20161001.zip,2029,2077696,2016/10/01,/kiban/app/api/download/file/540627,八甲田山（大岳）
718378,DEM1A,604077,FG-GML-604077-DEM1A-20260603.zip,151785,155427840,2026/06/03,/kiban/app/api/download/file/718378,八甲田山（大岳）
720636,DEM5A,604077,FG-GML-604077-DEM5A-20260603.zip,7526,7706624,2026/06/03,/kiban/app/api/download/file/720636,八甲田山（大岳）
616169,DEM5C,604077,FG-GML-604077-DEM5C-20250605.zip,152,155648,2025/06/05,/kiban/app/api/download/file/616169,八甲田山（大岳）
537011,DEM10A,614001,FG-GML-614001-DEM10A-20161001.zip,28,28672,2016/10/01,/kiban/app/api/download/file/537011,岩木山
540682,DEM10B,614001,FG-GML-614001-DEM10B-20161001.zip,1818,1861632,2016/10/01,/kiban/app/api/download/file/540682,岩木山
664639,DEM1A,614001,FG-GML-614001-DEM1A-20250804.zip,132865,136053760,2025/08/04,/kiban/app/api/download/file/664639,岩木山
663161,DEM5A,614001,FG-GML-614001-DEM5A-20250804.zip,6694,6854656,2025/08/04,/kiban/app/api/download/file/663161,岩木山
616172,DEM5C,614001,FG-GML-614001-DEM5C-20250605.zip,903,924672,2025/06/05,/kiban/app/api/download/file/616172,岩木山
537012,DEM10A,614002,FG-GML-614002-DEM10A-20161001.zip,478,489472,2016/10/01,/kiban/app/api/download/file/537012,岩木山|弘前城
540683,DEM10B,614002,FG-GML-614002-DEM10B-20161001.zip,1733,1774592,2016/10/01,/kiban/app/api/download/file/540683,岩木山|弘前城
718395,DEM1A,614002,FG-GML-614002-DEM1A-20260603.zip,94345,96609280,2026/06/03,/kiban/app/api/download/file/718395,岩木山|弘前城
720653,DEM5A,614002,FG-GML-614002-DEM5A-20260603.zip,5654,5789696,2026/06/03,/kiban/app/api/download/file/720653,岩木山|弘前城
540684,DEM10B,614003,FG-GML-614003-DEM10B-20161001.zip,661,676864,2016/10/01,/kiban/app/api/download/file/540684,岩木山|弘前城
718396,DEM1A,614003,FG-GML-614003-DEM1A-20260603.zip,45054,46135296,2026/06/03,/kiban/app/api/download/file/718396,岩木山|弘前城
720654,DEM5A,614003,FG-GML-614003-DEM5A-20260603.zip,3367,3447808,2026/06/03,/kiban/app/api/download/file/720654,岩木山|弘前城
615542,DEM5B,614003,FG-GML-614003-DEM5B-20250609.zip,153,156672,2025/06/09,/kiban/app/api/download/file/615542,岩木山|弘前城
540685,DEM10B,614004,FG-GML-614004-DEM10B-20161001.zip,718,735232,2016/10/01,/kiban/app/api/download/file/540685,弘前城
686331,DEM1A,614004,FG-GML-614004-DEM1A-20251113.zip,7830,8017920,2025/11/13,/kiban/app/api/download/file/686331,弘前城
687368,DEM5A,614004,FG-GML-614004-DEM5A-20251113.zip,4803,4918272,2025/11/13,/kiban/app/api/download/file/687368,弘前城
615543,DEM5B,614004,FG-GML-614004-DEM5B-20250609.zip,1763,1805312,2025/06/09,/kiban/app/api/download/file/615543,弘前城
540687,DEM10B,614006,FG-GML-614006-DEM10B-20161001.zip,1981,2028544,2016/10/01,/kiban/app/api/download/file/540687,八甲田山（大岳）
718398,DEM1A,614006,FG-GML-614006-DEM1A-20260603.zip,170644,174739456,2026/06/03,/kiban/app/api/download/file/718398,八甲田山（大岳）
720656,DEM5A,614006,FG-GML-614006-DEM5A-20260603.zip,8200,8396800,2026/06/03,/kiban/app/api/download/file/720656,八甲田山（大岳）
730171,DEM5B,614006,FG-GML-614006-DEM5B-20190130.zip,1463,1498112,2019/01/30,/kiban/app/api/download/file/730171,八甲田山（大岳）
616174,DEM5C,614006,FG-GML-614006-DEM5C-20250605.zip,1118,1144832,2025/06/05,/kiban/app/api/download/file/616174,八甲田山（大岳）
540688,DEM10B,614007,FG-GML-614007-DEM10B-20161001.zip,1900,1945600,2016/10/01,/kiban/app/api/download/file/540688,八甲田山（大岳）
718399,DEM1A,614007,FG-GML-614007-DEM1A-20260603.zip,139938,143296512,2026/06/03,/kiban/app/api/download/file/718399,八甲田山（大岳）
720657,DEM5A,614007,FG-GML-614007-DEM5A-20260603.zip,6776,6938624,2026/06/03,/kiban/app/api/download/file/720657,八甲田山（大岳）
616175,DEM5C,614007,FG-GML-614007-DEM5C-20250605.zip,3591,3677184,2025/06/05,/kiban/app/api/download/file/616175,八甲田山（大岳）
540790,DEM10B,624045,FG-GML-624045-DEM10B-20161001.zip,79,80896,2016/10/01,/kiban/app/api/download/file/540790,五稜郭|五稜郭タワー
619869,DEM5A,624045,FG-GML-624045-DEM5A-20250620.zip,160,163840,2025/06/20,/kiban/app/api/download/file/619869,五稜郭|五稜郭タワー
540797,DEM10B,624055,FG-GML-624055-DEM10B-20161001.zip,339,347136,2016/10/01,/kiban/app/api/download/file/540797,五稜郭|五稜郭タワー
686366,DEM1A,624055,FG-GML-624055-DEM1A-20251107.zip,2921,2991104,2025/11/07,/kiban/app/api/download/file/686366,五稜郭|五稜郭タワー
687403,DEM5A,624055,FG-GML-624055-DEM5A-20251107.zip,2349,2405376,2025/11/07,/kiban/app/api/download/file/687403,五稜郭|五稜郭タワー
615561,DEM5B,624055,FG-GML-624055-DEM5B-20250609.zip,5,5120,2025/06/09,/kiban/app/api/download/file/615561,五稜郭|五稜郭タワー
540798,DEM10B,624056,FG-GML-624056-DEM10B-20161001.zip,1146,1173504,2016/10/01,/kiban/app/api/download/file/540798,五稜郭|五稜郭タワー
614154,DEM1A,624056,FG-GML-624056-DEM1A-20250507.zip,57829,59216896,2025/05/07,/kiban/app/api/download/file/614154,五稜郭|五稜郭タワー
619877,DEM5A,624056,FG-GML-624056-DEM5A-20250620.zip,5343,5471232,2025/06/20,/kiban/app/api/download/file/619877,五稜郭|五稜郭タワー
730177,DEM5B,624056,FG-GML-624056-DEM5B-20161001.zip,2247,2300928,2016/10/01,/kiban/app/api/download/file/730177,五稜郭|五稜郭タワー
540799,DEM10B,624057,FG-GML-624057-DEM10B-20161001.zip,1834,1878016,2016/10/01,/kiban/app/api/download/file/540799,五稜郭
614155,DEM1A,624057,FG-GML-624057-DEM1A-20250507.zip,201600,206438400,2025/05/07,/kiban/app/api/download/file/614155,五稜郭
619878,DEM5A,624057,FG-GML-624057-DEM5A-20250620.zip,7127,7298048,2025/06/20,/kiban/app/api/download/file/619878,五稜郭
730179,DEM5B,624057,FG-GML-624057-DEM5B-20161001.zip,2010,2058240,2016/10/01,/kiban/app/api/download/file/730179,五稜郭
730180,DEM5C,624057,FG-GML-624057-DEM5C-20190130.zip,6451,6605824,2019/01/30,/kiban/app/api/download/file/730180,五稜郭
540805,DEM10B,624065,FG-GML-624065-DEM10B-20161001.zip,1151,1178624,2016/10/01,/kiban/app/api/download/file/540805,五稜郭|五稜郭タワー
686367,DEM1A,624065,FG-GML-624065-DEM1A-20251107.zip,51546,52783104,2025/11/07,/kiban/app/api/download/file/686367,五稜郭|五稜郭タワー
687404,DEM5A,624065,FG-GML-624065-DEM5A-20251107.zip,5280,5406720,2025/11/07,/kiban/app/api/download/file/687404,五稜郭|五稜郭タワー
730186,DEM5B,624065,FG-GML-624065-DEM5B-20190130.zip,12720,13025280,2019/01/30,/kiban/app/api/download/file/730186,五稜郭|五稜郭タワー
730187,DEM5C,624065,FG-GML-624065-DEM5C-20190130.zip,390,399360,2019/01/30,/kiban/app/api/download/file/730187,五稜郭|五稜郭タワー
540806,DEM10B,624066,FG-GML-624066-DEM10B-20161001.zip,1934,1980416,2016/10/01,/kiban/app/api/download/file/540806,五稜郭|五稜郭タワー
686368,DEM1A,624066,FG-GML-624066-DEM1A-20251107.zip,198338,203098112,2025/11/07,/kiban/app/api/download/file/686368,五稜郭|五稜郭タワー
687405,DEM5A,624066,FG-GML-624066-DEM5A-20251107.zip,6871,7035904,2025/11/07,/kiban/app/api/download/file/687405,五稜郭|五稜郭タワー
730189,DEM5B,624066,FG-GML-624066-DEM5B-20161001.zip,2940,3010560,2016/10/01,/kiban/app/api/download/file/730189,五稜郭|五稜郭タワー
730190,DEM5C,624066,FG-GML-624066-DEM5C-20190130.zip,6253,6403072,2019/01/30,/kiban/app/api/download/file/730190,五稜郭|五稜郭タワー
540956,DEM10B,634274,FG-GML-634274-DEM10B-20161001.zip,2059,2108416,2016/10/01,/kiban/app/api/download/file/540956,幌尻岳
620033,DEM5A,634274,FG-GML-634274-DEM5A-20250620.zip,1363,1395712,2025/06/20,/kiban/app/api/download/file/620033,幌尻岳
540957,DEM10B,634275,FG-GML-634275-DEM10B-20161001.zip,2224,2277376,2016/10/01,/kiban/app/api/download/file/540957,幌尻岳
540958,DEM10B,634276,FG-GML-634276-DEM10B-20161001.zip,2247,2300928,2016/10/01,/kiban/app/api/download/file/540958,幌尻岳
614297,DEM1A,634276,FG-GML-634276-DEM1A-20250527.zip,8101,8295424,2025/05/27,/kiban/app/api/download/file/614297,幌尻岳
620034,DEM5A,634276,FG-GML-634276-DEM5A-20250620.zip,6311,6462464,2025/06/20,/kiban/app/api/download/file/620034,幌尻岳
540998,DEM10B,644005,FG-GML-644005-DEM10B-20161001.zip,1923,1969152,2016/10/01,/kiban/app/api/download/file/540998,羊蹄山
718438,DEM1A,644005,FG-GML-644005-DEM1A-20260522.zip,212385,217482240,2026/05/22,/kiban/app/api/download/file/718438,羊蹄山
720696,DEM5A,644005,FG-GML-644005-DEM5A-20260522.zip,9294,9517056,2026/05/22,/kiban/app/api/download/file/720696,羊蹄山
540999,DEM10B,644006,FG-GML-644006-DEM10B-20161001.zip,1682,1722368,2016/10/01,/kiban/app/api/download/file/540999,羊蹄山
718439,DEM1A,644006,FG-GML-644006-DEM1A-20260522.zip,189536,194084864,2026/05/22,/kiban/app/api/download/file/718439,羊蹄山
720697,DEM5A,644006,FG-GML-644006-DEM5A-20260522.zip,8469,8672256,2026/05/22,/kiban/app/api/download/file/720697,羊蹄山
541000,DEM10B,644007,FG-GML-644007-DEM10B-20161001.zip,1907,1952768,2016/10/01,/kiban/app/api/download/file/541000,羊蹄山
718440,DEM1A,644007,FG-GML-644007-DEM1A-20260522.zip,209685,214717440,2026/05/22,/kiban/app/api/download/file/718440,羊蹄山
720698,DEM5A,644007,FG-GML-644007-DEM5A-20260522.zip,9218,9439232,2026/05/22,/kiban/app/api/download/file/720698,羊蹄山
541005,DEM10B,644015,FG-GML-644015-DEM10B-20161001.zip,1648,1687552,2016/10/01,/kiban/app/api/download/file/541005,羊蹄山
718443,DEM1A,644015,FG-GML-644015-DEM1A-20260522.zip,183781,188191744,2026/05/22,/kiban/app/api/download/file/718443,羊蹄山
720701,DEM5A,644015,FG-GML-644015-DEM5A-20260522.zip,8252,8450048,2026/05/22,/kiban/app/api/download/file/720701,羊蹄山
541006,DEM10B,644016,FG-GML-644016-DEM10B-20161001.zip,1816,1859584,2016/10/01,/kiban/app/api/download/file/541006,羊蹄山
718444,DEM1A,644016,FG-GML-644016-DEM1A-20260522.zip,195003,199683072,2026/05/22,/kiban/app/api/download/file/718444,羊蹄山
720702,DEM5A,644016,FG-GML-644016-DEM5A-20260522.zip,8751,8961024,2026/05/22,/kiban/app/api/download/file/720702,羊蹄山
541007,DEM10B,644017,FG-GML-644017-DEM10B-20161001.zip,1750,1792000,2016/10/01,/kiban/app/api/download/file/541007,羊蹄山
718445,DEM1A,644017,FG-GML-644017-DEM1A-20260522.zip,196315,201026560,2026/05/22,/kiban/app/api/download/file/718445,羊蹄山
720703,DEM5A,644017,FG-GML-644017-DEM5A-20260522.zip,8743,8952832,2026/05/22,/kiban/app/api/download/file/720703,羊蹄山
541011,DEM10B,644025,FG-GML-644025-DEM10B-20161001.zip,1884,1929216,2016/10/01,/kiban/app/api/download/file/541011,羊蹄山
718449,DEM1A,644025,FG-GML-644025-DEM1A-20260522.zip,198703,203471872,2026/05/22,/kiban/app/api/download/file/718449,羊蹄山
720707,DEM5A,644025,FG-GML-644025-DEM5A-20260522.zip,8890,9103360,2026/05/22,/kiban/app/api/download/file/720707,羊蹄山
616212,DEM5C,644025,FG-GML-644025-DEM5C-20250605.zip,7405,7582720,2025/06/05,/kiban/app/api/download/file/616212,羊蹄山
541012,DEM10B,644026,FG-GML-644026-DEM10B-20161001.zip,1553,1590272,2016/10/01,/kiban/app/api/download/file/541012,羊蹄山
718450,DEM1A,644026,FG-GML-644026-DEM1A-20260522.zip,178026,182298624,2026/05/22,/kiban/app/api/download/file/718450,羊蹄山
720708,DEM5A,644026,FG-GML-644026-DEM5A-20260522.zip,8078,8271872,2026/05/22,/kiban/app/api/download/file/720708,羊蹄山
541013,DEM10B,644027,FG-GML-644027-DEM10B-20161001.zip,1862,1906688,2016/10/01,/kiban/app/api/download/file/541013,羊蹄山
718451,DEM1A,644027,FG-GML-644027-DEM1A-20260522.zip,202299,207154176,2026/05/22,/kiban/app/api/download/file/718451,羊蹄山
720709,DEM5A,644027,FG-GML-644027-DEM5A-20260522.zip,8960,9175040,2026/05/22,/kiban/app/api/download/file/720709,羊蹄山
541065,DEM10B,644132,FG-GML-644132-DEM10B-20161001.zip,1779,1821696,2016/10/01,/kiban/app/api/download/file/541065,JRタワー（札幌）|ONE札幌ステーションタワー|さっぽろテレビ塔
686393,DEM1A,644132,FG-GML-644132-DEM1A-20251107.zip,102819,105286656,2025/11/07,/kiban/app/api/download/file/686393,JRタワー（札幌）|ONE札幌ステーションタワー|さっぽろテレビ塔
687430,DEM5A,644132,FG-GML-644132-DEM5A-20251107.zip,6581,6738944,2025/11/07,/kiban/app/api/download/file/687430,JRタワー（札幌）|ONE札幌ステーションタワー|さっぽろテレビ塔
730252,DEM5B,644132,FG-GML-644132-DEM5B-20091001.zip,8260,8458240,2009/10/01,/kiban/app/api/download/file/730252,JRタワー（札幌）|ONE札幌ステーションタワー|さっぽろテレビ塔
541066,DEM10B,644133,FG-GML-644133-DEM10B-20161001.zip,1601,1639424,2016/10/01,/kiban/app/api/download/file/541066,JRタワー（札幌）|ONE札幌ステーションタワー|さっぽろテレビ塔
686394,DEM1A,644133,FG-GML-644133-DEM1A-20251107.zip,12473,12772352,2025/11/07,/kiban/app/api/download/file/686394,JRタワー（札幌）|ONE札幌ステーションタワー|さっぽろテレビ塔
687431,DEM5A,644133,FG-GML-644133-DEM5A-20251107.zip,4628,4739072,2025/11/07,/kiban/app/api/download/file/687431,JRタワー（札幌）|ONE札幌ステーションタワー|さっぽろテレビ塔
615602,DEM5B,644133,FG-GML-644133-DEM5B-20250609.zip,4458,4564992,2025/06/09,/kiban/app/api/download/file/615602,JRタワー（札幌）|ONE札幌ステーションタワー|さっぽろテレビ塔
541072,DEM10B,644141,FG-GML-644141-DEM10B-20161001.zip,2046,2095104,2016/10/01,/kiban/app/api/download/file/541072,JRタワー（札幌）|ONE札幌ステーションタワー|さっぽろテレビ塔
614384,DEM1A,644141,FG-GML-644141-DEM1A-20250527.zip,141673,145073152,2025/05/27,/kiban/app/api/download/file/614384,JRタワー（札幌）|ONE札幌ステーションタワー|さっぽろテレビ塔
620144,DEM5A,644141,FG-GML-644141-DEM5A-20250620.zip,7431,7609344,2025/06/20,/kiban/app/api/download/file/620144,JRタワー（札幌）|ONE札幌ステーションタワー|さっぽろテレビ塔
730253,DEM5B,644141,FG-GML-644141-DEM5B-20091001.zip,9331,9554944,2009/10/01,/kiban/app/api/download/file/730253,JRタワー（札幌）|ONE札幌ステーションタワー|さっぽろテレビ塔
541073,DEM10B,644142,FG-GML-644142-DEM10B-20161001.zip,1366,1398784,2016/10/01,/kiban/app/api/download/file/541073,JRタワー（札幌）|ONE札幌ステーションタワー|さっぽろテレビ塔
686395,DEM1A,644142,FG-GML-644142-DEM1A-20251107.zip,47988,49139712,2025/11/07,/kiban/app/api/download/file/686395,JRタワー（札幌）|ONE札幌ステーションタワー|さっぽろテレビ塔
687432,DEM5A,644142,FG-GML-644142-DEM5A-20251107.zip,6621,6779904,2025/11/07,/kiban/app/api/download/file/687432,JRタワー（札幌）|ONE札幌ステーションタワー|さっぽろテレビ塔
615603,DEM5B,644142,FG-GML-644142-DEM5B-20250609.zip,49,50176,2025/06/09,/kiban/app/api/download/file/615603,JRタワー（札幌）|ONE札幌ステーションタワー|さっぽろテレビ塔
541074,DEM10B,644143,FG-GML-644143-DEM10B-20161001.zip,864,884736,2016/10/01,/kiban/app/api/download/file/541074,JRタワー（札幌）|ONE札幌ステーションタワー|さっぽろテレビ塔
686396,DEM1A,644143,FG-GML-644143-DEM1A-20251107.zip,18142,18577408,2025/11/07,/kiban/app/api/download/file/686396,JRタワー（札幌）|ONE札幌ステーションタワー|さっぽろテレビ塔
687433,DEM5A,644143,FG-GML-644143-DEM5A-20251107.zip,3916,4009984,2025/11/07,/kiban/app/api/download/file/687433,JRタワー（札幌）|ONE札幌ステーションタワー|さっぽろテレビ塔
615604,DEM5B,644143,FG-GML-644143-DEM5B-20250609.zip,3538,3622912,2025/06/09,/kiban/app/api/download/file/615604,JRタワー（札幌）|ONE札幌ステーションタワー|さっぽろテレビ塔
541080,DEM10B,644151,FG-GML-644151-DEM10B-20161001.zip,1363,1395712,2016/10/01,/kiban/app/api/download/file/541080,JRタワー（札幌）|ONE札幌ステーションタワー|さっぽろテレビ塔
718495,DEM1A,644151,FG-GML-644151-DEM1A-20260522.zip,117949,120779776,2026/05/22,/kiban/app/api/download/file/718495,JRタワー（札幌）|ONE札幌ステーションタワー|さっぽろテレビ塔
720753,DEM5A,644151,FG-GML-644151-DEM5A-20260522.zip,7182,7354368,2026/05/22,/kiban/app/api/download/file/720753,JRタワー（札幌）|ONE札幌ステーションタワー|さっぽろテレビ塔
615609,DEM5B,644151,FG-GML-644151-DEM5B-20250609.zip,2029,2077696,2025/06/09,/kiban/app/api/download/file/615609,JRタワー（札幌）|ONE札幌ステーションタワー|さっぽろテレビ塔
541081,DEM10B,644152,FG-GML-644152-DEM10B-20161001.zip,342,350208,2016/10/01,/kiban/app/api/download/file/541081,JRタワー（札幌）|ONE札幌ステーションタワー|さっぽろテレビ塔
718496,DEM1A,644152,FG-GML-644152-DEM1A-20260522.zip,34283,35105792,2026/05/22,/kiban/app/api/download/file/718496,JRタワー（札幌）|ONE札幌ステーションタワー|さっぽろテレビ塔
720754,DEM5A,644152,FG-GML-644152-DEM5A-20260522.zip,5506,5638144,2026/05/22,/kiban/app/api/download/file/720754,JRタワー（札幌）|ONE札幌ステーションタワー|さっぽろテレビ塔
615610,DEM5B,644152,FG-GML-644152-DEM5B-20250609.zip,43,44032,2025/06/09,/kiban/app/api/download/file/615610,JRタワー（札幌）|ONE札幌ステーションタワー|さっぽろテレビ塔
541082,DEM10B,644153,FG-GML-644153-DEM10B-20161001.zip,235,240640,2016/10/01,/kiban/app/api/download/file/541082,JRタワー（札幌）|ONE札幌ステーションタワー|さっぽろテレビ塔
686397,DEM1A,644153,FG-GML-644153-DEM1A-20251107.zip,872,892928,2025/11/07,/kiban/app/api/download/file/686397,JRタワー（札幌）|ONE札幌ステーションタワー|さっぽろテレビ塔
687434,DEM5A,644153,FG-GML-644153-DEM5A-20251107.zip,4984,5103616,2025/11/07,/kiban/app/api/download/file/687434,JRタワー（札幌）|ONE札幌ステーションタワー|さっぽろテレビ塔
615611,DEM5B,644153,FG-GML-644153-DEM5B-20250609.zip,66,67584,2025/06/09,/kiban/app/api/download/file/615611,JRタワー（札幌）|ONE札幌ステーションタワー|さっぽろテレビ塔
541105,DEM10B,644204,FG-GML-644204-DEM10B-20161001.zip,2121,2171904,2016/10/01,/kiban/app/api/download/file/541105,幌尻岳
620176,DEM5A,644204,FG-GML-644204-DEM5A-20250620.zip,5587,5721088,2025/06/20,/kiban/app/api/download/file/620176,幌尻岳
541106,DEM10B,644205,FG-GML-644205-DEM10B-20161001.zip,2177,2229248,2016/10/01,/kiban/app/api/download/file/541106,幌尻岳
664703,DEM1A,644205,FG-GML-644205-DEM1A-20250728.zip,18942,19396608,2025/07/28,/kiban/app/api/download/file/664703,幌尻岳
663225,DEM5A,644205,FG-GML-644205-DEM5A-20250728.zip,2558,2619392,2025/07/28,/kiban/app/api/download/file/663225,幌尻岳
541107,DEM10B,644206,FG-GML-644206-DEM10B-20161001.zip,2153,2204672,2016/10/01,/kiban/app/api/download/file/541107,幌尻岳
664704,DEM1A,644206,FG-GML-644206-DEM1A-20250728.zip,117642,120465408,2025/07/28,/kiban/app/api/download/file/664704,幌尻岳
663226,DEM5A,644206,FG-GML-644206-DEM5A-20250728.zip,7660,7843840,2025/07/28,/kiban/app/api/download/file/663226,幌尻岳
541113,DEM10B,644214,FG-GML-644214-DEM10B-20161001.zip,2135,2186240,2016/10/01,/kiban/app/api/download/file/541113,幌尻岳
620184,DEM5A,644214,FG-GML-644214-DEM5A-20250620.zip,9887,10124288,2025/06/20,/kiban/app/api/download/file/620184,幌尻岳
541114,DEM10B,644215,FG-GML-644215-DEM10B-20161001.zip,2196,2248704,2016/10/01,/kiban/app/api/download/file/541114,幌尻岳
664707,DEM1A,644215,FG-GML-644215-DEM1A-20250731.zip,51502,52738048,2025/07/31,/kiban/app/api/download/file/664707,幌尻岳
663229,DEM5A,644215,FG-GML-644215-DEM5A-20250731.zip,9631,9862144,2025/07/31,/kiban/app/api/download/file/663229,幌尻岳
541115,DEM10B,644216,FG-GML-644216-DEM10B-20161001.zip,2141,2192384,2016/10/01,/kiban/app/api/download/file/541115,幌尻岳
664708,DEM1A,644216,FG-GML-644216-DEM1A-20250731.zip,156110,159856640,2025/07/31,/kiban/app/api/download/file/664708,幌尻岳
663230,DEM5A,644216,FG-GML-644216-DEM5A-20250731.zip,7576,7757824,2025/07/31,/kiban/app/api/download/file/663230,幌尻岳
541162,DEM10B,644275,FG-GML-644275-DEM10B-20161001.zip,1792,1835008,2016/10/01,/kiban/app/api/download/file/541162,十勝岳
718523,DEM1A,644275,FG-GML-644275-DEM1A-20260603.zip,158863,162675712,2026/06/03,/kiban/app/api/download/file/718523,十勝岳
720781,DEM5A,644275,FG-GML-644275-DEM5A-20260603.zip,7830,8017920,2026/06/03,/kiban/app/api/download/file/720781,十勝岳
541225,DEM10B,644377,FG-GML-644377-DEM10B-20161001.zip,1942,1988608,2016/10/01,/kiban/app/api/download/file/541225,阿寒岳（雌阿寒岳）
541258,DEM10B,644470,FG-GML-644470-DEM10B-20161001.zip,1976,2023424,2016/10/01,/kiban/app/api/download/file/541258,阿寒岳（雌阿寒岳）
718525,DEM1A,644470,FG-GML-644470-DEM1A-20260603.zip,103532,106016768,2026/06/03,/kiban/app/api/download/file/718525,阿寒岳（雌阿寒岳）
720783,DEM5A,644470,FG-GML-644470-DEM5A-20260603.zip,5347,5475328,2026/06/03,/kiban/app/api/download/file/720783,阿寒岳（雌阿寒岳）
541307,DEM10B,654133,FG-GML-654133-DEM10B-20161001.zip,1861,1905664,2016/10/01,/kiban/app/api/download/file/541307,暑寒別岳
718539,DEM1A,654133,FG-GML-654133-DEM1A-20260522.zip,210678,215734272,2026/05/22,/kiban/app/api/download/file/718539,暑寒別岳
720797,DEM5A,654133,FG-GML-654133-DEM5A-20260522.zip,9208,9428992,2026/05/22,/kiban/app/api/download/file/720797,暑寒別岳
541308,DEM10B,654134,FG-GML-654134-DEM10B-20161001.zip,1969,2016256,2016/10/01,/kiban/app/api/download/file/541308,暑寒別岳
718540,DEM1A,654134,FG-GML-654134-DEM1A-20260522.zip,216217,221406208,2026/05/22,/kiban/app/api/download/file/718540,暑寒別岳
720798,DEM5A,654134,FG-GML-654134-DEM5A-20260522.zip,9498,9725952,2026/05/22,/kiban/app/api/download/file/720798,暑寒別岳
541309,DEM10B,654135,FG-GML-654135-DEM10B-20161001.zip,1897,1942528,2016/10/01,/kiban/app/api/download/file/541309,暑寒別岳
718541,DEM1A,654135,FG-GML-654135-DEM1A-20260522.zip,148452,152014848,2026/05/22,/kiban/app/api/download/file/718541,暑寒別岳
720799,DEM5A,654135,FG-GML-654135-DEM5A-20260522.zip,6720,6881280,2026/05/22,/kiban/app/api/download/file/720799,暑寒別岳
541313,DEM10B,654143,FG-GML-654143-DEM10B-20161001.zip,2114,2164736,2016/10/01,/kiban/app/api/download/file/541313,暑寒別岳
718543,DEM1A,654143,FG-GML-654143-DEM1A-20260522.zip,230813,236352512,2026/05/22,/kiban/app/api/download/file/718543,暑寒別岳
720801,DEM5A,654143,FG-GML-654143-DEM5A-20260522.zip,10065,10306560,2026/05/22,/kiban/app/api/download/file/720801,暑寒別岳
541314,DEM10B,654144,FG-GML-654144-DEM10B-20161001.zip,2024,2072576,2016/10/01,/kiban/app/api/download/file/541314,暑寒別岳
718544,DEM1A,654144,FG-GML-654144-DEM1A-20260522.zip,222523,227863552,2026/05/22,/kiban/app/api/download/file/718544,暑寒別岳
720802,DEM5A,654144,FG-GML-654144-DEM5A-20260522.zip,9747,9980928,2026/05/22,/kiban/app/api/download/file/720802,暑寒別岳
541315,DEM10B,654145,FG-GML-654145-DEM10B-20161001.zip,1999,2046976,2016/10/01,/kiban/app/api/download/file/541315,暑寒別岳
718545,DEM1A,654145,FG-GML-654145-DEM1A-20260522.zip,150795,154414080,2026/05/22,/kiban/app/api/download/file/718545,暑寒別岳
720803,DEM5A,654145,FG-GML-654145-DEM5A-20260522.zip,6841,7005184,2026/05/22,/kiban/app/api/download/file/720803,暑寒別岳
541319,DEM10B,654153,FG-GML-654153-DEM10B-20161001.zip,1790,1832960,2016/10/01,/kiban/app/api/download/file/541319,暑寒別岳
718547,DEM1A,654153,FG-GML-654153-DEM1A-20260522.zip,196097,200803328,2026/05/22,/kiban/app/api/download/file/718547,暑寒別岳
720805,DEM5A,654153,FG-GML-654153-DEM5A-20260522.zip,8575,8780800,2026/05/22,/kiban/app/api/download/file/720805,暑寒別岳
541320,DEM10B,654154,FG-GML-654154-DEM10B-20161001.zip,1884,1929216,2016/10/01,/kiban/app/api/download/file/541320,暑寒別岳
718548,DEM1A,654154,FG-GML-654154-DEM1A-20260522.zip,216787,221989888,2026/05/22,/kiban/app/api/download/file/718548,暑寒別岳
720806,DEM5A,654154,FG-GML-654154-DEM5A-20260522.zip,9449,9675776,2026/05/22,/kiban/app/api/download/file/720806,暑寒別岳
541321,DEM10B,654155,FG-GML-654155-DEM10B-20161001.zip,1967,2014208,2016/10/01,/kiban/app/api/download/file/541321,暑寒別岳
718549,DEM1A,654155,FG-GML-654155-DEM1A-20260522.zip,218726,223975424,2026/05/22,/kiban/app/api/download/file/718549,暑寒別岳
720807,DEM5A,654155,FG-GML-654155-DEM5A-20260522.zip,9494,9721856,2026/05/22,/kiban/app/api/download/file/720807,暑寒別岳
541337,DEM10B,654204,FG-GML-654204-DEM10B-20161001.zip,2014,2062336,2016/10/01,/kiban/app/api/download/file/541337,十勝岳
718562,DEM1A,654204,FG-GML-654204-DEM1A-20260603.zip,100777,103195648,2026/06/03,/kiban/app/api/download/file/718562,十勝岳
720820,DEM5A,654204,FG-GML-654204-DEM5A-20260603.zip,6214,6363136,2026/06/03,/kiban/app/api/download/file/720820,十勝岳
541338,DEM10B,654205,FG-GML-654205-DEM10B-20161001.zip,2021,2069504,2016/10/01,/kiban/app/api/download/file/541338,十勝岳
718563,DEM1A,654205,FG-GML-654205-DEM1A-20260616.zip,134495,137722880,2026/06/16,/kiban/app/api/download/file/718563,十勝岳
720821,DEM5A,654205,FG-GML-654205-DEM5A-20260616.zip,7944,8134656,2026/06/16,/kiban/app/api/download/file/720821,十勝岳
541339,DEM10B,654206,FG-GML-654206-DEM10B-20161001.zip,1949,1995776,2016/10/01,/kiban/app/api/download/file/541339,十勝岳
686423,DEM1A,654206,FG-GML-654206-DEM1A-20251107.zip,10891,11152384,2025/11/07,/kiban/app/api/download/file/686423,十勝岳
687460,DEM5A,654206,FG-GML-654206-DEM5A-20251107.zip,1389,1422336,2025/11/07,/kiban/app/api/download/file/687460,十勝岳
541341,DEM10B,654210,FG-GML-654210-DEM10B-20161001.zip,1982,2029568,2016/10/01,/kiban/app/api/download/file/541341,北海道大観音
614560,DEM1A,654210,FG-GML-654210-DEM1A-20250530.zip,1424,1458176,2025/05/30,/kiban/app/api/download/file/614560,北海道大観音
620383,DEM5A,654210,FG-GML-654210-DEM5A-20250620.zip,205,209920,2025/06/20,/kiban/app/api/download/file/620383,北海道大観音
615664,DEM5B,654210,FG-GML-654210-DEM5B-20250609.zip,2220,2273280,2025/06/09,/kiban/app/api/download/file/615664,北海道大観音
616260,DEM5C,654210,FG-GML-654210-DEM5C-20250605.zip,2425,2483200,2025/06/05,/kiban/app/api/download/file/616260,北海道大観音
541342,DEM10B,654211,FG-GML-654211-DEM10B-20161001.zip,1857,1901568,2016/10/01,/kiban/app/api/download/file/541342,北海道大観音
614561,DEM1A,654211,FG-GML-654211-DEM1A-20250530.zip,69805,71480320,2025/05/30,/kiban/app/api/download/file/614561,北海道大観音
620384,DEM5A,654211,FG-GML-654211-DEM5A-20250620.zip,3757,3847168,2025/06/20,/kiban/app/api/download/file/620384,北海道大観音
616261,DEM5C,654211,FG-GML-654211-DEM5C-20250605.zip,1209,1238016,2025/06/05,/kiban/app/api/download/file/616261,北海道大観音
541343,DEM10B,654212,FG-GML-654212-DEM10B-20161001.zip,1894,1939456,2016/10/01,/kiban/app/api/download/file/541343,北海道大観音
718564,DEM1A,654212,FG-GML-654212-DEM1A-20260603.zip,63215,64732160,2026/06/03,/kiban/app/api/download/file/718564,北海道大観音
720822,DEM5A,654212,FG-GML-654212-DEM5A-20260603.zip,3392,3473408,2026/06/03,/kiban/app/api/download/file/720822,北海道大観音
616262,DEM5C,654212,FG-GML-654212-DEM5C-20250605.zip,6235,6384640,2025/06/05,/kiban/app/api/download/file/616262,北海道大観音
541345,DEM10B,654214,FG-GML-654214-DEM10B-20161001.zip,1855,1899520,2016/10/01,/kiban/app/api/download/file/541345,十勝岳
718566,DEM1A,654214,FG-GML-654214-DEM1A-20260616.zip,108796,111407104,2026/06/16,/kiban/app/api/download/file/718566,十勝岳
720824,DEM5A,654214,FG-GML-654214-DEM5A-20260616.zip,6201,6349824,2026/06/16,/kiban/app/api/download/file/720824,十勝岳
541346,DEM10B,654215,FG-GML-654215-DEM10B-20161001.zip,2085,2135040,2016/10/01,/kiban/app/api/download/file/541346,十勝岳|トムラウシ山
718567,DEM1A,654215,FG-GML-654215-DEM1A-20260616.zip,145656,149151744,2026/06/16,/kiban/app/api/download/file/718567,十勝岳|トムラウシ山
720825,DEM5A,654215,FG-GML-654215-DEM5A-20260616.zip,8124,8318976,2026/06/16,/kiban/app/api/download/file/720825,十勝岳|トムラウシ山
541347,DEM10B,654216,FG-GML-654216-DEM10B-20161001.zip,2019,2067456,2016/10/01,/kiban/app/api/download/file/541347,十勝岳|トムラウシ山
718568,DEM1A,654216,FG-GML-654216-DEM1A-20260616.zip,12041,12329984,2026/06/16,/kiban/app/api/download/file/718568,十勝岳|トムラウシ山
720826,DEM5A,654216,FG-GML-654216-DEM5A-20260616.zip,2242,2295808,2026/06/16,/kiban/app/api/download/file/720826,十勝岳|トムラウシ山
541348,DEM10B,654217,FG-GML-654217-DEM10B-20161001.zip,2076,2125824,2016/10/01,/kiban/app/api/download/file/541348,トムラウシ山
541349,DEM10B,654220,FG-GML-654220-DEM10B-20161001.zip,1741,1782784,2016/10/01,/kiban/app/api/download/file/541349,北海道大観音
686424,DEM1A,654220,FG-GML-654220-DEM1A-20251107.zip,17352,17768448,2025/11/07,/kiban/app/api/download/file/686424,北海道大観音
687461,DEM5A,654220,FG-GML-654220-DEM5A-20251107.zip,2114,2164736,2025/11/07,/kiban/app/api/download/file/687461,北海道大観音
615665,DEM5B,654220,FG-GML-654220-DEM5B-20250609.zip,3508,3592192,2025/06/09,/kiban/app/api/download/file/615665,北海道大観音
616264,DEM5C,654220,FG-GML-654220-DEM5C-20250605.zip,4147,4246528,2025/06/05,/kiban/app/api/download/file/616264,北海道大観音
541350,DEM10B,654221,FG-GML-654221-DEM10B-20161001.zip,1726,1767424,2016/10/01,/kiban/app/api/download/file/541350,北海道大観音
686425,DEM1A,654221,FG-GML-654221-DEM1A-20251107.zip,109345,111969280,2025/11/07,/kiban/app/api/download/file/686425,北海道大観音
687462,DEM5A,654221,FG-GML-654221-DEM5A-20251107.zip,5880,6021120,2025/11/07,/kiban/app/api/download/file/687462,北海道大観音
616265,DEM5C,654221,FG-GML-654221-DEM5C-20250605.zip,545,558080,2025/06/05,/kiban/app/api/download/file/616265,北海道大観音
541351,DEM10B,654222,FG-GML-654222-DEM10B-20161001.zip,2010,2058240,2016/10/01,/kiban/app/api/download/file/541351,北海道大観音
718569,DEM1A,654222,FG-GML-654222-DEM1A-20260603.zip,105926,108468224,2026/06/03,/kiban/app/api/download/file/718569,北海道大観音
720827,DEM5A,654222,FG-GML-654222-DEM5A-20260603.zip,5420,5550080,2026/06/03,/kiban/app/api/download/file/720827,北海道大観音
616266,DEM5C,654222,FG-GML-654222-DEM5C-20250605.zip,7545,7726080,2025/06/05,/kiban/app/api/download/file/616266,北海道大観音
541354,DEM10B,654225,FG-GML-654225-DEM10B-20161001.zip,1982,2029568,2016/10/01,/kiban/app/api/download/file/541354,十勝岳|トムラウシ山
718572,DEM1A,654225,FG-GML-654225-DEM1A-20260616.zip,126433,129467392,2026/06/16,/kiban/app/api/download/file/718572,十勝岳|トムラウシ山
720830,DEM5A,654225,FG-GML-654225-DEM5A-20260616.zip,6731,6892544,2026/06/16,/kiban/app/api/download/file/720830,十勝岳|トムラウシ山
541355,DEM10B,654226,FG-GML-654226-DEM10B-20161001.zip,2092,2142208,2016/10/01,/kiban/app/api/download/file/541355,大雪山（旭岳）|トムラウシ山
718573,DEM1A,654226,FG-GML-654226-DEM1A-20260616.zip,62270,63764480,2026/06/16,/kiban/app/api/download/file/718573,大雪山（旭岳）|トムラウシ山
720831,DEM5A,654226,FG-GML-654226-DEM5A-20260616.zip,5886,6027264,2026/06/16,/kiban/app/api/download/file/720831,大雪山（旭岳）|トムラウシ山
541356,DEM10B,654227,FG-GML-654227-DEM10B-20161001.zip,1991,2038784,2016/10/01,/kiban/app/api/download/file/541356,大雪山（旭岳）|トムラウシ山
686427,DEM1A,654227,FG-GML-654227-DEM1A-20251107.zip,51687,52927488,2025/11/07,/kiban/app/api/download/file/686427,大雪山（旭岳）|トムラウシ山
687464,DEM5A,654227,FG-GML-654227-DEM5A-20251107.zip,3084,3158016,2025/11/07,/kiban/app/api/download/file/687464,大雪山（旭岳）|トムラウシ山
541357,DEM10B,654230,FG-GML-654230-DEM10B-20161001.zip,1937,1983488,2016/10/01,/kiban/app/api/download/file/541357,北海道大観音
686428,DEM1A,654230,FG-GML-654230-DEM1A-20251107.zip,66630,68229120,2025/11/07,/kiban/app/api/download/file/686428,北海道大観音
687465,DEM5A,654230,FG-GML-654230-DEM5A-20251107.zip,3683,3771392,2025/11/07,/kiban/app/api/download/file/687465,北海道大観音
616269,DEM5C,654230,FG-GML-654230-DEM5C-20250605.zip,8898,9111552,2025/06/05,/kiban/app/api/download/file/616269,北海道大観音
541358,DEM10B,654231,FG-GML-654231-DEM10B-20161001.zip,1903,1948672,2016/10/01,/kiban/app/api/download/file/541358,北海道大観音
686429,DEM1A,654231,FG-GML-654231-DEM1A-20251107.zip,114932,117690368,2025/11/07,/kiban/app/api/download/file/686429,北海道大観音
687466,DEM5A,654231,FG-GML-654231-DEM5A-20251107.zip,6294,6445056,2025/11/07,/kiban/app/api/download/file/687466,北海道大観音
615666,DEM5B,654231,FG-GML-654231-DEM5B-20250609.zip,1745,1786880,2025/06/09,/kiban/app/api/download/file/615666,北海道大観音
616270,DEM5C,654231,FG-GML-654231-DEM5C-20250605.zip,2741,2806784,2025/06/05,/kiban/app/api/download/file/616270,北海道大観音
541359,DEM10B,654232,FG-GML-654232-DEM10B-20161001.zip,2007,2055168,2016/10/01,/kiban/app/api/download/file/541359,北海道大観音
718574,DEM1A,654232,FG-GML-654232-DEM1A-20260603.zip,133463,136666112,2026/06/03,/kiban/app/api/download/file/718574,北海道大観音
720832,DEM5A,654232,FG-GML-654232-DEM5A-20260603.zip,6762,6924288,2026/06/03,/kiban/app/api/download/file/720832,北海道大観音
615667,DEM5B,654232,FG-GML-654232-DEM5B-20250609.zip,3705,3793920,2025/06/09,/kiban/app/api/download/file/615667,北海道大観音
616271,DEM5C,654232,FG-GML-654232-DEM5C-20250605.zip,5551,5684224,2025/06/05,/kiban/app/api/download/file/616271,北海道大観音
541362,DEM10B,654235,FG-GML-654235-DEM10B-20161001.zip,1806,1849344,2016/10/01,/kiban/app/api/download/file/541362,大雪山（旭岳）
718577,DEM1A,654235,FG-GML-654235-DEM1A-20260603.zip,82270,84244480,2026/06/03,/kiban/app/api/download/file/718577,大雪山（旭岳）
720835,DEM5A,654235,FG-GML-654235-DEM5A-20260603.zip,6196,6344704,2026/06/03,/kiban/app/api/download/file/720835,大雪山（旭岳）
541363,DEM10B,654236,FG-GML-654236-DEM10B-20161001.zip,2131,2182144,2016/10/01,/kiban/app/api/download/file/541363,大雪山（旭岳）|トムラウシ山
664771,DEM1A,654236,FG-GML-654236-DEM1A-20250731.zip,8786,8996864,2025/07/31,/kiban/app/api/download/file/664771,大雪山（旭岳）|トムラウシ山
663293,DEM5A,654236,FG-GML-654236-DEM5A-20250731.zip,7222,7395328,2025/07/31,/kiban/app/api/download/file/663293,大雪山（旭岳）|トムラウシ山
541364,DEM10B,654237,FG-GML-654237-DEM10B-20161001.zip,2092,2142208,2016/10/01,/kiban/app/api/download/file/541364,大雪山（旭岳）|トムラウシ山
686431,DEM1A,654237,FG-GML-654237-DEM1A-20251107.zip,104314,106817536,2025/11/07,/kiban/app/api/download/file/686431,大雪山（旭岳）|トムラウシ山
687468,DEM5A,654237,FG-GML-654237-DEM5A-20251107.zip,7018,7186432,2025/11/07,/kiban/app/api/download/file/687468,大雪山（旭岳）|トムラウシ山
541370,DEM10B,654245,FG-GML-654245-DEM10B-20161001.zip,2007,2055168,2016/10/01,/kiban/app/api/download/file/541370,大雪山（旭岳）
718581,DEM1A,654245,FG-GML-654245-DEM1A-20260603.zip,120265,123151360,2026/06/03,/kiban/app/api/download/file/718581,大雪山（旭岳）
720839,DEM5A,654245,FG-GML-654245-DEM5A-20260603.zip,6663,6822912,2026/06/03,/kiban/app/api/download/file/720839,大雪山（旭岳）
541371,DEM10B,654246,FG-GML-654246-DEM10B-20161001.zip,2070,2119680,2016/10/01,/kiban/app/api/download/file/541371,大雪山（旭岳）
686436,DEM1A,654246,FG-GML-654246-DEM1A-20251107.zip,88234,90351616,2025/11/07,/kiban/app/api/download/file/686436,大雪山（旭岳）
687473,DEM5A,654246,FG-GML-654246-DEM5A-20251107.zip,6959,7126016,2025/11/07,/kiban/app/api/download/file/687473,大雪山（旭岳）
541372,DEM10B,654247,FG-GML-654247-DEM10B-20161001.zip,2110,2160640,2016/10/01,/kiban/app/api/download/file/541372,大雪山（旭岳）
718582,DEM1A,654247,FG-GML-654247-DEM1A-20260616.zip,150408,154017792,2026/06/16,/kiban/app/api/download/file/718582,大雪山（旭岳）
720840,DEM5A,654247,FG-GML-654247-DEM5A-20260616.zip,7644,7827456,2026/06/16,/kiban/app/api/download/file/720840,大雪山（旭岳）
541379,DEM10B,654256,FG-GML-654256-DEM10B-20161001.zip,1755,1797120,2016/10/01,/kiban/app/api/download/file/541379,大雪山（旭岳）
718587,DEM1A,654256,FG-GML-654256-DEM1A-20260616.zip,117758,120584192,2026/06/16,/kiban/app/api/download/file/718587,大雪山（旭岳）
720845,DEM5A,654256,FG-GML-654256-DEM5A-20260616.zip,6295,6446080,2026/06/16,/kiban/app/api/download/file/720845,大雪山（旭岳）
541380,DEM10B,654257,FG-GML-654257-DEM10B-20161001.zip,2068,2117632,2016/10/01,/kiban/app/api/download/file/541380,大雪山（旭岳）
718588,DEM1A,654257,FG-GML-654257-DEM1A-20260616.zip,179611,183921664,2026/06/16,/kiban/app/api/download/file/718588,大雪山（旭岳）
720846,DEM5A,654257,FG-GML-654257-DEM5A-20260616.zip,8606,8812544,2026/06/16,/kiban/app/api/download/file/720846,大雪山（旭岳）
537017,DEM10A,654307,FG-GML-654307-DEM10A-20161001.zip,720,737280,2016/10/01,/kiban/app/api/download/file/537017,阿寒岳（雌阿寒岳）
541404,DEM10B,654307,FG-GML-654307-DEM10B-20161001.zip,1953,1999872,2016/10/01,/kiban/app/api/download/file/541404,阿寒岳（雌阿寒岳）
718595,DEM1A,654307,FG-GML-654307-DEM1A-20260603.zip,92704,94928896,2026/06/03,/kiban/app/api/download/file/718595,阿寒岳（雌阿寒岳）
720853,DEM5A,654307,FG-GML-654307-DEM5A-20260603.zip,4890,5007360,2026/06/03,/kiban/app/api/download/file/720853,阿寒岳（雌阿寒岳）
537018,DEM10A,654317,FG-GML-654317-DEM10A-20161001.zip,6,6144,2016/10/01,/kiban/app/api/download/file/537018,阿寒岳（雌阿寒岳）
541412,DEM10B,654317,FG-GML-654317-DEM10B-20161001.zip,1850,1894400,2016/10/01,/kiban/app/api/download/file/541412,阿寒岳（雌阿寒岳）
718596,DEM1A,654317,FG-GML-654317-DEM1A-20260603.zip,17106,17516544,2026/06/03,/kiban/app/api/download/file/718596,阿寒岳（雌阿寒岳）
720854,DEM5A,654317,FG-GML-654317-DEM5A-20260603.zip,1004,1028096,2026/06/03,/kiban/app/api/download/file/720854,阿寒岳（雌阿寒岳）
537019,DEM10A,654400,FG-GML-654400-DEM10A-20161001.zip,723,740352,2016/10/01,/kiban/app/api/download/file/537019,阿寒岳（雌阿寒岳）
541461,DEM10B,654400,FG-GML-654400-DEM10B-20161001.zip,1985,2032640,2016/10/01,/kiban/app/api/download/file/541461,阿寒岳（雌阿寒岳）
718613,DEM1A,654400,FG-GML-654400-DEM1A-20260603.zip,127216,130269184,2026/06/03,/kiban/app/api/download/file/718613,阿寒岳（雌阿寒岳）
720871,DEM5A,654400,FG-GML-654400-DEM5A-20260603.zip,6720,6881280,2026/06/03,/kiban/app/api/download/file/720871,阿寒岳（雌阿寒岳）
541462,DEM10B,654401,FG-GML-654401-DEM10B-20161001.zip,1926,1972224,2016/10/01,/kiban/app/api/download/file/541462,阿寒岳（雌阿寒岳）
718614,DEM1A,654401,FG-GML-654401-DEM1A-20260603.zip,129297,132400128,2026/06/03,/kiban/app/api/download/file/718614,阿寒岳（雌阿寒岳）
720872,DEM5A,654401,FG-GML-654401-DEM5A-20260603.zip,6800,6963200,2026/06/03,/kiban/app/api/download/file/720872,阿寒岳（雌阿寒岳）
537020,DEM10A,654410,FG-GML-654410-DEM10A-20161001.zip,7,7168,2016/10/01,/kiban/app/api/download/file/537020,阿寒岳（雌阿寒岳）
541469,DEM10B,654410,FG-GML-654410-DEM10B-20161001.zip,1587,1625088,2016/10/01,/kiban/app/api/download/file/541469,阿寒岳（雌阿寒岳）
718615,DEM1A,654410,FG-GML-654410-DEM1A-20260603.zip,35519,36371456,2026/06/03,/kiban/app/api/download/file/718615,阿寒岳（雌阿寒岳）
720873,DEM5A,654410,FG-GML-654410-DEM5A-20260603.zip,2089,2139136,2026/06/03,/kiban/app/api/download/file/720873,阿寒岳（雌阿寒岳）
541470,DEM10B,654411,FG-GML-654411-DEM10B-20161001.zip,1826,1869824,2016/10/01,/kiban/app/api/download/file/541470,阿寒岳（雌阿寒岳）
664794,DEM1A,654411,FG-GML-654411-DEM1A-20250731.zip,49967,51166208,2025/07/31,/kiban/app/api/download/file/664794,阿寒岳（雌阿寒岳）
663316,DEM5A,654411,FG-GML-654411-DEM5A-20250731.zip,2654,2717696,2025/07/31,/kiban/app/api/download/file/663316,阿寒岳（雌阿寒岳）
541497,DEM10B,654444,FG-GML-654444-DEM10B-20161001.zip,1819,1862656,2016/10/01,/kiban/app/api/download/file/541497,斜里岳
664808,DEM1A,654444,FG-GML-654444-DEM1A-20250728.zip,203168,208044032,2025/07/28,/kiban/app/api/download/file/664808,斜里岳
663330,DEM5A,654444,FG-GML-654444-DEM5A-20250728.zip,8927,9141248,2025/07/28,/kiban/app/api/download/file/663330,斜里岳
541498,DEM10B,654445,FG-GML-654445-DEM10B-20161001.zip,1907,1952768,2016/10/01,/kiban/app/api/download/file/541498,斜里岳
664809,DEM1A,654445,FG-GML-654445-DEM1A-20250728.zip,208898,213911552,2025/07/28,/kiban/app/api/download/file/664809,斜里岳
663331,DEM5A,654445,FG-GML-654445-DEM5A-20250728.zip,9187,9407488,2025/07/28,/kiban/app/api/download/file/663331,斜里岳
541499,DEM10B,654446,FG-GML-654446-DEM10B-20161001.zip,1950,1996800,2016/10/01,/kiban/app/api/download/file/541499,斜里岳
664810,DEM1A,654446,FG-GML-654446-DEM1A-20250728.zip,218000,223232000,2025/07/28,/kiban/app/api/download/file/664810,斜里岳
663332,DEM5A,654446,FG-GML-654446-DEM5A-20250728.zip,9522,9750528,2025/07/28,/kiban/app/api/download/file/663332,斜里岳
541505,DEM10B,654454,FG-GML-654454-DEM10B-20161001.zip,1383,1416192,2016/10/01,/kiban/app/api/download/file/541505,斜里岳
664816,DEM1A,654454,FG-GML-654454-DEM1A-20250728.zip,169759,173833216,2025/07/28,/kiban/app/api/download/file/664816,斜里岳
663338,DEM5A,654454,FG-GML-654454-DEM5A-20250728.zip,7640,7823360,2025/07/28,/kiban/app/api/download/file/663338,斜里岳
541506,DEM10B,654455,FG-GML-654455-DEM10B-20161001.zip,1883,1928192,2016/10/01,/kiban/app/api/download/file/541506,斜里岳
664817,DEM1A,654455,FG-GML-654455-DEM1A-20250728.zip,198517,203281408,2025/07/28,/kiban/app/api/download/file/664817,斜里岳
663339,DEM5A,654455,FG-GML-654455-DEM5A-20250728.zip,8841,9053184,2025/07/28,/kiban/app/api/download/file/663339,斜里岳
541507,DEM10B,654456,FG-GML-654456-DEM10B-20161001.zip,1951,1997824,2016/10/01,/kiban/app/api/download/file/541507,斜里岳
664818,DEM1A,654456,FG-GML-654456-DEM1A-20250728.zip,217635,222858240,2025/07/28,/kiban/app/api/download/file/664818,斜里岳
663340,DEM5A,654456,FG-GML-654456-DEM5A-20250728.zip,9513,9741312,2025/07/28,/kiban/app/api/download/file/663340,斜里岳
541514,DEM10B,654465,FG-GML-654465-DEM10B-20161001.zip,892,913408,2016/10/01,/kiban/app/api/download/file/541514,斜里岳
664825,DEM1A,654465,FG-GML-654465-DEM1A-20250728.zip,139929,143287296,2025/07/28,/kiban/app/api/download/file/664825,斜里岳
663347,DEM5A,654465,FG-GML-654465-DEM5A-20250728.zip,6540,6696960,2025/07/28,/kiban/app/api/download/file/663347,斜里岳
541515,DEM10B,654466,FG-GML-654466-DEM10B-20161001.zip,1941,1987584,2016/10/01,/kiban/app/api/download/file/541515,斜里岳
664826,DEM1A,654466,FG-GML-654466-DEM1A-20250728.zip,208251,213249024,2025/07/28,/kiban/app/api/download/file/664826,斜里岳
663348,DEM5A,654466,FG-GML-654466-DEM5A-20250728.zip,9178,9398272,2025/07/28,/kiban/app/api/download/file/663348,斜里岳
541770,DEM10B,674151,FG-GML-674151-DEM10B-20161001.zip,907,928768,2016/10/01,/kiban/app/api/download/file/541770,利尻岳
664905,DEM1A,674151,FG-GML-674151-DEM1A-20250731.zip,46002,47106048,2025/07/31,/kiban/app/api/download/file/664905,利尻岳
663427,DEM5A,674151,FG-GML-674151-DEM5A-20250731.zip,2790,2856960,2025/07/31,/kiban/app/api/download/file/663427,利尻岳
730262,DEM5B,674151,FG-GML-674151-DEM5B-20180528.zip,3281,3359744,2018/05/28,/kiban/app/api/download/file/730262,利尻岳
616301,DEM5C,674151,FG-GML-674151-DEM5C-20250605.zip,3875,3968000,2025/06/05,/kiban/app/api/download/file/616301,利尻岳
541771,DEM10B,674152,FG-GML-674152-DEM10B-20161001.zip,709,726016,2016/10/01,/kiban/app/api/download/file/541771,利尻岳
664906,DEM1A,674152,FG-GML-674152-DEM1A-20250731.zip,36166,37033984,2025/07/31,/kiban/app/api/download/file/664906,利尻岳
663428,DEM5A,674152,FG-GML-674152-DEM5A-20250731.zip,2156,2207744,2025/07/31,/kiban/app/api/download/file/663428,利尻岳
730263,DEM5B,674152,FG-GML-674152-DEM5B-20180528.zip,2551,2612224,2018/05/28,/kiban/app/api/download/file/730263,利尻岳
616302,DEM5C,674152,FG-GML-674152-DEM5C-20250605.zip,2975,3046400,2025/06/05,/kiban/app/api/download/file/616302,利尻岳
541776,DEM10B,674161,FG-GML-674161-DEM10B-20161001.zip,1542,1579008,2016/10/01,/kiban/app/api/download/file/541776,利尻岳
664907,DEM1A,674161,FG-GML-674161-DEM1A-20250731.zip,88445,90567680,2025/07/31,/kiban/app/api/download/file/664907,利尻岳
663429,DEM5A,674161,FG-GML-674161-DEM5A-20250731.zip,5018,5138432,2025/07/31,/kiban/app/api/download/file/663429,利尻岳
730264,DEM5B,674161,FG-GML-674161-DEM5B-20180528.zip,5996,6139904,2018/05/28,/kiban/app/api/download/file/730264,利尻岳
616307,DEM5C,674161,FG-GML-674161-DEM5C-20250605.zip,6960,7127040,2025/06/05,/kiban/app/api/download/file/616307,利尻岳
541777,DEM10B,674162,FG-GML-674162-DEM10B-20161001.zip,844,864256,2016/10/01,/kiban/app/api/download/file/541777,利尻岳
664908,DEM1A,674162,FG-GML-674162-DEM1A-20250731.zip,45746,46843904,2025/07/31,/kiban/app/api/download/file/664908,利尻岳
663430,DEM5A,674162,FG-GML-674162-DEM5A-20250731.zip,2596,2658304,2025/07/31,/kiban/app/api/download/file/663430,利尻岳
730265,DEM5B,674162,FG-GML-674162-DEM5B-20180528.zip,3023,3095552,2018/05/28,/kiban/app/api/download/file/730265,利尻岳
616308,DEM5C,674162,FG-GML-674162-DEM5C-20250605.zip,3492,3575808,2025/06/05,/kiban/app/api/download/file/616308,利尻岳
541783,DEM10B,674171,FG-GML-674171-DEM10B-20161001.zip,65,66560,2016/10/01,/kiban/app/api/download/file/541783,利尻岳
664913,DEM1A,674171,FG-GML-674171-DEM1A-20250731.zip,1372,1404928,2025/07/31,/kiban/app/api/download/file/664913,利尻岳
663435,DEM5A,674171,FG-GML-674171-DEM5A-20250731.zip,95,97280,2025/07/31,/kiban/app/api/download/file/663435,利尻岳
730267,DEM5B,674171,FG-GML-674171-DEM5B-20180528.zip,107,109568,2018/05/28,/kiban/app/api/download/file/730267,利尻岳
616314,DEM5C,674171,FG-GML-674171-DEM5C-20250605.zip,129,132096,2025/06/05,/kiban/app/api/download/file/616314,利尻岳
