id,typeCode,meshCode,fileName,sizeKiB,estimatedBytes,updateDate,downloadPath,landmarks
537094,DEM10B,392725,FG-GML-392725-DEM10B-20161001.zip,1022,1046528,2016/10/01,/kiban/app/api/download/file/537094,首里城|リュークスタワー（那覇）
611497,DEM1A,392725,FG-GML-392725-DEM1A-20250423.zip,119345,122209280,2025/04/23,/kiban/app/api/download/file/611497,首里城|リュークスタワー（那覇）
616337,DEM5A,392725,FG-GML-392725-DEM5A-20250620.zip,5590,5724160,2025/06/20,/kiban/app/api/download/file/616337,首里城|リュークスタワー（那覇）
614816,DEM5B,392725,FG-GML-392725-DEM5B-20250609.zip,598,612352,2025/06/09,/kiban/app/api/download/file/614816,首里城|リュークスタワー（那覇）
537101,DEM10B,392736,FG-GML-392736-DEM10B-20161001.zip,807,826368,2016/10/01,/kiban/app/api/download/file/537101,中城城跡
611501,DEM1A,392736,FG-GML-392736-DEM1A-20250423.zip,89896,92053504,2025/04/23,/kiban/app/api/download/file/611501,中城城跡
616341,DEM5A,392736,FG-GML-392736-DEM5A-20250620.zip,4174,4274176,2025/06/20,/kiban/app/api/download/file/616341,中城城跡
614819,DEM5B,392736,FG-GML-392736-DEM5B-20250609.zip,1008,1032192,2025/06/09,/kiban/app/api/download/file/614819,中城城跡
537116,DEM10B,392777,FG-GML-392777-DEM10B-20161001.zip,1288,1318912,2016/10/01,/kiban/app/api/download/file/537116,今帰仁城跡
611512,DEM1A,392777,FG-GML-392777-DEM1A-20250423.zip,144812,148287488,2025/04/23,/kiban/app/api/download/file/611512,今帰仁城跡
616352,DEM5A,392777,FG-GML-392777-DEM5A-20250620.zip,6284,6434816,2025/06/20,/kiban/app/api/download/file/616352,今帰仁城跡
537129,DEM10B,402707,FG-GML-402707-DEM10B-20161001.zip,670,686080,2016/10/01,/kiban/app/api/download/file/537129,今帰仁城跡
611522,DEM1A,402707,FG-GML-402707-DEM1A-20250423.zip,73553,75318272,2025/04/23,/kiban/app/api/download/file/611522,今帰仁城跡
616362,DEM5A,402707,FG-GML-402707-DEM5A-20250620.zip,3244,3321856,2025/06/20,/kiban/app/api/download/file/616362,今帰仁城跡
537217,DEM10B,453033,FG-GML-453033-DEM10B-20161001.zip,1630,1669120,2016/10/01,/kiban/app/api/download/file/537217,宮之浦岳（屋久島）
717618,DEM1A,453033,FG-GML-453033-DEM1A-20260522.zip,118466,121309184,2026/05/22,/kiban/app/api/download/file/717618,宮之浦岳（屋久島）
719876,DEM5A,453033,FG-GML-453033-DEM5A-20260522.zip,5538,5670912,2026/05/22,/kiban/app/api/download/file/719876,宮之浦岳（屋久島）
537218,DEM10B,453034,FG-GML-453034-DEM10B-20161001.zip,2130,2181120,2016/10/01,/kiban/app/api/download/file/537218,宮之浦岳（屋久島）
717619,DEM1A,453034,FG-GML-453034-DEM1A-20260522.zip,160611,164465664,2026/05/22,/kiban/app/api/download/file/717619,宮之浦岳（屋久島）
719877,DEM5A,453034,FG-GML-453034-DEM5A-20260522.zip,7482,7661568,2026/05/22,/kiban/app/api/download/file/719877,宮之浦岳（屋久島）
537220,DEM10B,453043,FG-GML-453043-DEM10B-20161001.zip,1885,1930240,2016/10/01,/kiban/app/api/download/file/537220,宮之浦岳（屋久島）
717621,DEM1A,453043,FG-GML-453043-DEM1A-20260522.zip,145671,149167104,2026/05/22,/kiban/app/api/download/file/717621,宮之浦岳（屋久島）
719879,DEM5A,453043,FG-GML-453043-DEM5A-20260522.zip,6716,6877184,2026/05/22,/kiban/app/api/download/file/719879,宮之浦岳（屋久島）
537221,DEM10B,453044,FG-GML-453044-DEM10B-20161001.zip,2080,2129920,2016/10/01,/kiban/app/api/download/file/537221,宮之浦岳（屋久島）
717622,DEM1A,453044,FG-GML-453044-DEM1A-20260522.zip,161574,165451776,2026/05/22,/kiban/app/api/download/file/717622,宮之浦岳（屋久島）
719880,DEM5A,453044,FG-GML-453044-DEM5A-20260522.zip,7477,7656448,2026/05/22,/kiban/app/api/download/file/719880,宮之浦岳（屋久島）
537253,DEM10B,463054,FG-GML-463054-DEM10B-20161001.zip,66,67584,2016/10/01,/kiban/app/api/download/file/537253,開聞岳
611532,DEM1A,463054,FG-GML-463054-DEM1A-20250424.zip,2653,2716672,2025/04/24,/kiban/app/api/download/file/611532,開聞岳
616402,DEM5A,463054,FG-GML-463054-DEM5A-20250620.zip,129,132096,2025/06/20,/kiban/app/api/download/file/616402,開聞岳
614838,DEM5B,463054,FG-GML-463054-DEM5B-20250609.zip,39,39936,2025/06/09,/kiban/app/api/download/file/614838,開聞岳
537259,DEM10B,463063,FG-GML-463063-DEM10B-20161001.zip,108,110592,2016/10/01,/kiban/app/api/download/file/537259,開聞岳
611535,DEM1A,463063,FG-GML-463063-DEM1A-20250424.zip,7227,7400448,2025/04/24,/kiban/app/api/download/file/611535,開聞岳
616408,DEM5A,463063,FG-GML-463063-DEM5A-20250620.zip,352,360448,2025/06/20,/kiban/app/api/download/file/616408,開聞岳
537260,DEM10B,463064,FG-GML-463064-DEM10B-20161001.zip,1370,1402880,2016/10/01,/kiban/app/api/download/file/537260,開聞岳
611536,DEM1A,463064,FG-GML-463064-DEM1A-20250424.zip,147915,151464960,2025/04/24,/kiban/app/api/download/file/611536,開聞岳
616409,DEM5A,463064,FG-GML-463064-DEM5A-20250620.zip,6604,6762496,2025/06/20,/kiban/app/api/download/file/616409,開聞岳
614839,DEM5B,463064,FG-GML-463064-DEM5B-20250609.zip,963,986112,2025/06/09,/kiban/app/api/download/file/614839,開聞岳
537289,DEM10B,473003,FG-GML-473003-DEM10B-20161001.zip,1702,1742848,2016/10/01,/kiban/app/api/download/file/537289,知覧城跡
611546,DEM1A,473003,FG-GML-473003-DEM1A-20250424.zip,27460,28119040,2025/04/24,/kiban/app/api/download/file/611546,知覧城跡
616429,DEM5A,473003,FG-GML-473003-DEM5A-20250620.zip,8381,8582144,2025/06/20,/kiban/app/api/download/file/616429,知覧城跡
537304,DEM10B,473024,FG-GML-473024-DEM10B-20161001.zip,536,548864,2016/10/01,/kiban/app/api/download/file/537304,鹿児島城跡（鶴丸城）|アミュラン
611555,DEM1A,473024,FG-GML-473024-DEM1A-20250424.zip,9104,9322496,2025/04/24,/kiban/app/api/download/file/611555,鹿児島城跡（鶴丸城）|アミュラン
616443,DEM5A,473024,FG-GML-473024-DEM5A-20250620.zip,2198,2250752,2025/06/20,/kiban/app/api/download/file/616443,鹿児島城跡（鶴丸城）|アミュラン
614852,DEM5B,473024,FG-GML-473024-DEM5B-20250609.zip,229,234496,2025/06/09,/kiban/app/api/download/file/614852,鹿児島城跡（鶴丸城）|アミュラン
537310,DEM10B,473034,FG-GML-473034-DEM10B-20161001.zip,1361,1393664,2016/10/01,/kiban/app/api/download/file/537310,鹿児島城跡（鶴丸城）|アミュラン
611561,DEM1A,473034,FG-GML-473034-DEM1A-20250424.zip,14352,14696448,2025/04/24,/kiban/app/api/download/file/611561,鹿児島城跡（鶴丸城）|アミュラン
616449,DEM5A,473034,FG-GML-473034-DEM5A-20250620.zip,5393,5522432,2025/06/20,/kiban/app/api/download/file/616449,鹿児島城跡（鶴丸城）|アミュラン
614855,DEM5B,473034,FG-GML-473034-DEM5B-20250609.zip,204,208896,2025/06/09,/kiban/app/api/download/file/614855,鹿児島城跡（鶴丸城）|アミュラン
536929,DEM10A,473066,FG-GML-473066-DEM10A-20161001.zip,524,536576,2016/10/01,/kiban/app/api/download/file/536929,霧島山（韓国岳）
537334,DEM10B,473066,FG-GML-473066-DEM10B-20161001.zip,1964,2011136,2016/10/01,/kiban/app/api/download/file/537334,霧島山（韓国岳）
611583,DEM1A,473066,FG-GML-473066-DEM1A-20250424.zip,99655,102046720,2025/04/24,/kiban/app/api/download/file/611583,霧島山（韓国岳）
616472,DEM5A,473066,FG-GML-473066-DEM5A-20250620.zip,8987,9202688,2025/06/20,/kiban/app/api/download/file/616472,霧島山（韓国岳）
536930,DEM10A,473067,FG-GML-473067-DEM10A-20161001.zip,687,703488,2016/10/01,/kiban/app/api/download/file/536930,霧島山（高千穂峰）|霧島山（韓国岳）
537335,DEM10B,473067,FG-GML-473067-DEM10B-20161001.zip,1976,2023424,2016/10/01,/kiban/app/api/download/file/537335,霧島山（高千穂峰）|霧島山（韓国岳）
611584,DEM1A,473067,FG-GML-473067-DEM1A-20250424.zip,207369,212345856,2025/04/24,/kiban/app/api/download/file/611584,霧島山（高千穂峰）|霧島山（韓国岳）
616473,DEM5A,473067,FG-GML-473067-DEM5A-20250620.zip,8726,8935424,2025/06/20,/kiban/app/api/download/file/616473,霧島山（高千穂峰）|霧島山（韓国岳）
536931,DEM10A,473076,FG-GML-473076-DEM10A-20161001.zip,760,778240,2016/10/01,/kiban/app/api/download/file/536931,霧島山（韓国岳）
537341,DEM10B,473076,FG-GML-473076-DEM10B-20161001.zip,2039,2087936,2016/10/01,/kiban/app/api/download/file/537341,霧島山（韓国岳）
611589,DEM1A,473076,FG-GML-473076-DEM1A-20250424.zip,212386,217483264,2025/04/24,/kiban/app/api/download/file/611589,霧島山（韓国岳）
616479,DEM5A,473076,FG-GML-473076-DEM5A-20250620.zip,9215,9436160,2025/06/20,/kiban/app/api/download/file/616479,霧島山（韓国岳）
536932,DEM10A,473077,FG-GML-473077-DEM10A-20161001.zip,667,683008,2016/10/01,/kiban/app/api/download/file/536932,霧島山（韓国岳）
537342,DEM10B,473077,FG-GML-473077-DEM10B-20161001.zip,1906,1951744,2016/10/01,/kiban/app/api/download/file/537342,霧島山（韓国岳）
663482,DEM1A,473077,FG-GML-473077-DEM1A-20250718.zip,194227,198888448,2025/07/18,/kiban/app/api/download/file/663482,霧島山（韓国岳）
662004,DEM5A,473077,FG-GML-473077-DEM5A-20250718.zip,7580,7761920,2025/07/18,/kiban/app/api/download/file/662004,霧島山（韓国岳）
537356,DEM10B,473132,FG-GML-473132-DEM10B-20161001.zip,1853,1897472,2016/10/01,/kiban/app/api/download/file/537356,飫肥城跡
717660,DEM1A,473132,FG-GML-473132-DEM1A-20260603.zip,180964,185307136,2026/06/03,/kiban/app/api/download/file/717660,飫肥城跡
719918,DEM5A,473132,FG-GML-473132-DEM5A-20260603.zip,8570,8775680,2026/06/03,/kiban/app/api/download/file/719918,飫肥城跡
537357,DEM10B,473133,FG-GML-473133-DEM10B-20161001.zip,957,979968,2016/10/01,/kiban/app/api/download/file/537357,飫肥城跡
717661,DEM1A,473133,FG-GML-473133-DEM1A-20260522.zip,86747,88828928,2026/05/22,/kiban/app/api/download/file/717661,飫肥城跡
719919,DEM5A,473133,FG-GML-473133-DEM5A-20260522.zip,4676,4788224,2026/05/22,/kiban/app/api/download/file/719919,飫肥城跡
537373,DEM10B,473173,FG-GML-473173-DEM10B-20161001.zip,769,787456,2016/10/01,/kiban/app/api/download/file/537373,シェラトン・グランデ・オーシャンリゾート
611611,DEM1A,473173,FG-GML-473173-DEM1A-20250609.zip,1438,1472512,2025/06/09,/kiban/app/api/download/file/611611,シェラトン・グランデ・オーシャンリゾート
616511,DEM5A,473173,FG-GML-473173-DEM5A-20250620.zip,5329,5456896,2025/06/20,/kiban/app/api/download/file/616511,シェラトン・グランデ・オーシャンリゾート
614874,DEM5B,473173,FG-GML-473173-DEM5B-20250609.zip,6,6144,2025/06/09,/kiban/app/api/download/file/614874,シェラトン・グランデ・オーシャンリゾート
537415,DEM10B,483025,FG-GML-483025-DEM10B-20161001.zip,1882,1927168,2016/10/01,/kiban/app/api/download/file/537415,人吉城跡
611648,DEM1A,483025,FG-GML-483025-DEM1A-20250515.zip,213072,218185728,2025/05/15,/kiban/app/api/download/file/611648,人吉城跡
616548,DEM5A,483025,FG-GML-483025-DEM5A-20250620.zip,6903,7068672,2025/06/20,/kiban/app/api/download/file/616548,人吉城跡
729213,DEM5C,483025,FG-GML-483025-DEM5C-20200117.zip,915,936960,2020/01/17,/kiban/app/api/download/file/729213,人吉城跡
537416,DEM10B,483026,FG-GML-483026-DEM10B-20161001.zip,1421,1455104,2016/10/01,/kiban/app/api/download/file/537416,人吉城跡
611649,DEM1A,483026,FG-GML-483026-DEM1A-20250515.zip,165513,169485312,2025/05/15,/kiban/app/api/download/file/611649,人吉城跡
616549,DEM5A,483026,FG-GML-483026-DEM5A-20250620.zip,4782,4896768,2025/06/20,/kiban/app/api/download/file/616549,人吉城跡
537495,DEM10B,483165,FG-GML-483165-DEM10B-20161001.zip,801,820224,2016/10/01,/kiban/app/api/download/file/537495,延岡城跡
616626,DEM5A,483165,FG-GML-483165-DEM5A-20250620.zip,4284,4386816,2025/06/20,/kiban/app/api/download/file/616626,延岡城跡
614883,DEM5B,483165,FG-GML-483165-DEM5B-20250609.zip,365,373760,2025/06/09,/kiban/app/api/download/file/614883,延岡城跡
537501,DEM10B,483175,FG-GML-483175-DEM10B-20161001.zip,1597,1635328,2016/10/01,/kiban/app/api/download/file/537501,延岡城跡
616632,DEM5A,483175,FG-GML-483175-DEM5A-20250620.zip,8319,8518656,2025/06/20,/kiban/app/api/download/file/616632,延岡城跡
614884,DEM5B,483175,FG-GML-483175-DEM5B-20250609.zip,165,168960,2025/06/09,/kiban/app/api/download/file/614884,延岡城跡
537542,DEM10B,492946,FG-GML-492946-DEM10B-20161001.zip,588,602112,2016/10/01,/kiban/app/api/download/file/537542,ハウステンボス
611742,DEM1A,492946,FG-GML-492946-DEM1A-20250609.zip,49605,50795520,2025/06/09,/kiban/app/api/download/file/611742,ハウステンボス
616671,DEM5A,492946,FG-GML-492946-DEM5A-20250620.zip,2444,2502656,2025/06/20,/kiban/app/api/download/file/616671,ハウステンボス
537549,DEM10B,492956,FG-GML-492956-DEM10B-20161001.zip,1645,1684480,2016/10/01,/kiban/app/api/download/file/537549,ハウステンボス
611749,DEM1A,492956,FG-GML-492956-DEM1A-20250609.zip,168323,172362752,2025/06/09,/kiban/app/api/download/file/611749,ハウステンボス
616678,DEM5A,492956,FG-GML-492956-DEM5A-20250620.zip,7560,7741440,2025/06/20,/kiban/app/api/download/file/616678,ハウステンボス
536935,DEM10A,493012,FG-GML-493012-DEM10A-20161001.zip,1207,1235968,2016/10/01,/kiban/app/api/download/file/536935,島原城
537576,DEM10B,493012,FG-GML-493012-DEM10B-20161001.zip,1850,1894400,2016/10/01,/kiban/app/api/download/file/537576,島原城
685469,DEM1A,493012,FG-GML-493012-DEM1A-20251208.zip,113573,116298752,2025/12/08,/kiban/app/api/download/file/685469,島原城
686505,DEM5A,493012,FG-GML-493012-DEM5A-20251208.zip,6089,6235136,2025/12/08,/kiban/app/api/download/file/686505,島原城
536936,DEM10A,493013,FG-GML-493013-DEM10A-20161001.zip,40,40960,2016/10/01,/kiban/app/api/download/file/536936,島原城
537577,DEM10B,493013,FG-GML-493013-DEM10B-20161001.zip,52,53248,2016/10/01,/kiban/app/api/download/file/537577,島原城
685470,DEM1A,493013,FG-GML-493013-DEM1A-20251208.zip,759,777216,2025/12/08,/kiban/app/api/download/file/685470,島原城
686506,DEM5A,493013,FG-GML-493013-DEM5A-20251208.zip,53,54272,2025/12/08,/kiban/app/api/download/file/686506,島原城
537579,DEM10B,493015,FG-GML-493015-DEM10B-20161001.zip,925,947200,2016/10/01,/kiban/app/api/download/file/537579,熊本城
663516,DEM1A,493015,FG-GML-493015-DEM1A-20250908.zip,71949,73675776,2025/09/08,/kiban/app/api/download/file/663516,熊本城
662038,DEM5A,493015,FG-GML-493015-DEM5A-20250908.zip,4228,4329472,2025/09/08,/kiban/app/api/download/file/662038,熊本城
614905,DEM5B,493015,FG-GML-493015-DEM5B-20250609.zip,2838,2906112,2025/06/09,/kiban/app/api/download/file/614905,熊本城
537615,DEM10B,493062,FG-GML-493062-DEM10B-20161001.zip,178,182272,2016/10/01,/kiban/app/api/download/file/537615,佐賀城
611807,DEM1A,493062,FG-GML-493062-DEM1A-20250515.zip,74161,75940864,2025/05/15,/kiban/app/api/download/file/611807,佐賀城
616742,DEM5A,493062,FG-GML-493062-DEM5A-20250620.zip,4043,4140032,2025/06/20,/kiban/app/api/download/file/616742,佐賀城
729276,DEM5B,493062,FG-GML-493062-DEM5B-20091001.zip,3889,3982336,2009/10/01,/kiban/app/api/download/file/729276,佐賀城
537623,DEM10B,493072,FG-GML-493072-DEM10B-20161001.zip,428,438272,2016/10/01,/kiban/app/api/download/file/537623,佐賀城
611815,DEM1A,493072,FG-GML-493072-DEM1A-20250515.zip,99162,101541888,2025/05/15,/kiban/app/api/download/file/611815,佐賀城
616750,DEM5A,493072,FG-GML-493072-DEM5A-20250620.zip,5099,5221376,2025/06/20,/kiban/app/api/download/file/616750,佐賀城
729278,DEM5B,493072,FG-GML-493072-DEM5B-20091001.zip,4841,4957184,2009/10/01,/kiban/app/api/download/file/729278,佐賀城
537639,DEM10B,493112,FG-GML-493112-DEM10B-20161001.zip,2114,2164736,2016/10/01,/kiban/app/api/download/file/537639,祖母山
685484,DEM1A,493112,FG-GML-493112-DEM1A-20251208.zip,13035,13347840,2025/12/08,/kiban/app/api/download/file/685484,祖母山
686520,DEM5A,493112,FG-GML-493112-DEM5A-20251208.zip,8859,9071616,2025/12/08,/kiban/app/api/download/file/686520,祖母山
537640,DEM10B,493113,FG-GML-493113-DEM10B-20161001.zip,2198,2250752,2016/10/01,/kiban/app/api/download/file/537640,祖母山
663531,DEM1A,493113,FG-GML-493113-DEM1A-20250908.zip,27023,27671552,2025/09/08,/kiban/app/api/download/file/663531,祖母山
662053,DEM5A,493113,FG-GML-493113-DEM5A-20250908.zip,10017,10257408,2025/09/08,/kiban/app/api/download/file/662053,祖母山
536937,DEM10A,493120,FG-GML-493120-DEM10A-20161001.zip,327,334848,2016/10/01,/kiban/app/api/download/file/536937,阿蘇山
537645,DEM10B,493120,FG-GML-493120-DEM10B-20161001.zip,1986,2033664,2016/10/01,/kiban/app/api/download/file/537645,阿蘇山
685485,DEM1A,493120,FG-GML-493120-DEM1A-20251208.zip,171167,175275008,2025/12/08,/kiban/app/api/download/file/685485,阿蘇山
686521,DEM5A,493120,FG-GML-493120-DEM5A-20251208.zip,8004,8196096,2025/12/08,/kiban/app/api/download/file/686521,阿蘇山
537646,DEM10B,493121,FG-GML-493121-DEM10B-20161001.zip,1831,1874944,2016/10/01,/kiban/app/api/download/file/537646,阿蘇山
685486,DEM1A,493121,FG-GML-493121-DEM1A-20251208.zip,42342,43358208,2025/12/08,/kiban/app/api/download/file/685486,阿蘇山
686522,DEM5A,493121,FG-GML-493121-DEM5A-20251208.zip,6421,6575104,2025/12/08,/kiban/app/api/download/file/686522,阿蘇山
537647,DEM10B,493122,FG-GML-493122-DEM10B-20161001.zip,1942,1988608,2016/10/01,/kiban/app/api/download/file/537647,祖母山
685487,DEM1A,493122,FG-GML-493122-DEM1A-20251208.zip,125453,128463872,2025/12/08,/kiban/app/api/download/file/685487,祖母山
686523,DEM5A,493122,FG-GML-493122-DEM5A-20251208.zip,7506,7686144,2025/12/08,/kiban/app/api/download/file/686523,祖母山
537648,DEM10B,493123,FG-GML-493123-DEM10B-20161001.zip,2098,2148352,2016/10/01,/kiban/app/api/download/file/537648,祖母山
685488,DEM1A,493123,FG-GML-493123-DEM1A-20251208.zip,162716,166621184,2025/12/08,/kiban/app/api/download/file/685488,祖母山
686524,DEM5A,493123,FG-GML-493123-DEM5A-20251208.zip,7623,7805952,2025/12/08,/kiban/app/api/download/file/686524,祖母山
536938,DEM10A,493141,FG-GML-493141-DEM10A-20161001.zip,244,249856,2016/10/01,/kiban/app/api/download/file/536938,九重山（久住山）
537662,DEM10B,493141,FG-GML-493141-DEM10B-20161001.zip,1862,1906688,2016/10/01,/kiban/app/api/download/file/537662,九重山（久住山）
685496,DEM1A,493141,FG-GML-493141-DEM1A-20251208.zip,83074,85067776,2025/12/08,/kiban/app/api/download/file/685496,九重山（久住山）
686532,DEM5A,493141,FG-GML-493141-DEM5A-20251208.zip,6613,6771712,2025/12/08,/kiban/app/api/download/file/686532,九重山（久住山）
536939,DEM10A,493142,FG-GML-493142-DEM10A-20161001.zip,346,354304,2016/10/01,/kiban/app/api/download/file/536939,九重山（久住山）
537663,DEM10B,493142,FG-GML-493142-DEM10B-20161001.zip,1861,1905664,2016/10/01,/kiban/app/api/download/file/537663,九重山（久住山）
611828,DEM1A,493142,FG-GML-493142-DEM1A-20250515.zip,116726,119527424,2025/05/15,/kiban/app/api/download/file/611828,九重山（久住山）
616790,DEM5A,493142,FG-GML-493142-DEM5A-20250620.zip,6090,6236160,2025/06/20,/kiban/app/api/download/file/616790,九重山（久住山）
536940,DEM10A,493151,FG-GML-493151-DEM10A-20161001.zip,550,563200,2016/10/01,/kiban/app/api/download/file/536940,九重山（久住山）
537670,DEM10B,493151,FG-GML-493151-DEM10B-20161001.zip,1997,2044928,2016/10/01,/kiban/app/api/download/file/537670,九重山（久住山）
611833,DEM1A,493151,FG-GML-493151-DEM1A-20250515.zip,214340,219484160,2025/05/15,/kiban/app/api/download/file/611833,九重山（久住山）
616797,DEM5A,493151,FG-GML-493151-DEM5A-20250620.zip,8527,8731648,2025/06/20,/kiban/app/api/download/file/616797,九重山（久住山）
536941,DEM10A,493152,FG-GML-493152-DEM10A-20161001.zip,797,816128,2016/10/01,/kiban/app/api/download/file/536941,九重山（久住山）
537671,DEM10B,493152,FG-GML-493152-DEM10B-20161001.zip,2091,2141184,2016/10/01,/kiban/app/api/download/file/537671,九重山（久住山）
611834,DEM1A,493152,FG-GML-493152-DEM1A-20250515.zip,82240,84213760,2025/05/15,/kiban/app/api/download/file/611834,九重山（久住山）
616798,DEM5A,493152,FG-GML-493152-DEM5A-20250620.zip,7405,7582720,2025/06/20,/kiban/app/api/download/file/616798,九重山（久住山）
537681,DEM10B,493164,FG-GML-493164-DEM10B-20161001.zip,1386,1419264,2016/10/01,/kiban/app/api/download/file/537681,大分府内城跡
717705,DEM1A,493164,FG-GML-493164-DEM1A-20260522.zip,61846,63330304,2026/05/22,/kiban/app/api/download/file/717705,大分府内城跡
719963,DEM5A,493164,FG-GML-493164-DEM5A-20260522.zip,6923,7089152,2026/05/22,/kiban/app/api/download/file/719963,大分府内城跡
729288,DEM5B,493164,FG-GML-493164-DEM5B-20080331.zip,5240,5365760,2008/03/31,/kiban/app/api/download/file/729288,大分府内城跡
537682,DEM10B,493165,FG-GML-493165-DEM10B-20161001.zip,1297,1328128,2016/10/01,/kiban/app/api/download/file/537682,大分府内城跡
717706,DEM1A,493165,FG-GML-493165-DEM1A-20260522.zip,136149,139416576,2026/05/22,/kiban/app/api/download/file/717706,大分府内城跡
719964,DEM5A,493165,FG-GML-493165-DEM5A-20260522.zip,7509,7689216,2026/05/22,/kiban/app/api/download/file/719964,大分府内城跡
729289,DEM5B,493165,FG-GML-493165-DEM5B-20080331.zip,7591,7773184,2008/03/31,/kiban/app/api/download/file/729289,大分府内城跡
536943,DEM10A,493173,FG-GML-493173-DEM10A-20161001.zip,1734,1775616,2016/10/01,/kiban/app/api/download/file/536943,別府タワー
537688,DEM10B,493173,FG-GML-493173-DEM10B-20161001.zip,2033,2081792,2016/10/01,/kiban/app/api/download/file/537688,別府タワー
611844,DEM1A,493173,FG-GML-493173-DEM1A-20250515.zip,60241,61686784,2025/05/15,/kiban/app/api/download/file/611844,別府タワー
616815,DEM5A,493173,FG-GML-493173-DEM5A-20250620.zip,7035,7203840,2025/06/20,/kiban/app/api/download/file/616815,別府タワー
614923,DEM5B,493173,FG-GML-493173-DEM5B-20250609.zip,378,387072,2025/06/09,/kiban/app/api/download/file/614923,別府タワー
537689,DEM10B,493174,FG-GML-493174-DEM10B-20161001.zip,239,244736,2016/10/01,/kiban/app/api/download/file/537689,大分府内城跡|別府タワー
611845,DEM1A,493174,FG-GML-493174-DEM1A-20250515.zip,1180,1208320,2025/05/15,/kiban/app/api/download/file/611845,大分府内城跡|別府タワー
616816,DEM5A,493174,FG-GML-493174-DEM5A-20250620.zip,952,974848,2025/06/20,/kiban/app/api/download/file/616816,大分府内城跡|別府タワー
729292,DEM5B,493174,FG-GML-493174-DEM5B-20080331.zip,142,145408,2008/03/31,/kiban/app/api/download/file/729292,大分府内城跡|別府タワー
537690,DEM10B,493175,FG-GML-493175-DEM10B-20161001.zip,85,87040,2016/10/01,/kiban/app/api/download/file/537690,大分府内城跡
717709,DEM1A,493175,FG-GML-493175-DEM1A-20260522.zip,13619,13945856,2026/05/22,/kiban/app/api/download/file/717709,大分府内城跡
719967,DEM5A,493175,FG-GML-493175-DEM5A-20260522.zip,1071,1096704,2026/05/22,/kiban/app/api/download/file/719967,大分府内城跡
729293,DEM5B,493175,FG-GML-493175-DEM5B-20080331.zip,1082,1107968,2008/03/31,/kiban/app/api/download/file/729293,大分府内城跡
537731,DEM10B,493264,FG-GML-493264-DEM10B-20161001.zip,1730,1771520,2016/10/01,/kiban/app/api/download/file/537731,宇和島城
611874,DEM1A,493264,FG-GML-493264-DEM1A-20250515.zip,192715,197340160,2025/05/15,/kiban/app/api/download/file/611874,宇和島城
616858,DEM5A,493264,FG-GML-493264-DEM5A-20250620.zip,6192,6340608,2025/06/20,/kiban/app/api/download/file/616858,宇和島城
614941,DEM5B,493264,FG-GML-493264-DEM5B-20250609.zip,453,463872,2025/06/09,/kiban/app/api/download/file/614941,宇和島城
615839,DEM5C,493264,FG-GML-493264-DEM5C-20250605.zip,98,100352,2025/06/05,/kiban/app/api/download/file/615839,宇和島城
537761,DEM10B,502904,FG-GML-502904-DEM10B-20161001.zip,895,916480,2016/10/01,/kiban/app/api/download/file/537761,平戸城
611905,DEM1A,502904,FG-GML-502904-DEM1A-20250609.zip,56164,57511936,2025/06/09,/kiban/app/api/download/file/611905,平戸城
616888,DEM5A,502904,FG-GML-502904-DEM5A-20250620.zip,3110,3184640,2025/06/20,/kiban/app/api/download/file/616888,平戸城
614947,DEM5B,502904,FG-GML-502904-DEM5B-20250609.zip,13,13312,2025/06/09,/kiban/app/api/download/file/614947,平戸城
537769,DEM10B,502917,FG-GML-502917-DEM10B-20161001.zip,1312,1343488,2016/10/01,/kiban/app/api/download/file/537769,唐津城
611913,DEM1A,502917,FG-GML-502917-DEM1A-20250609.zip,148723,152292352,2025/06/09,/kiban/app/api/download/file/611913,唐津城
616896,DEM5A,502917,FG-GML-502917-DEM5A-20250620.zip,6507,6663168,2025/06/20,/kiban/app/api/download/file/616896,唐津城
615847,DEM5C,502917,FG-GML-502917-DEM5C-20250605.zip,87,89088,2025/06/05,/kiban/app/api/download/file/615847,唐津城
537793,DEM10B,503010,FG-GML-503010-DEM10B-20161001.zip,1435,1469440,2016/10/01,/kiban/app/api/download/file/537793,唐津城
611935,DEM1A,503010,FG-GML-503010-DEM1A-20250515.zip,158832,162643968,2025/05/15,/kiban/app/api/download/file/611935,唐津城
616918,DEM5A,503010,FG-GML-503010-DEM5A-20250620.zip,6344,6496256,2025/06/20,/kiban/app/api/download/file/616918,唐津城
537803,DEM10B,503022,FG-GML-503022-DEM10B-20161001.zip,1464,1499136,2016/10/01,/kiban/app/api/download/file/537803,福岡城跡|福岡タワー
611945,DEM1A,503022,FG-GML-503022-DEM1A-20250515.zip,53779,55069696,2025/05/15,/kiban/app/api/download/file/611945,福岡城跡|福岡タワー
616928,DEM5A,503022,FG-GML-503022-DEM5A-20250620.zip,7060,7229440,2025/06/20,/kiban/app/api/download/file/616928,福岡城跡|福岡タワー
614951,DEM5B,503022,FG-GML-503022-DEM5B-20250609.zip,104,106496,2025/06/09,/kiban/app/api/download/file/614951,福岡城跡|福岡タワー
537804,DEM10B,503023,FG-GML-503023-DEM10B-20161001.zip,1139,1166336,2016/10/01,/kiban/app/api/download/file/537804,福岡城跡|福岡タワー
685525,DEM1A,503023,FG-GML-503023-DEM1A-20251208.zip,110240,112885760,2025/12/08,/kiban/app/api/download/file/685525,福岡城跡|福岡タワー
686561,DEM5A,503023,FG-GML-503023-DEM5A-20251208.zip,6217,6366208,2025/12/08,/kiban/app/api/download/file/686561,福岡城跡|福岡タワー
614952,DEM5B,503023,FG-GML-503023-DEM5B-20250609.zip,136,139264,2025/06/09,/kiban/app/api/download/file/614952,福岡城跡|福岡タワー
537811,DEM10B,503032,FG-GML-503032-DEM10B-20161001.zip,295,302080,2016/10/01,/kiban/app/api/download/file/537811,福岡城跡|福岡タワー
611953,DEM1A,503032,FG-GML-503032-DEM1A-20250515.zip,35154,35997696,2025/05/15,/kiban/app/api/download/file/611953,福岡城跡|福岡タワー
616936,DEM5A,503032,FG-GML-503032-DEM5A-20250620.zip,1049,1074176,2025/06/20,/kiban/app/api/download/file/616936,福岡城跡|福岡タワー
614955,DEM5B,503032,FG-GML-503032-DEM5B-20250609.zip,1125,1152000,2025/06/09,/kiban/app/api/download/file/614955,福岡城跡|福岡タワー
537812,DEM10B,503033,FG-GML-503033-DEM10B-20161001.zip,696,712704,2016/10/01,/kiban/app/api/download/file/537812,福岡城跡|センターマークスタワー|福岡タワー
611954,DEM1A,503033,FG-GML-503033-DEM1A-20250515.zip,109060,111677440,2025/05/15,/kiban/app/api/download/file/611954,福岡城跡|センターマークスタワー|福岡タワー
616937,DEM5A,503033,FG-GML-503033-DEM5A-20250620.zip,2888,2957312,2025/06/20,/kiban/app/api/download/file/616937,福岡城跡|センターマークスタワー|福岡タワー
614956,DEM5B,503033,FG-GML-503033-DEM5B-20250609.zip,166,169984,2025/06/09,/kiban/app/api/download/file/614956,福岡城跡|センターマークスタワー|福岡タワー
537819,DEM10B,503043,FG-GML-503043-DEM10B-20161001.zip,821,840704,2016/10/01,/kiban/app/api/download/file/537819,センターマークスタワー
611960,DEM1A,503043,FG-GML-503043-DEM1A-20250515.zip,95204,97488896,2025/05/15,/kiban/app/api/download/file/611960,センターマークスタワー
616944,DEM5A,503043,FG-GML-503043-DEM5A-20250620.zip,2776,2842624,2025/06/20,/kiban/app/api/download/file/616944,センターマークスタワー
614959,DEM5B,503043,FG-GML-503043-DEM5B-20250609.zip,969,992256,2025/06/09,/kiban/app/api/download/file/614959,センターマークスタワー
537892,DEM10B,503214,FG-GML-503214-DEM10B-20161001.zip,1945,1991680,2016/10/01,/kiban/app/api/download/file/537892,大洲城
612021,DEM1A,503214,FG-GML-503214-DEM1A-20250515.zip,223971,229346304,2025/05/15,/kiban/app/api/download/file/612021,大洲城
617016,DEM5A,503214,FG-GML-503214-DEM5A-20250620.zip,7203,7375872,2025/06/20,/kiban/app/api/download/file/617016,大洲城
729337,DEM5B,503214,FG-GML-503214-DEM5B-20161001.zip,2114,2164736,2016/10/01,/kiban/app/api/download/file/729337,大洲城
537898,DEM10B,503224,FG-GML-503224-DEM10B-20161001.zip,1748,1789952,2016/10/01,/kiban/app/api/download/file/537898,大洲城
612027,DEM1A,503224,FG-GML-503224-DEM1A-20250515.zip,206125,211072000,2025/05/15,/kiban/app/api/download/file/612027,大洲城
617022,DEM5A,503224,FG-GML-503224-DEM5A-20250620.zip,6512,6668288,2025/06/20,/kiban/app/api/download/file/617022,大洲城
614984,DEM5B,503224,FG-GML-503224-DEM5B-20250609.zip,1582,1619968,2025/06/09,/kiban/app/api/download/file/614984,大洲城
537918,DEM10B,503255,FG-GML-503255-DEM10B-20161001.zip,318,325632,2016/10/01,/kiban/app/api/download/file/537918,松山城（愛媛）
663565,DEM1A,503255,FG-GML-503255-DEM1A-20250908.zip,7675,7859200,2025/09/08,/kiban/app/api/download/file/663565,松山城（愛媛）
662087,DEM5A,503255,FG-GML-503255-DEM5A-20250908.zip,2697,2761728,2025/09/08,/kiban/app/api/download/file/662087,松山城（愛媛）
614987,DEM5B,503255,FG-GML-503255-DEM5B-20250609.zip,2,2048,2025/06/09,/kiban/app/api/download/file/614987,松山城（愛媛）
537919,DEM10B,503256,FG-GML-503256-DEM10B-20161001.zip,1298,1329152,2016/10/01,/kiban/app/api/download/file/537919,松山城（愛媛）
663566,DEM1A,503256,FG-GML-503256-DEM1A-20250908.zip,106231,108780544,2025/09/08,/kiban/app/api/download/file/663566,松山城（愛媛）
662088,DEM5A,503256,FG-GML-503256-DEM5A-20250908.zip,6293,6444032,2025/09/08,/kiban/app/api/download/file/662088,松山城（愛媛）
729351,DEM5B,503256,FG-GML-503256-DEM5B-20161001.zip,3636,3723264,2016/10/01,/kiban/app/api/download/file/729351,松山城（愛媛）
537926,DEM10B,503265,FG-GML-503265-DEM10B-20161001.zip,528,540672,2016/10/01,/kiban/app/api/download/file/537926,松山城（愛媛）
612045,DEM1A,503265,FG-GML-503265-DEM1A-20250515.zip,54906,56223744,2025/05/15,/kiban/app/api/download/file/612045,松山城（愛媛）
617050,DEM5A,503265,FG-GML-503265-DEM5A-20250620.zip,2181,2233344,2025/06/20,/kiban/app/api/download/file/617050,松山城（愛媛）
614989,DEM5B,503265,FG-GML-503265-DEM5B-20250609.zip,61,62464,2025/06/09,/kiban/app/api/download/file/614989,松山城（愛媛）
537927,DEM10B,503266,FG-GML-503266-DEM10B-20161001.zip,1828,1871872,2016/10/01,/kiban/app/api/download/file/537927,松山城（愛媛）
663568,DEM1A,503266,FG-GML-503266-DEM1A-20250908.zip,202794,207661056,2025/09/08,/kiban/app/api/download/file/663568,松山城（愛媛）
662090,DEM5A,503266,FG-GML-503266-DEM5A-20250908.zip,6789,6951936,2025/09/08,/kiban/app/api/download/file/662090,松山城（愛媛）
729353,DEM5B,503266,FG-GML-503266-DEM5B-20161001.zip,5196,5320704,2016/10/01,/kiban/app/api/download/file/729353,松山城（愛媛）
537950,DEM10B,503323,FG-GML-503323-DEM10B-20161001.zip,1629,1668096,2016/10/01,/kiban/app/api/download/file/537950,高知城
717723,DEM1A,503323,FG-GML-503323-DEM1A-20260522.zip,193948,198602752,2026/05/22,/kiban/app/api/download/file/717723,高知城
719981,DEM5A,503323,FG-GML-503323-DEM5A-20260522.zip,6391,6544384,2026/05/22,/kiban/app/api/download/file/719981,高知城
614994,DEM5B,503323,FG-GML-503323-DEM5B-20250609.zip,126,129024,2025/06/09,/kiban/app/api/download/file/614994,高知城
537951,DEM10B,503324,FG-GML-503324-DEM10B-20161001.zip,977,1000448,2016/10/01,/kiban/app/api/download/file/537951,高知城
717724,DEM1A,503324,FG-GML-503324-DEM1A-20260522.zip,133432,136634368,2026/05/22,/kiban/app/api/download/file/717724,高知城
719982,DEM5A,503324,FG-GML-503324-DEM5A-20260522.zip,5778,5916672,2026/05/22,/kiban/app/api/download/file/719982,高知城
729370,DEM5B,503324,FG-GML-503324-DEM5B-20161001.zip,329,336896,2016/10/01,/kiban/app/api/download/file/729370,高知城
537959,DEM10B,503334,FG-GML-503334-DEM10B-20161001.zip,1937,1983488,2016/10/01,/kiban/app/api/download/file/537959,高知城
717726,DEM1A,503334,FG-GML-503334-DEM1A-20260522.zip,221709,227030016,2026/05/22,/kiban/app/api/download/file/717726,高知城
719984,DEM5A,503334,FG-GML-503334-DEM5A-20260522.zip,7157,7328768,2026/05/22,/kiban/app/api/download/file/719984,高知城
729375,DEM5B,503334,FG-GML-503334-DEM5B-20161001.zip,791,809984,2016/10/01,/kiban/app/api/download/file/729375,高知城
537963,DEM10B,503340,FG-GML-503340-DEM10B-20161001.zip,2141,2192384,2016/10/01,/kiban/app/api/download/file/537963,石鎚山
612081,DEM1A,503340,FG-GML-503340-DEM1A-20250602.zip,238188,243904512,2025/06/02,/kiban/app/api/download/file/612081,石鎚山
617087,DEM5A,503340,FG-GML-503340-DEM5A-20250620.zip,9993,10232832,2025/06/20,/kiban/app/api/download/file/617087,石鎚山
537964,DEM10B,503341,FG-GML-503341-DEM10B-20161001.zip,2146,2197504,2016/10/01,/kiban/app/api/download/file/537964,石鎚山
612082,DEM1A,503341,FG-GML-503341-DEM1A-20250602.zip,241585,247383040,2025/06/02,/kiban/app/api/download/file/612082,石鎚山
617088,DEM5A,503341,FG-GML-503341-DEM5A-20250620.zip,8145,8340480,2025/06/20,/kiban/app/api/download/file/617088,石鎚山
537971,DEM10B,503350,FG-GML-503350-DEM10B-20161001.zip,2194,2246656,2016/10/01,/kiban/app/api/download/file/537971,石鎚山
663572,DEM1A,503350,FG-GML-503350-DEM1A-20250908.zip,199475,204262400,2025/09/08,/kiban/app/api/download/file/663572,石鎚山
662094,DEM5A,503350,FG-GML-503350-DEM5A-20250908.zip,8652,8859648,2025/09/08,/kiban/app/api/download/file/662094,石鎚山
537972,DEM10B,503351,FG-GML-503351-DEM10B-20161001.zip,2215,2268160,2016/10/01,/kiban/app/api/download/file/537972,石鎚山
663573,DEM1A,503351,FG-GML-503351-DEM1A-20250908.zip,225849,231269376,2025/09/08,/kiban/app/api/download/file/663573,石鎚山
662095,DEM5A,503351,FG-GML-503351-DEM5A-20250908.zip,9045,9262080,2025/09/08,/kiban/app/api/download/file/662095,石鎚山
538013,DEM10B,503450,FG-GML-503450-DEM10B-20161001.zip,2189,2241536,2016/10/01,/kiban/app/api/download/file/538013,剣山
612129,DEM1A,503450,FG-GML-503450-DEM1A-20250602.zip,102409,104866816,2025/06/02,/kiban/app/api/download/file/612129,剣山
617137,DEM5A,503450,FG-GML-503450-DEM5A-20250620.zip,9349,9573376,2025/06/20,/kiban/app/api/download/file/617137,剣山
538020,DEM10B,503460,FG-GML-503460-DEM10B-20161001.zip,2155,2206720,2016/10/01,/kiban/app/api/download/file/538020,剣山
612130,DEM1A,503460,FG-GML-503460-DEM1A-20250602.zip,133091,136285184,2025/06/02,/kiban/app/api/download/file/612130,剣山
617144,DEM5A,503460,FG-GML-503460-DEM5A-20250620.zip,9594,9824256,2025/06/20,/kiban/app/api/download/file/617144,剣山
538021,DEM10B,503461,FG-GML-503461-DEM10B-20161001.zip,2205,2257920,2016/10/01,/kiban/app/api/download/file/538021,剣山
612131,DEM1A,503461,FG-GML-503461-DEM1A-20250602.zip,66704,68304896,2025/06/02,/kiban/app/api/download/file/612131,剣山
617145,DEM5A,503461,FG-GML-503461-DEM5A-20250620.zip,8148,8343552,2025/06/20,/kiban/app/api/download/file/617145,剣山
538150,DEM10B,513142,FG-GML-513142-DEM10B-20161001.zip,1499,1534976,2016/10/01,/kiban/app/api/download/file/538150,萩城跡
663618,DEM1A,513142,FG-GML-513142-DEM1A-20250908.zip,75307,77114368,2025/09/08,/kiban/app/api/download/file/663618,萩城跡
662140,DEM5A,513142,FG-GML-513142-DEM5A-20250908.zip,7220,7393280,2025/09/08,/kiban/app/api/download/file/662140,萩城跡
538151,DEM10B,513143,FG-GML-513143-DEM10B-20161001.zip,1786,1828864,2016/10/01,/kiban/app/api/download/file/538151,萩城跡
663619,DEM1A,513143,FG-GML-513143-DEM1A-20250908.zip,122461,125400064,2025/09/08,/kiban/app/api/download/file/663619,萩城跡
662141,DEM5A,513143,FG-GML-513143-DEM5A-20250908.zip,7924,8114176,2025/09/08,/kiban/app/api/download/file/662141,萩城跡
538158,DEM10B,513152,FG-GML-513152-DEM10B-20161001.zip,86,88064,2016/10/01,/kiban/app/api/download/file/538158,萩城跡
663624,DEM1A,513152,FG-GML-513152-DEM1A-20250908.zip,3111,3185664,2025/09/08,/kiban/app/api/download/file/663624,萩城跡
662146,DEM5A,513152,FG-GML-513152-DEM5A-20250908.zip,151,154624,2025/09/08,/kiban/app/api/download/file/662146,萩城跡
538159,DEM10B,513153,FG-GML-513153-DEM10B-20161001.zip,1175,1203200,2016/10/01,/kiban/app/api/download/file/538159,萩城跡
663625,DEM1A,513153,FG-GML-513153-DEM1A-20250908.zip,30015,30735360,2025/09/08,/kiban/app/api/download/file/663625,萩城跡
662147,DEM5A,513153,FG-GML-513153-DEM5A-20250908.zip,1957,2003968,2025/09/08,/kiban/app/api/download/file/662147,萩城跡
538181,DEM10B,513207,FG-GML-513207-DEM10B-20161001.zip,1480,1515520,2016/10/01,/kiban/app/api/download/file/538181,今治城
612263,DEM1A,513207,FG-GML-513207-DEM1A-20250502.zip,165513,169485312,2025/05/02,/kiban/app/api/download/file/612263,今治城
617297,DEM5A,513207,FG-GML-513207-DEM5A-20250620.zip,5551,5684224,2025/06/20,/kiban/app/api/download/file/617297,今治城
538189,DEM10B,513217,FG-GML-513217-DEM10B-20161001.zip,498,509952,2016/10/01,/kiban/app/api/download/file/538189,今治城
612271,DEM1A,513217,FG-GML-513217-DEM1A-20250502.zip,51180,52408320,2025/05/02,/kiban/app/api/download/file/612271,今治城
617305,DEM5A,513217,FG-GML-513217-DEM5A-20250620.zip,1668,1708032,2025/06/20,/kiban/app/api/download/file/617305,今治城
615034,DEM5B,513217,FG-GML-513217-DEM5B-20250609.zip,11,11264,2025/06/09,/kiban/app/api/download/file/615034,今治城
538209,DEM10B,513243,FG-GML-513243-DEM10B-20161001.zip,755,773120,2016/10/01,/kiban/app/api/download/file/538209,グランクロスタワー広島
612291,DEM1A,513243,FG-GML-513243-DEM1A-20250502.zip,62456,63954944,2025/05/02,/kiban/app/api/download/file/612291,グランクロスタワー広島
617325,DEM5A,513243,FG-GML-513243-DEM5A-20250620.zip,3383,3464192,2025/06/20,/kiban/app/api/download/file/617325,グランクロスタワー広島
615041,DEM5B,513243,FG-GML-513243-DEM5B-20250609.zip,4,4096,2025/06/09,/kiban/app/api/download/file/615041,グランクロスタワー広島
538210,DEM10B,513244,FG-GML-513244-DEM10B-20161001.zip,1767,1809408,2016/10/01,/kiban/app/api/download/file/538210,グランクロスタワー広島
612292,DEM1A,513244,FG-GML-513244-DEM1A-20250502.zip,126070,129095680,2025/05/02,/kiban/app/api/download/file/612292,グランクロスタワー広島
617326,DEM5A,513244,FG-GML-513244-DEM5A-20250620.zip,6309,6460416,2025/06/20,/kiban/app/api/download/file/617326,グランクロスタワー広島
729479,DEM5B,513244,FG-GML-513244-DEM5B-20161001.zip,1728,1769472,2016/10/01,/kiban/app/api/download/file/729479,グランクロスタワー広島
538217,DEM10B,513253,FG-GML-513253-DEM10B-20161001.zip,1658,1697792,2016/10/01,/kiban/app/api/download/file/538217,銀山城跡|グランクロスタワー広島
612299,DEM1A,513253,FG-GML-513253-DEM1A-20250502.zip,125354,128362496,2025/05/02,/kiban/app/api/download/file/612299,銀山城跡|グランクロスタワー広島
617333,DEM5A,513253,FG-GML-513253-DEM5A-20250620.zip,6327,6478848,2025/06/20,/kiban/app/api/download/file/617333,銀山城跡|グランクロスタワー広島
729491,DEM5B,513253,FG-GML-513253-DEM5B-20090901.zip,8305,8504320,2009/09/01,/kiban/app/api/download/file/729491,銀山城跡|グランクロスタワー広島
538238,DEM10B,513300,FG-GML-513300-DEM10B-20161001.zip,287,293888,2016/10/01,/kiban/app/api/download/file/538238,今治城
612320,DEM1A,513300,FG-GML-513300-DEM1A-20250502.zip,27524,28184576,2025/05/02,/kiban/app/api/download/file/612320,今治城
617354,DEM5A,513300,FG-GML-513300-DEM5A-20250620.zip,1278,1308672,2025/06/20,/kiban/app/api/download/file/617354,今治城
538244,DEM10B,513310,FG-GML-513310-DEM10B-20161001.zip,540,552960,2016/10/01,/kiban/app/api/download/file/538244,今治城|能島城跡
612325,DEM1A,513310,FG-GML-513310-DEM1A-20250502.zip,56696,58056704,2025/05/02,/kiban/app/api/download/file/612325,今治城|能島城跡
617360,DEM5A,513310,FG-GML-513310-DEM5A-20250620.zip,1834,1878016,2025/06/20,/kiban/app/api/download/file/617360,今治城|能島城跡
538252,DEM10B,513320,FG-GML-513320-DEM10B-20161001.zip,1079,1104896,2016/10/01,/kiban/app/api/download/file/538252,能島城跡
612330,DEM1A,513320,FG-GML-513320-DEM1A-20250502.zip,117980,120811520,2025/05/02,/kiban/app/api/download/file/612330,能島城跡
617368,DEM5A,513320,FG-GML-513320-DEM5A-20250620.zip,3856,3948544,2025/06/20,/kiban/app/api/download/file/617368,能島城跡
538265,DEM10B,513336,FG-GML-513336-DEM10B-20161001.zip,618,632832,2016/10/01,/kiban/app/api/download/file/538265,瀬戸大橋タワー
663647,DEM1A,513336,FG-GML-513336-DEM1A-20250908.zip,46086,47192064,2025/09/08,/kiban/app/api/download/file/663647,瀬戸大橋タワー
662169,DEM5A,513336,FG-GML-513336-DEM5A-20250908.zip,2869,2937856,2025/09/08,/kiban/app/api/download/file/662169,瀬戸大橋タワー
615042,DEM5B,513336,FG-GML-513336-DEM5B-20250609.zip,974,997376,2025/06/09,/kiban/app/api/download/file/615042,瀬戸大橋タワー
538267,DEM10B,513340,FG-GML-513340-DEM10B-20161001.zip,1350,1382400,2016/10/01,/kiban/app/api/download/file/538267,三原城跡
612338,DEM1A,513340,FG-GML-513340-DEM1A-20250502.zip,159148,162967552,2025/05/02,/kiban/app/api/download/file/612338,三原城跡
617383,DEM5A,513340,FG-GML-513340-DEM5A-20250620.zip,6871,7035904,2025/06/20,/kiban/app/api/download/file/617383,三原城跡
729521,DEM5B,513340,FG-GML-513340-DEM5B-20161001.zip,1155,1182720,2016/10/01,/kiban/app/api/download/file/729521,三原城跡
538273,DEM10B,513346,FG-GML-513346-DEM10B-20161001.zip,285,291840,2016/10/01,/kiban/app/api/download/file/538273,瀬戸大橋タワー
663651,DEM1A,513346,FG-GML-513346-DEM1A-20250908.zip,3937,4031488,2025/09/08,/kiban/app/api/download/file/663651,瀬戸大橋タワー
662173,DEM5A,513346,FG-GML-513346-DEM5A-20250908.zip,1177,1205248,2025/09/08,/kiban/app/api/download/file/662173,瀬戸大橋タワー
538275,DEM10B,513350,FG-GML-513350-DEM10B-20161001.zip,1898,1943552,2016/10/01,/kiban/app/api/download/file/538275,三原城跡
612342,DEM1A,513350,FG-GML-513350-DEM1A-20250502.zip,214969,220128256,2025/05/02,/kiban/app/api/download/file/612342,三原城跡
617391,DEM5A,513350,FG-GML-513350-DEM5A-20250620.zip,9080,9297920,2025/06/20,/kiban/app/api/download/file/617391,三原城跡
729523,DEM5B,513350,FG-GML-513350-DEM5B-20161001.zip,6887,7052288,2016/10/01,/kiban/app/api/download/file/729523,三原城跡
538277,DEM10B,513352,FG-GML-513352-DEM10B-20161001.zip,1549,1586176,2016/10/01,/kiban/app/api/download/file/538277,福山城
612344,DEM1A,513352,FG-GML-513352-DEM1A-20250502.zip,107454,110032896,2025/05/02,/kiban/app/api/download/file/612344,福山城
617393,DEM5A,513352,FG-GML-513352-DEM5A-20250620.zip,5619,5753856,2025/06/20,/kiban/app/api/download/file/617393,福山城
729528,DEM5B,513352,FG-GML-513352-DEM5B-20180226.zip,990,1013760,2018/02/26,/kiban/app/api/download/file/729528,福山城
538278,DEM10B,513353,FG-GML-513353-DEM10B-20161001.zip,628,643072,2016/10/01,/kiban/app/api/download/file/538278,福山城
663653,DEM1A,513353,FG-GML-513353-DEM1A-20250908.zip,48256,49414144,2025/09/08,/kiban/app/api/download/file/663653,福山城
662175,DEM5A,513353,FG-GML-513353-DEM5A-20250908.zip,3097,3171328,2025/09/08,/kiban/app/api/download/file/662175,福山城
729531,DEM5B,513353,FG-GML-513353-DEM5B-20180226.zip,162,165888,2018/02/26,/kiban/app/api/download/file/729531,福山城
538285,DEM10B,513362,FG-GML-513362-DEM10B-20161001.zip,1410,1443840,2016/10/01,/kiban/app/api/download/file/538285,福山城
612352,DEM1A,513362,FG-GML-513362-DEM1A-20250502.zip,103410,105891840,2025/05/02,/kiban/app/api/download/file/612352,福山城
617401,DEM5A,513362,FG-GML-513362-DEM5A-20250620.zip,5427,5557248,2025/06/20,/kiban/app/api/download/file/617401,福山城
729540,DEM5B,513362,FG-GML-513362-DEM5B-20180226.zip,527,539648,2018/02/26,/kiban/app/api/download/file/729540,福山城
538286,DEM10B,513363,FG-GML-513363-DEM10B-20161001.zip,1577,1614848,2016/10/01,/kiban/app/api/download/file/538286,福山城
663658,DEM1A,513363,FG-GML-513363-DEM1A-20250908.zip,145059,148540416,2025/09/08,/kiban/app/api/download/file/663658,福山城
662180,DEM5A,513363,FG-GML-513363-DEM5A-20250908.zip,5855,5995520,2025/09/08,/kiban/app/api/download/file/662180,福山城
729543,DEM5B,513363,FG-GML-513363-DEM5B-20180226.zip,621,635904,2018/02/26,/kiban/app/api/download/file/729543,福山城
538298,DEM10B,513377,FG-GML-513377-DEM10B-20161001.zip,409,418816,2016/10/01,/kiban/app/api/download/file/538298,岡山城
663666,DEM1A,513377,FG-GML-513377-DEM1A-20250908.zip,42009,43017216,2025/09/08,/kiban/app/api/download/file/663666,岡山城
662188,DEM5A,513377,FG-GML-513377-DEM5A-20250908.zip,3061,3134464,2025/09/08,/kiban/app/api/download/file/662188,岡山城
729562,DEM5B,513377,FG-GML-513377-DEM5B-20100115.zip,4808,4923392,2010/01/15,/kiban/app/api/download/file/729562,岡山城
538303,DEM10B,513404,FG-GML-513404-DEM10B-20161001.zip,793,812032,2016/10/01,/kiban/app/api/download/file/538303,徳島城跡
612369,DEM1A,513404,FG-GML-513404-DEM1A-20250502.zip,43964,45019136,2025/05/02,/kiban/app/api/download/file/612369,徳島城跡
617419,DEM5A,513404,FG-GML-513404-DEM5A-20250620.zip,3997,4092928,2025/06/20,/kiban/app/api/download/file/617419,徳島城跡
615049,DEM5B,513404,FG-GML-513404-DEM5B-20250609.zip,1653,1692672,2025/06/09,/kiban/app/api/download/file/615049,徳島城跡
538309,DEM10B,513414,FG-GML-513414-DEM10B-20161001.zip,311,318464,2016/10/01,/kiban/app/api/download/file/538309,徳島城跡
612374,DEM1A,513414,FG-GML-513414-DEM1A-20250502.zip,81372,83324928,2025/05/02,/kiban/app/api/download/file/612374,徳島城跡
617425,DEM5A,513414,FG-GML-513414-DEM5A-20250620.zip,4771,4885504,2025/06/20,/kiban/app/api/download/file/617425,徳島城跡
615051,DEM5B,513414,FG-GML-513414-DEM5B-20250609.zip,116,118784,2025/06/09,/kiban/app/api/download/file/615051,徳島城跡
538320,DEM10B,513430,FG-GML-513430-DEM10B-20161001.zip,854,874496,2016/10/01,/kiban/app/api/download/file/538320,高松城|高松シンボルタワー
663671,DEM1A,513430,FG-GML-513430-DEM1A-20250908.zip,59123,60541952,2025/09/08,/kiban/app/api/download/file/663671,高松城|高松シンボルタワー
662193,DEM5A,513430,FG-GML-513430-DEM5A-20250908.zip,3696,3784704,2025/09/08,/kiban/app/api/download/file/662193,高松城|高松シンボルタワー
538328,DEM10B,513440,FG-GML-513440-DEM10B-20161001.zip,431,441344,2016/10/01,/kiban/app/api/download/file/538328,高松城|高松シンボルタワー
663676,DEM1A,513440,FG-GML-513440-DEM1A-20250908.zip,24288,24870912,2025/09/08,/kiban/app/api/download/file/663676,高松城|高松シンボルタワー
662198,DEM5A,513440,FG-GML-513440-DEM5A-20250908.zip,1795,1838080,2025/09/08,/kiban/app/api/download/file/662198,高松城|高松シンボルタワー
729580,DEM5B,513440,FG-GML-513440-DEM5B-20080331.zip,408,417792,2008/03/31,/kiban/app/api/download/file/729580,高松城|高松シンボルタワー
538350,DEM10B,513477,FG-GML-513477-DEM10B-20161001.zip,243,248832,2016/10/01,/kiban/app/api/download/file/538350,明石城
612399,DEM1A,513477,FG-GML-513477-DEM1A-20250502.zip,14935,15293440,2025/05/02,/kiban/app/api/download/file/612399,明石城
617466,DEM5A,513477,FG-GML-513477-DEM5A-20250620.zip,1036,1060864,2025/06/20,/kiban/app/api/download/file/617466,明石城
729586,DEM5B,513477,FG-GML-513477-DEM5B-20100801.zip,12,12288,2010/08/01,/kiban/app/api/download/file/729586,明石城
538366,DEM10B,513517,FG-GML-513517-DEM10B-20161001.zip,2229,2282496,2016/10/01,/kiban/app/api/download/file/538366,大峰山（弥山）
663692,DEM1A,513517,FG-GML-513517-DEM1A-20250828.zip,240082,245843968,2025/08/28,/kiban/app/api/download/file/663692,大峰山（弥山）
662214,DEM5A,513517,FG-GML-513517-DEM5A-20250828.zip,10374,10622976,2025/08/28,/kiban/app/api/download/file/662214,大峰山（弥山）
538371,DEM10B,513524,FG-GML-513524-DEM10B-20161001.zip,2043,2092032,2016/10/01,/kiban/app/api/download/file/538371,高野山 金剛峯寺
612418,DEM1A,513524,FG-GML-513524-DEM1A-20250502.zip,188527,193051648,2025/05/02,/kiban/app/api/download/file/612418,高野山 金剛峯寺
617487,DEM5A,513524,FG-GML-513524-DEM5A-20250620.zip,7876,8065024,2025/06/20,/kiban/app/api/download/file/617487,高野山 金剛峯寺
538373,DEM10B,513526,FG-GML-513526-DEM10B-20161001.zip,2103,2153472,2016/10/01,/kiban/app/api/download/file/538373,大峰山（弥山）
663697,DEM1A,513526,FG-GML-513526-DEM1A-20250828.zip,193039,197671936,2025/08/28,/kiban/app/api/download/file/663697,大峰山（弥山）
662219,DEM5A,513526,FG-GML-513526-DEM5A-20250828.zip,8386,8587264,2025/08/28,/kiban/app/api/download/file/662219,大峰山（弥山）
538374,DEM10B,513527,FG-GML-513527-DEM10B-20161001.zip,2217,2270208,2016/10/01,/kiban/app/api/download/file/538374,大峰山（弥山）
663698,DEM1A,513527,FG-GML-513527-DEM1A-20250828.zip,210705,215761920,2025/08/28,/kiban/app/api/download/file/663698,大峰山（弥山）
662220,DEM5A,513527,FG-GML-513527-DEM5A-20250828.zip,9340,9564160,2025/08/28,/kiban/app/api/download/file/662220,大峰山（弥山）
538391,DEM10B,513552,FG-GML-513552-DEM10B-20161001.zip,238,243712,2016/10/01,/kiban/app/api/download/file/538391,岸和田城
617507,DEM5A,513552,FG-GML-513552-DEM5A-20250620.zip,1487,1522688,2025/06/20,/kiban/app/api/download/file/617507,岸和田城
538392,DEM10B,513553,FG-GML-513553-DEM10B-20161001.zip,1248,1277952,2016/10/01,/kiban/app/api/download/file/538392,岸和田城
685600,DEM1A,513553,FG-GML-513553-DEM1A-20251208.zip,10464,10715136,2025/12/08,/kiban/app/api/download/file/685600,岸和田城
686636,DEM5A,513553,FG-GML-513553-DEM5A-20251208.zip,6813,6976512,2025/12/08,/kiban/app/api/download/file/686636,岸和田城
729624,DEM5B,513553,FG-GML-513553-DEM5B-20170314.zip,297,304128,2017/03/14,/kiban/app/api/download/file/729624,岸和田城
538393,DEM10B,513554,FG-GML-513554-DEM10B-20161001.zip,1624,1662976,2016/10/01,/kiban/app/api/download/file/538393,PLの塔（大平和祈念塔）
685601,DEM1A,513554,FG-GML-513554-DEM1A-20251208.zip,103935,106429440,2025/12/08,/kiban/app/api/download/file/685601,PLの塔（大平和祈念塔）
686637,DEM5A,513554,FG-GML-513554-DEM5A-20251208.zip,6692,6852608,2025/12/08,/kiban/app/api/download/file/686637,PLの塔（大平和祈念塔）
729627,DEM5B,513554,FG-GML-513554-DEM5B-20170314.zip,3142,3217408,2017/03/14,/kiban/app/api/download/file/729627,PLの塔（大平和祈念塔）
538400,DEM10B,513564,FG-GML-513564-DEM10B-20161001.zip,929,951296,2016/10/01,/kiban/app/api/download/file/538400,PLの塔（大平和祈念塔）
685604,DEM1A,513564,FG-GML-513564-DEM1A-20251208.zip,11384,11657216,2025/12/08,/kiban/app/api/download/file/685604,PLの塔（大平和祈念塔）
686640,DEM5A,513564,FG-GML-513564-DEM5A-20251208.zip,5937,6079488,2025/12/08,/kiban/app/api/download/file/686640,PLの塔（大平和祈念塔）
538404,DEM10B,513570,FG-GML-513570-DEM10B-20161001.zip,707,723968,2016/10/01,/kiban/app/api/download/file/538404,明石城
685606,DEM1A,513570,FG-GML-513570-DEM1A-20251208.zip,37319,38214656,2025/12/08,/kiban/app/api/download/file/685606,明石城
686642,DEM5A,513570,FG-GML-513570-DEM5A-20251208.zip,2670,2734080,2025/12/08,/kiban/app/api/download/file/686642,明石城
615067,DEM5B,513570,FG-GML-513570-DEM5B-20250609.zip,2,2048,2025/06/09,/kiban/app/api/download/file/615067,明石城
538405,DEM10B,513571,FG-GML-513571-DEM10B-20161001.zip,142,145408,2016/10/01,/kiban/app/api/download/file/538405,D'グラフォート神戸三宮タワー|神戸ポートタワー
685607,DEM1A,513571,FG-GML-513571-DEM1A-20251208.zip,2213,2266112,2025/12/08,/kiban/app/api/download/file/685607,D'グラフォート神戸三宮タワー|神戸ポートタワー
686643,DEM5A,513571,FG-GML-513571-DEM5A-20251208.zip,1040,1064960,2025/12/08,/kiban/app/api/download/file/686643,D'グラフォート神戸三宮タワー|神戸ポートタワー
729639,DEM5B,513571,FG-GML-513571-DEM5B-20100801.zip,36,36864,2010/08/01,/kiban/app/api/download/file/729639,D'グラフォート神戸三宮タワー|神戸ポートタワー
538407,DEM10B,513573,FG-GML-513573-DEM10B-20161001.zip,277,283648,2016/10/01,/kiban/app/api/download/file/538407,ユニバーサル・スタジオ・ジャパン|あべのハルカス|大阪府咲洲庁舎|通天閣
617523,DEM5A,513573,FG-GML-513573-DEM5A-20250620.zip,3185,3261440,2025/06/20,/kiban/app/api/download/file/617523,ユニバーサル・スタジオ・ジャパン|あべのハルカス|大阪府咲洲庁舎|通天閣
615069,DEM5B,513573,FG-GML-513573-DEM5B-20250609.zip,60,61440,2025/06/09,/kiban/app/api/download/file/615069,ユニバーサル・スタジオ・ジャパン|あべのハルカス|大阪府咲洲庁舎|通天閣
538408,DEM10B,513574,FG-GML-513574-DEM10B-20161001.zip,334,342016,2016/10/01,/kiban/app/api/download/file/538408,大阪城|あべのハルカス|通天閣
617524,DEM5A,513574,FG-GML-513574-DEM5A-20250620.zip,5115,5237760,2025/06/20,/kiban/app/api/download/file/617524,大阪城|あべのハルカス|通天閣
538409,DEM10B,513575,FG-GML-513575-DEM10B-20161001.zip,1662,1701888,2016/10/01,/kiban/app/api/download/file/538409,大和郡山城
612444,DEM1A,513575,FG-GML-513575-DEM1A-20250502.zip,153602,157288448,2025/05/02,/kiban/app/api/download/file/612444,大和郡山城
617525,DEM5A,513575,FG-GML-513575-DEM5A-20250620.zip,6404,6557696,2025/06/20,/kiban/app/api/download/file/617525,大和郡山城
729642,DEM5B,513575,FG-GML-513575-DEM5B-20161001.zip,5922,6064128,2016/10/01,/kiban/app/api/download/file/729642,大和郡山城
538410,DEM10B,513576,FG-GML-513576-DEM10B-20161001.zip,1060,1085440,2016/10/01,/kiban/app/api/download/file/538410,大和郡山城
685608,DEM1A,513576,FG-GML-513576-DEM1A-20251208.zip,67491,69110784,2025/12/08,/kiban/app/api/download/file/685608,大和郡山城
686644,DEM5A,513576,FG-GML-513576-DEM5A-20251208.zip,5761,5899264,2025/12/08,/kiban/app/api/download/file/686644,大和郡山城
729645,DEM5B,513576,FG-GML-513576-DEM5B-20161001.zip,2502,2562048,2016/10/01,/kiban/app/api/download/file/729645,大和郡山城
538415,DEM10B,513610,FG-GML-513610-DEM10B-20161001.zip,2160,2211840,2016/10/01,/kiban/app/api/download/file/538415,大台ヶ原山
685612,DEM1A,513610,FG-GML-513610-DEM1A-20251208.zip,229698,235210752,2025/12/08,/kiban/app/api/download/file/685612,大台ヶ原山
686648,DEM5A,513610,FG-GML-513610-DEM5A-20251208.zip,9471,9698304,2025/12/08,/kiban/app/api/download/file/686648,大台ヶ原山
729650,DEM5C,513610,FG-GML-513610-DEM5C-20220124.zip,41,41984,2022/01/24,/kiban/app/api/download/file/729650,大台ヶ原山
538416,DEM10B,513611,FG-GML-513611-DEM10B-20161001.zip,1937,1983488,2016/10/01,/kiban/app/api/download/file/538416,大台ヶ原山
685613,DEM1A,513611,FG-GML-513611-DEM1A-20251208.zip,181300,185651200,2025/12/08,/kiban/app/api/download/file/685613,大台ヶ原山
686649,DEM5A,513611,FG-GML-513611-DEM5A-20251208.zip,7178,7350272,2025/12/08,/kiban/app/api/download/file/686649,大台ヶ原山
615071,DEM5B,513611,FG-GML-513611-DEM5B-20250609.zip,254,260096,2025/06/09,/kiban/app/api/download/file/615071,大台ヶ原山
615912,DEM5C,513611,FG-GML-513611-DEM5C-20250605.zip,247,252928,2025/06/05,/kiban/app/api/download/file/615912,大台ヶ原山
538418,DEM10B,513620,FG-GML-513620-DEM10B-20161001.zip,2184,2236416,2016/10/01,/kiban/app/api/download/file/538418,大台ヶ原山
663715,DEM1A,513620,FG-GML-513620-DEM1A-20250828.zip,243482,249325568,2025/08/28,/kiban/app/api/download/file/663715,大台ヶ原山
662237,DEM5A,513620,FG-GML-513620-DEM5A-20250828.zip,9946,10184704,2025/08/28,/kiban/app/api/download/file/662237,大台ヶ原山
538419,DEM10B,513621,FG-GML-513621-DEM10B-20161001.zip,2191,2243584,2016/10/01,/kiban/app/api/download/file/538419,大台ヶ原山
685615,DEM1A,513621,FG-GML-513621-DEM1A-20251208.zip,226592,232030208,2025/12/08,/kiban/app/api/download/file/685615,大台ヶ原山
686651,DEM5A,513621,FG-GML-513621-DEM5A-20251208.zip,7953,8143872,2025/12/08,/kiban/app/api/download/file/686651,大台ヶ原山
538438,DEM10B,513646,FG-GML-513646-DEM10B-20161001.zip,1621,1659904,2016/10/01,/kiban/app/api/download/file/538438,志摩スペイン村
717747,DEM1A,513646,FG-GML-513646-DEM1A-20260522.zip,1832,1875968,2026/05/22,/kiban/app/api/download/file/717747,志摩スペイン村
720005,DEM5A,513646,FG-GML-513646-DEM5A-20260522.zip,8246,8443904,2026/05/22,/kiban/app/api/download/file/720005,志摩スペイン村
615924,DEM5C,513646,FG-GML-513646-DEM5C-20250605.zip,998,1021952,2025/06/05,/kiban/app/api/download/file/615924,志摩スペイン村
538439,DEM10B,513647,FG-GML-513647-DEM10B-20161001.zip,342,350208,2016/10/01,/kiban/app/api/download/file/538439,志摩スペイン村
617555,DEM5A,513647,FG-GML-513647-DEM5A-20250620.zip,1462,1497088,2025/06/20,/kiban/app/api/download/file/617555,志摩スペイン村
615925,DEM5C,513647,FG-GML-513647-DEM5C-20250605.zip,796,815104,2025/06/05,/kiban/app/api/download/file/615925,志摩スペイン村
538441,DEM10B,513651,FG-GML-513651-DEM10B-20161001.zip,2015,2063360,2016/10/01,/kiban/app/api/download/file/538441,曽爾高原
685623,DEM1A,513651,FG-GML-513651-DEM1A-20251208.zip,190892,195473408,2025/12/08,/kiban/app/api/download/file/685623,曽爾高原
686659,DEM5A,513651,FG-GML-513651-DEM5A-20251208.zip,7455,7633920,2025/12/08,/kiban/app/api/download/file/686659,曽爾高原
615926,DEM5C,513651,FG-GML-513651-DEM5C-20250605.zip,152,155648,2025/06/05,/kiban/app/api/download/file/615926,曽爾高原
538444,DEM10B,513654,FG-GML-513654-DEM10B-20161001.zip,1598,1636352,2016/10/01,/kiban/app/api/download/file/538444,田丸城跡
685624,DEM1A,513654,FG-GML-513654-DEM1A-20251208.zip,132359,135535616,2025/12/08,/kiban/app/api/download/file/685624,田丸城跡
686660,DEM5A,513654,FG-GML-513654-DEM5A-20251208.zip,6522,6678528,2025/12/08,/kiban/app/api/download/file/686660,田丸城跡
729657,DEM5C,513654,FG-GML-513654-DEM5C-20220124.zip,3709,3798016,2022/01/24,/kiban/app/api/download/file/729657,田丸城跡
538445,DEM10B,513655,FG-GML-513655-DEM10B-20161001.zip,1485,1520640,2016/10/01,/kiban/app/api/download/file/538445,田丸城跡
685625,DEM1A,513655,FG-GML-513655-DEM1A-20251208.zip,13250,13568000,2025/12/08,/kiban/app/api/download/file/685625,田丸城跡
686661,DEM5A,513655,FG-GML-513655-DEM5A-20251208.zip,7628,7811072,2025/12/08,/kiban/app/api/download/file/686661,田丸城跡
729658,DEM5C,513655,FG-GML-513655-DEM5C-20220124.zip,328,335872,2022/01/24,/kiban/app/api/download/file/729658,田丸城跡
538449,DEM10B,513661,FG-GML-513661-DEM10B-20161001.zip,2006,2054144,2016/10/01,/kiban/app/api/download/file/538449,曽爾高原
685627,DEM1A,513661,FG-GML-513661-DEM1A-20251208.zip,153107,156781568,2025/12/08,/kiban/app/api/download/file/685627,曽爾高原
686663,DEM5A,513661,FG-GML-513661-DEM5A-20251208.zip,8361,8561664,2025/12/08,/kiban/app/api/download/file/686663,曽爾高原
538452,DEM10B,513664,FG-GML-513664-DEM10B-20161001.zip,866,886784,2016/10/01,/kiban/app/api/download/file/538452,田丸城跡
617568,DEM5A,513664,FG-GML-513664-DEM5A-20250620.zip,5966,6109184,2025/06/20,/kiban/app/api/download/file/617568,田丸城跡
538453,DEM10B,513665,FG-GML-513665-DEM10B-20161001.zip,254,260096,2016/10/01,/kiban/app/api/download/file/538453,田丸城跡
617569,DEM5A,513665,FG-GML-513665-DEM5A-20250620.zip,2949,3019776,2025/06/20,/kiban/app/api/download/file/617569,田丸城跡
615929,DEM5C,513665,FG-GML-513665-DEM5C-20250605.zip,268,274432,2025/06/05,/kiban/app/api/download/file/615929,田丸城跡
538475,DEM10B,513877,FG-GML-513877-DEM10B-20161001.zip,397,406528,2016/10/01,/kiban/app/api/download/file/538475,下田城跡
612491,DEM1A,513877,FG-GML-513877-DEM1A-20250606.zip,40263,41229312,2025/06/06,/kiban/app/api/download/file/612491,下田城跡
617591,DEM5A,513877,FG-GML-513877-DEM5A-20250620.zip,1602,1640448,2025/06/20,/kiban/app/api/download/file/617591,下田城跡
538560,DEM10B,523307,FG-GML-523307-DEM10B-20161001.zip,1350,1382400,2016/10/01,/kiban/app/api/download/file/538560,岡山城
663767,DEM1A,523307,FG-GML-523307-DEM1A-20250908.zip,117785,120611840,2025/09/08,/kiban/app/api/download/file/663767,岡山城
662289,DEM5A,523307,FG-GML-523307-DEM5A-20250908.zip,5452,5582848,2025/09/08,/kiban/app/api/download/file/662289,岡山城
729700,DEM5B,523307,FG-GML-523307-DEM5B-20161001.zip,2100,2150400,2016/10/01,/kiban/app/api/download/file/729700,岡山城
538565,DEM10B,523314,FG-GML-523314-DEM10B-20161001.zip,1893,1938432,2016/10/01,/kiban/app/api/download/file/538565,備中松山城
612567,DEM1A,523314,FG-GML-523314-DEM1A-20250606.zip,216483,221678592,2025/06/06,/kiban/app/api/download/file/612567,備中松山城
617676,DEM5A,523314,FG-GML-523314-DEM5A-20250620.zip,6958,7124992,2025/06/20,/kiban/app/api/download/file/617676,備中松山城
729706,DEM5B,523314,FG-GML-523314-DEM5B-20170314.zip,4476,4583424,2017/03/14,/kiban/app/api/download/file/729706,備中松山城
538566,DEM10B,523315,FG-GML-523315-DEM10B-20161001.zip,1882,1927168,2016/10/01,/kiban/app/api/download/file/538566,備中松山城
663769,DEM1A,523315,FG-GML-523315-DEM1A-20250908.zip,172469,176608256,2025/09/08,/kiban/app/api/download/file/663769,備中松山城
662291,DEM5A,523315,FG-GML-523315-DEM5A-20250908.zip,6744,6905856,2025/09/08,/kiban/app/api/download/file/662291,備中松山城
615083,DEM5B,523315,FG-GML-523315-DEM5B-20250609.zip,4918,5036032,2025/06/09,/kiban/app/api/download/file/615083,備中松山城
538573,DEM10B,523324,FG-GML-523324-DEM10B-20161001.zip,1971,2018304,2016/10/01,/kiban/app/api/download/file/538573,備中松山城
663772,DEM1A,523324,FG-GML-523324-DEM1A-20250908.zip,218893,224146432,2025/09/08,/kiban/app/api/download/file/663772,備中松山城
662294,DEM5A,523324,FG-GML-523324-DEM5A-20250908.zip,7069,7238656,2025/09/08,/kiban/app/api/download/file/662294,備中松山城
538574,DEM10B,523325,FG-GML-523325-DEM10B-20161001.zip,1931,1977344,2016/10/01,/kiban/app/api/download/file/538574,備中松山城
663773,DEM1A,523325,FG-GML-523325-DEM1A-20250908.zip,166392,170385408,2025/09/08,/kiban/app/api/download/file/663773,備中松山城
662295,DEM5A,523325,FG-GML-523325-DEM5A-20250908.zip,6659,6818816,2025/09/08,/kiban/app/api/download/file/662295,備中松山城
615085,DEM5B,523325,FG-GML-523325-DEM5B-20250609.zip,1769,1811456,2025/06/09,/kiban/app/api/download/file/615085,備中松山城
538592,DEM10B,523347,FG-GML-523347-DEM10B-20161001.zip,1629,1668096,2016/10/01,/kiban/app/api/download/file/538592,津山城
663783,DEM1A,523347,FG-GML-523347-DEM1A-20250908.zip,94828,97103872,2025/09/08,/kiban/app/api/download/file/663783,津山城
662305,DEM5A,523347,FG-GML-523347-DEM5A-20250908.zip,6062,6207488,2025/09/08,/kiban/app/api/download/file/662305,津山城
615087,DEM5B,523347,FG-GML-523347-DEM5B-20250609.zip,1333,1364992,2025/06/09,/kiban/app/api/download/file/615087,津山城
538600,DEM10B,523357,FG-GML-523357-DEM10B-20161001.zip,1803,1846272,2016/10/01,/kiban/app/api/download/file/538600,津山城
663787,DEM1A,523357,FG-GML-523357-DEM1A-20250908.zip,133425,136627200,2025/09/08,/kiban/app/api/download/file/663787,津山城
662309,DEM5A,523357,FG-GML-523357-DEM5A-20250908.zip,6506,6662144,2025/09/08,/kiban/app/api/download/file/662309,津山城
615088,DEM5B,523357,FG-GML-523357-DEM5B-20250609.zip,2833,2900992,2025/06/09,/kiban/app/api/download/file/615088,津山城
538624,DEM10B,523407,FG-GML-523407-DEM10B-20161001.zip,912,933888,2016/10/01,/kiban/app/api/download/file/538624,明石城
612614,DEM1A,523407,FG-GML-523407-DEM1A-20250606.zip,16896,17301504,2025/06/06,/kiban/app/api/download/file/612614,明石城
617735,DEM5A,523407,FG-GML-523407-DEM5A-20250620.zip,5295,5422080,2025/06/20,/kiban/app/api/download/file/617735,明石城
615093,DEM5B,523407,FG-GML-523407-DEM5B-20250609.zip,2,2048,2025/06/09,/kiban/app/api/download/file/615093,明石城
538630,DEM10B,523415,FG-GML-523415-DEM10B-20161001.zip,539,551936,2016/10/01,/kiban/app/api/download/file/538630,姫路城
612620,DEM1A,523415,FG-GML-523415-DEM1A-20250606.zip,36897,37782528,2025/06/06,/kiban/app/api/download/file/612620,姫路城
617741,DEM5A,523415,FG-GML-523415-DEM5A-20250620.zip,4051,4148224,2025/06/20,/kiban/app/api/download/file/617741,姫路城
615096,DEM5B,523415,FG-GML-523415-DEM5B-20250609.zip,6,6144,2025/06/09,/kiban/app/api/download/file/615096,姫路城
538638,DEM10B,523425,FG-GML-523425-DEM10B-20161001.zip,1421,1455104,2016/10/01,/kiban/app/api/download/file/538638,姫路城
612628,DEM1A,523425,FG-GML-523425-DEM1A-20250606.zip,139034,142370816,2025/06/06,/kiban/app/api/download/file/612628,姫路城
617749,DEM5A,523425,FG-GML-523425-DEM5A-20250620.zip,7783,7969792,2025/06/20,/kiban/app/api/download/file/617749,姫路城
538649,DEM10B,523440,FG-GML-523440-DEM10B-20161001.zip,1584,1622016,2016/10/01,/kiban/app/api/download/file/538649,津山城
663820,DEM1A,523440,FG-GML-523440-DEM1A-20250908.zip,107750,110336000,2025/09/08,/kiban/app/api/download/file/663820,津山城
662342,DEM5A,523440,FG-GML-523440-DEM5A-20250908.zip,5721,5858304,2025/09/08,/kiban/app/api/download/file/662342,津山城
538657,DEM10B,523450,FG-GML-523450-DEM10B-20161001.zip,1784,1826816,2016/10/01,/kiban/app/api/download/file/538657,津山城
663827,DEM1A,523450,FG-GML-523450-DEM1A-20250908.zip,123818,126789632,2025/09/08,/kiban/app/api/download/file/663827,津山城
662349,DEM5A,523450,FG-GML-523450-DEM5A-20250908.zip,6281,6431744,2025/09/08,/kiban/app/api/download/file/662349,津山城
538679,DEM10B,523476,FG-GML-523476-DEM10B-20161001.zip,1963,2010112,2016/10/01,/kiban/app/api/download/file/538679,竹田城跡
663846,DEM1A,523476,FG-GML-523476-DEM1A-20250828.zip,147708,151252992,2025/08/28,/kiban/app/api/download/file/663846,竹田城跡
662368,DEM5A,523476,FG-GML-523476-DEM5A-20250828.zip,7086,7256064,2025/08/28,/kiban/app/api/download/file/662368,竹田城跡
538681,DEM10B,523500,FG-GML-523500-DEM10B-20161001.zip,1636,1675264,2016/10/01,/kiban/app/api/download/file/538681,明石城
685643,DEM1A,523500,FG-GML-523500-DEM1A-20251208.zip,90927,93109248,2025/12/08,/kiban/app/api/download/file/685643,明石城
686679,DEM5A,523500,FG-GML-523500-DEM5A-20251208.zip,5932,6074368,2025/12/08,/kiban/app/api/download/file/686679,明石城
729741,DEM5B,523500,FG-GML-523500-DEM5B-20161001.zip,248,253952,2016/10/01,/kiban/app/api/download/file/729741,明石城
538682,DEM10B,523501,FG-GML-523501-DEM10B-20161001.zip,1480,1515520,2016/10/01,/kiban/app/api/download/file/538682,シティタワー神戸三宮|D'グラフォート神戸三宮タワー|神戸ポートタワー
685644,DEM1A,523501,FG-GML-523501-DEM1A-20251208.zip,88741,90870784,2025/12/08,/kiban/app/api/download/file/685644,シティタワー神戸三宮|D'グラフォート神戸三宮タワー|神戸ポートタワー
686680,DEM5A,523501,FG-GML-523501-DEM5A-20251208.zip,5485,5616640,2025/12/08,/kiban/app/api/download/file/686680,シティタワー神戸三宮|D'グラフォート神戸三宮タワー|神戸ポートタワー
615106,DEM5B,523501,FG-GML-523501-DEM5B-20250609.zip,11,11264,2025/06/09,/kiban/app/api/download/file/615106,シティタワー神戸三宮|D'グラフォート神戸三宮タワー|神戸ポートタワー
538684,DEM10B,523503,FG-GML-523503-DEM10B-20161001.zip,286,292864,2016/10/01,/kiban/app/api/download/file/538684,大阪城|ユニバーサル・スタジオ・ジャパン|あべのハルカス|梅田スカイビル|通天閣|HEP FIVE観覧車
617795,DEM5A,523503,FG-GML-523503-DEM5A-20250620.zip,3481,3564544,2025/06/20,/kiban/app/api/download/file/617795,大阪城|ユニバーサル・スタジオ・ジャパン|あべのハルカス|梅田スカイビル|通天閣|HEP FIVE観覧車
615108,DEM5B,523503,FG-GML-523503-DEM5B-20250609.zip,30,30720,2025/06/09,/kiban/app/api/download/file/615108,大阪城|ユニバーサル・スタジオ・ジャパン|あべのハルカス|梅田スカイビル|通天閣|HEP FIVE観覧車
538685,DEM10B,523504,FG-GML-523504-DEM10B-20161001.zip,294,301056,2016/10/01,/kiban/app/api/download/file/538685,大阪城|あべのハルカス|梅田スカイビル|通天閣|HEP FIVE観覧車
617796,DEM5A,523504,FG-GML-523504-DEM5A-20250620.zip,4776,4890624,2025/06/20,/kiban/app/api/download/file/617796,大阪城|あべのハルカス|梅田スカイビル|通天閣|HEP FIVE観覧車
538687,DEM10B,523506,FG-GML-523506-DEM10B-20161001.zip,1404,1437696,2016/10/01,/kiban/app/api/download/file/538687,大和郡山城
663848,DEM1A,523506,FG-GML-523506-DEM1A-20250908.zip,148527,152091648,2025/09/08,/kiban/app/api/download/file/663848,大和郡山城
662370,DEM5A,523506,FG-GML-523506-DEM5A-20250908.zip,5187,5311488,2025/09/08,/kiban/app/api/download/file/662370,大和郡山城
729747,DEM5B,523506,FG-GML-523506-DEM5B-20161001.zip,5419,5549056,2016/10/01,/kiban/app/api/download/file/729747,大和郡山城
538693,DEM10B,523514,FG-GML-523514-DEM10B-20161001.zip,702,718848,2016/10/01,/kiban/app/api/download/file/538693,ひらかたパーク
685650,DEM1A,523514,FG-GML-523514-DEM1A-20251208.zip,28568,29253632,2025/12/08,/kiban/app/api/download/file/685650,ひらかたパーク
686686,DEM5A,523514,FG-GML-523514-DEM5A-20251208.zip,5917,6059008,2025/12/08,/kiban/app/api/download/file/686686,ひらかたパーク
615109,DEM5B,523514,FG-GML-523514-DEM5B-20250609.zip,1249,1278976,2025/06/09,/kiban/app/api/download/file/615109,ひらかたパーク
538694,DEM10B,523515,FG-GML-523515-DEM10B-20161001.zip,1408,1441792,2016/10/01,/kiban/app/api/download/file/538694,ひらかたパーク
685651,DEM1A,523515,FG-GML-523515-DEM1A-20251208.zip,111978,114665472,2025/12/08,/kiban/app/api/download/file/685651,ひらかたパーク
686687,DEM5A,523515,FG-GML-523515-DEM5A-20251208.zip,5955,6097920,2025/12/08,/kiban/app/api/download/file/686687,ひらかたパーク
729761,DEM5B,523515,FG-GML-523515-DEM5B-20161001.zip,4087,4185088,2016/10/01,/kiban/app/api/download/file/729761,ひらかたパーク
538710,DEM10B,523535,FG-GML-523535-DEM10B-20161001.zip,1287,1317888,2016/10/01,/kiban/app/api/download/file/538710,二条城|京都タワー
663858,DEM1A,523535,FG-GML-523535-DEM1A-20250908.zip,107329,109904896,2025/09/08,/kiban/app/api/download/file/663858,二条城|京都タワー
662379,DEM5A,523535,FG-GML-523535-DEM5A-20250908.zip,5579,5712896,2025/09/08,/kiban/app/api/download/file/662379,二条城|京都タワー
615115,DEM5B,523535,FG-GML-523535-DEM5B-20250609.zip,3593,3679232,2025/06/09,/kiban/app/api/download/file/615115,二条城|京都タワー
538711,DEM10B,523536,FG-GML-523536-DEM10B-20161001.zip,1594,1632256,2016/10/01,/kiban/app/api/download/file/538711,二条城|京都タワー
663859,DEM1A,523536,FG-GML-523536-DEM1A-20250908.zip,141549,144946176,2025/09/08,/kiban/app/api/download/file/663859,二条城|京都タワー
662380,DEM5A,523536,FG-GML-523536-DEM5A-20250908.zip,5915,6056960,2025/09/08,/kiban/app/api/download/file/662380,二条城|京都タワー
615116,DEM5B,523536,FG-GML-523536-DEM5B-20250609.zip,67,68608,2025/06/09,/kiban/app/api/download/file/615116,二条城|京都タワー
538714,DEM10B,523541,FG-GML-523541-DEM10B-20161001.zip,1712,1753088,2016/10/01,/kiban/app/api/download/file/538714,丹波篠山城跡
685657,DEM1A,523541,FG-GML-523541-DEM1A-20251208.zip,165042,169003008,2025/12/08,/kiban/app/api/download/file/685657,丹波篠山城跡
686693,DEM5A,523541,FG-GML-523541-DEM5A-20251208.zip,7367,7543808,2025/12/08,/kiban/app/api/download/file/686693,丹波篠山城跡
615118,DEM5B,523541,FG-GML-523541-DEM5B-20250609.zip,2443,2501632,2025/06/09,/kiban/app/api/download/file/615118,丹波篠山城跡
538715,DEM10B,523542,FG-GML-523542-DEM10B-20161001.zip,1875,1920000,2016/10/01,/kiban/app/api/download/file/538715,丹波篠山城跡
685658,DEM1A,523542,FG-GML-523542-DEM1A-20251208.zip,177643,181906432,2025/12/08,/kiban/app/api/download/file/685658,丹波篠山城跡
686694,DEM5A,523542,FG-GML-523542-DEM5A-20251208.zip,7099,7269376,2025/12/08,/kiban/app/api/download/file/686694,丹波篠山城跡
615119,DEM5B,523542,FG-GML-523542-DEM5B-20250609.zip,1588,1626112,2025/06/09,/kiban/app/api/download/file/615119,丹波篠山城跡
538718,DEM10B,523545,FG-GML-523545-DEM10B-20161001.zip,1740,1781760,2016/10/01,/kiban/app/api/download/file/538718,二条城|京都タワー
663866,DEM1A,523545,FG-GML-523545-DEM1A-20250908.zip,171078,175183872,2025/09/08,/kiban/app/api/download/file/663866,二条城|京都タワー
662387,DEM5A,523545,FG-GML-523545-DEM5A-20250908.zip,6823,6986752,2025/09/08,/kiban/app/api/download/file/662387,二条城|京都タワー
615122,DEM5B,523545,FG-GML-523545-DEM5B-20250609.zip,1331,1362944,2025/06/09,/kiban/app/api/download/file/615122,二条城|京都タワー
538719,DEM10B,523546,FG-GML-523546-DEM10B-20161001.zip,1610,1648640,2016/10/01,/kiban/app/api/download/file/538719,二条城|京都タワー
663867,DEM1A,523546,FG-GML-523546-DEM1A-20250908.zip,149370,152954880,2025/09/08,/kiban/app/api/download/file/663867,二条城|京都タワー
662388,DEM5A,523546,FG-GML-523546-DEM5A-20250908.zip,6123,6269952,2025/09/08,/kiban/app/api/download/file/662388,二条城|京都タワー
729789,DEM5B,523546,FG-GML-523546-DEM5B-20161001.zip,2764,2830336,2016/10/01,/kiban/app/api/download/file/729789,二条城|京都タワー
538722,DEM10B,523551,FG-GML-523551-DEM10B-20161001.zip,1837,1881088,2016/10/01,/kiban/app/api/download/file/538722,丹波篠山城跡
663869,DEM1A,523551,FG-GML-523551-DEM1A-20250728.zip,212941,218051584,2025/07/28,/kiban/app/api/download/file/663869,丹波篠山城跡
662390,DEM5A,523551,FG-GML-523551-DEM5A-20250728.zip,9264,9486336,2025/07/28,/kiban/app/api/download/file/662390,丹波篠山城跡
538737,DEM10B,523570,FG-GML-523570-DEM10B-20161001.zip,1764,1806336,2016/10/01,/kiban/app/api/download/file/538737,福知山城
663880,DEM1A,523570,FG-GML-523570-DEM1A-20250828.zip,181191,185539584,2025/08/28,/kiban/app/api/download/file/663880,福知山城
662401,DEM5A,523570,FG-GML-523570-DEM5A-20250828.zip,6788,6950912,2025/08/28,/kiban/app/api/download/file/662401,福知山城
538738,DEM10B,523571,FG-GML-523571-DEM10B-20161001.zip,1551,1588224,2016/10/01,/kiban/app/api/download/file/538738,福知山城
663881,DEM1A,523571,FG-GML-523571-DEM1A-20250828.zip,154735,158448640,2025/08/28,/kiban/app/api/download/file/663881,福知山城
662402,DEM5A,523571,FG-GML-523571-DEM5A-20250828.zip,5778,5916672,2025/08/28,/kiban/app/api/download/file/662402,福知山城
538745,DEM10B,523600,FG-GML-523600-DEM10B-20161001.zip,1709,1750016,2016/10/01,/kiban/app/api/download/file/538745,伊賀上野城
663885,DEM1A,523600,FG-GML-523600-DEM1A-20250828.zip,185718,190175232,2025/08/28,/kiban/app/api/download/file/663885,伊賀上野城
662406,DEM5A,523600,FG-GML-523600-DEM5A-20250828.zip,6734,6895616,2025/08/28,/kiban/app/api/download/file/662406,伊賀上野城
729793,DEM5B,523600,FG-GML-523600-DEM5B-20161001.zip,2563,2624512,2016/10/01,/kiban/app/api/download/file/729793,伊賀上野城
538746,DEM10B,523601,FG-GML-523601-DEM10B-20161001.zip,1648,1687552,2016/10/01,/kiban/app/api/download/file/538746,伊賀上野城
663886,DEM1A,523601,FG-GML-523601-DEM1A-20250828.zip,172765,176911360,2025/08/28,/kiban/app/api/download/file/663886,伊賀上野城
662407,DEM5A,523601,FG-GML-523601-DEM5A-20250828.zip,6182,6330368,2025/08/28,/kiban/app/api/download/file/662407,伊賀上野城
729795,DEM5B,523601,FG-GML-523601-DEM5B-20161001.zip,5006,5126144,2016/10/01,/kiban/app/api/download/file/729795,伊賀上野城
538748,DEM10B,523603,FG-GML-523603-DEM10B-20161001.zip,1293,1324032,2016/10/01,/kiban/app/api/download/file/538748,津城跡
717767,DEM1A,523603,FG-GML-523603-DEM1A-20260522.zip,114578,117327872,2026/05/22,/kiban/app/api/download/file/717767,津城跡
720025,DEM5A,523603,FG-GML-523603-DEM5A-20260522.zip,7202,7374848,2026/05/22,/kiban/app/api/download/file/720025,津城跡
729799,DEM5B,523603,FG-GML-523603-DEM5B-20161001.zip,154,157696,2016/10/01,/kiban/app/api/download/file/729799,津城跡
538749,DEM10B,523604,FG-GML-523604-DEM10B-20161001.zip,190,194560,2016/10/01,/kiban/app/api/download/file/538749,津城跡
717768,DEM1A,523604,FG-GML-523604-DEM1A-20260522.zip,58,59392,2026/05/22,/kiban/app/api/download/file/717768,津城跡
720026,DEM5A,523604,FG-GML-523604-DEM5A-20260522.zip,1408,1441792,2026/05/22,/kiban/app/api/download/file/720026,津城跡
538752,DEM10B,523610,FG-GML-523610-DEM10B-20161001.zip,1785,1827840,2016/10/01,/kiban/app/api/download/file/538752,伊賀上野城
663888,DEM1A,523610,FG-GML-523610-DEM1A-20250908.zip,166954,170960896,2025/09/08,/kiban/app/api/download/file/663888,伊賀上野城
662409,DEM5A,523610,FG-GML-523610-DEM5A-20250908.zip,6401,6554624,2025/09/08,/kiban/app/api/download/file/662409,伊賀上野城
729801,DEM5B,523610,FG-GML-523610-DEM5B-20161001.zip,5172,5296128,2016/10/01,/kiban/app/api/download/file/729801,伊賀上野城
538753,DEM10B,523611,FG-GML-523611-DEM10B-20161001.zip,1517,1553408,2016/10/01,/kiban/app/api/download/file/538753,伊賀上野城
612729,DEM1A,523611,FG-GML-523611-DEM1A-20250613.zip,147627,151170048,2025/06/13,/kiban/app/api/download/file/612729,伊賀上野城
617864,DEM5A,523611,FG-GML-523611-DEM5A-20250620.zip,5036,5156864,2025/06/20,/kiban/app/api/download/file/617864,伊賀上野城
729803,DEM5B,523611,FG-GML-523611-DEM5B-20161001.zip,5856,5996544,2016/10/01,/kiban/app/api/download/file/729803,伊賀上野城
538780,DEM10B,523645,FG-GML-523645-DEM10B-20161001.zip,611,625664,2016/10/01,/kiban/app/api/download/file/538780,ナガシマスパーランド
685664,DEM1A,523645,FG-GML-523645-DEM1A-20251208.zip,16413,16806912,2025/12/08,/kiban/app/api/download/file/685664,ナガシマスパーランド
686700,DEM5A,523645,FG-GML-523645-DEM5A-20251208.zip,4233,4334592,2025/12/08,/kiban/app/api/download/file/686700,ナガシマスパーランド
729848,DEM5B,523645,FG-GML-523645-DEM5B-20100625.zip,2258,2312192,2010/06/25,/kiban/app/api/download/file/729848,ナガシマスパーランド
538781,DEM10B,523646,FG-GML-523646-DEM10B-20161001.zip,272,278528,2016/10/01,/kiban/app/api/download/file/538781,ナガシマスパーランド|レゴランド・ジャパン
612752,DEM1A,523646,FG-GML-523646-DEM1A-20250613.zip,10708,10964992,2025/06/13,/kiban/app/api/download/file/612752,ナガシマスパーランド|レゴランド・ジャパン
617892,DEM5A,523646,FG-GML-523646-DEM5A-20250620.zip,2664,2727936,2025/06/20,/kiban/app/api/download/file/617892,ナガシマスパーランド|レゴランド・ジャパン
729852,DEM5B,523646,FG-GML-523646-DEM5B-20190701.zip,451,461824,2019/07/01,/kiban/app/api/download/file/729852,ナガシマスパーランド|レゴランド・ジャパン
538782,DEM10B,523647,FG-GML-523647-DEM10B-20161001.zip,984,1007616,2016/10/01,/kiban/app/api/download/file/538782,レゴランド・ジャパン
617893,DEM5A,523647,FG-GML-523647-DEM5A-20250620.zip,6177,6325248,2025/06/20,/kiban/app/api/download/file/617893,レゴランド・ジャパン
729853,DEM5B,523647,FG-GML-523647-DEM5B-20100115.zip,4086,4184064,2010/01/15,/kiban/app/api/download/file/729853,レゴランド・ジャパン
538789,DEM10B,523656,FG-GML-523656-DEM10B-20161001.zip,285,291840,2016/10/01,/kiban/app/api/download/file/538789,ミッドランドスクエア|名古屋ルーセントタワー|大名古屋ビルヂング|JRセントラルタワーズ|Sky-Boat
617900,DEM5A,523656,FG-GML-523656-DEM5A-20250620.zip,3499,3582976,2025/06/20,/kiban/app/api/download/file/617900,ミッドランドスクエア|名古屋ルーセントタワー|大名古屋ビルヂング|JRセントラルタワーズ|Sky-Boat
538790,DEM10B,523657,FG-GML-523657-DEM10B-20161001.zip,843,863232,2016/10/01,/kiban/app/api/download/file/538790,名古屋城|ミッドランドスクエア|名古屋ルーセントタワー|大名古屋ビルヂング|JRセントラルタワーズ|中部電力 MIRAI TOWER（名古屋テレビ塔）|Sky-Boat
617901,DEM5A,523657,FG-GML-523657-DEM5A-20250620.zip,5671,5807104,2025/06/20,/kiban/app/api/download/file/617901,名古屋城|ミッドランドスクエア|名古屋ルーセントタワー|大名古屋ビルヂング|JRセントラルタワーズ|中部電力 MIRAI TOWER（名古屋テレビ塔）|Sky-Boat
729865,DEM5B,523657,FG-GML-523657-DEM5B-20100115.zip,707,723968,2010/01/15,/kiban/app/api/download/file/729865,名古屋城|ミッドランドスクエア|名古屋ルーセントタワー|大名古屋ビルヂング|JRセントラルタワーズ|中部電力 MIRAI TOWER（名古屋テレビ塔）|Sky-Boat
538792,DEM10B,523661,FG-GML-523661-DEM10B-20161001.zip,446,456704,2016/10/01,/kiban/app/api/download/file/538792,彦根城
612760,DEM1A,523661,FG-GML-523661-DEM1A-20250613.zip,87536,89636864,2025/06/13,/kiban/app/api/download/file/612760,彦根城
617903,DEM5A,523661,FG-GML-523661-DEM5A-20250620.zip,4294,4397056,2025/06/20,/kiban/app/api/download/file/617903,彦根城
615132,DEM5B,523661,FG-GML-523661-DEM5B-20250609.zip,16,16384,2025/06/09,/kiban/app/api/download/file/615132,彦根城
538793,DEM10B,523662,FG-GML-523662-DEM10B-20161001.zip,1728,1769472,2016/10/01,/kiban/app/api/download/file/538793,彦根城
612761,DEM1A,523662,FG-GML-523662-DEM1A-20250613.zip,198304,203063296,2025/06/13,/kiban/app/api/download/file/612761,彦根城
617904,DEM5A,523662,FG-GML-523662-DEM5A-20250620.zip,8543,8748032,2025/06/20,/kiban/app/api/download/file/617904,彦根城
546706,DEM5B,523662,FG-GML-523662-DEM5B-20161001.zip,168,172032,2016/10/01,/kiban/app/api/download/file/546706,彦根城
547547,DEM5C,523662,FG-GML-523662-DEM5C-20220124.zip,82,83968,2022/01/24,/kiban/app/api/download/file/547547,彦根城
538797,DEM10B,523666,FG-GML-523666-DEM10B-20161001.zip,291,297984,2016/10/01,/kiban/app/api/download/file/538797,名古屋城|清州城天主閣（模擬天守）|清洲古城跡公園（史跡・本来の城跡）|ミッドランドスクエア|名古屋ルーセントタワー|大名古屋ビルヂング|JRセントラルタワーズ|Sky-Boat
617908,DEM5A,523666,FG-GML-523666-DEM5A-20250620.zip,3968,4063232,2025/06/20,/kiban/app/api/download/file/617908,名古屋城|清州城天主閣（模擬天守）|清洲古城跡公園（史跡・本来の城跡）|ミッドランドスクエア|名古屋ルーセントタワー|大名古屋ビルヂング|JRセントラルタワーズ|Sky-Boat
538798,DEM10B,523667,FG-GML-523667-DEM10B-20161001.zip,610,624640,2016/10/01,/kiban/app/api/download/file/538798,名古屋城|清州城天主閣（模擬天守）|ミッドランドスクエア|名古屋ルーセントタワー|大名古屋ビルヂング|JRセントラルタワーズ|中部電力 MIRAI TOWER（名古屋テレビ塔）|Sky-Boat
617909,DEM5A,523667,FG-GML-523667-DEM5A-20250620.zip,3801,3892224,2025/06/20,/kiban/app/api/download/file/617909,名古屋城|清州城天主閣（模擬天守）|ミッドランドスクエア|名古屋ルーセントタワー|大名古屋ビルヂング|JRセントラルタワーズ|中部電力 MIRAI TOWER（名古屋テレビ塔）|Sky-Boat
729873,DEM5B,523667,FG-GML-523667-DEM5B-20100115.zip,670,686080,2010/01/15,/kiban/app/api/download/file/729873,名古屋城|清州城天主閣（模擬天守）|ミッドランドスクエア|名古屋ルーセントタワー|大名古屋ビルヂング|JRセントラルタワーズ|中部電力 MIRAI TOWER（名古屋テレビ塔）|Sky-Boat
538800,DEM10B,523671,FG-GML-523671-DEM10B-20161001.zip,76,77824,2016/10/01,/kiban/app/api/download/file/538800,彦根城
612766,DEM1A,523671,FG-GML-523671-DEM1A-20250613.zip,11606,11884544,2025/06/13,/kiban/app/api/download/file/612766,彦根城
617911,DEM5A,523671,FG-GML-523671-DEM5A-20250620.zip,570,583680,2025/06/20,/kiban/app/api/download/file/617911,彦根城
615133,DEM5B,523671,FG-GML-523671-DEM5B-20250609.zip,138,141312,2025/06/09,/kiban/app/api/download/file/615133,彦根城
538801,DEM10B,523672,FG-GML-523672-DEM10B-20161001.zip,1640,1679360,2016/10/01,/kiban/app/api/download/file/538801,彦根城
612767,DEM1A,523672,FG-GML-523672-DEM1A-20250613.zip,157933,161723392,2025/06/13,/kiban/app/api/download/file/612767,彦根城
617912,DEM5A,523672,FG-GML-523672-DEM5A-20250620.zip,7120,7290880,2025/06/20,/kiban/app/api/download/file/617912,彦根城
615134,DEM5B,523672,FG-GML-523672-DEM5B-20250609.zip,4,4096,2025/06/09,/kiban/app/api/download/file/615134,彦根城
538805,DEM10B,523676,FG-GML-523676-DEM10B-20161001.zip,260,266240,2016/10/01,/kiban/app/api/download/file/538805,ツインアーチ138（138タワーパーク）
717773,DEM1A,523676,FG-GML-523676-DEM1A-20260616.zip,117,119808,2026/06/16,/kiban/app/api/download/file/717773,ツインアーチ138（138タワーパーク）
720031,DEM5A,523676,FG-GML-523676-DEM5A-20260616.zip,4844,4960256,2026/06/16,/kiban/app/api/download/file/720031,ツインアーチ138（138タワーパーク）
538806,DEM10B,523677,FG-GML-523677-DEM10B-20161001.zip,752,770048,2016/10/01,/kiban/app/api/download/file/538806,小牧山城跡
612772,DEM1A,523677,FG-GML-523677-DEM1A-20250613.zip,6053,6198272,2025/06/13,/kiban/app/api/download/file/612772,小牧山城跡
617917,DEM5A,523677,FG-GML-523677-DEM5A-20250620.zip,5473,5604352,2025/06/20,/kiban/app/api/download/file/617917,小牧山城跡
729880,DEM5B,523677,FG-GML-523677-DEM5B-20100115.zip,713,730112,2010/01/15,/kiban/app/api/download/file/729880,小牧山城跡
538809,DEM10B,523702,FG-GML-523702-DEM10B-20161001.zip,637,652288,2016/10/01,/kiban/app/api/download/file/538809,吉田城
717775,DEM1A,523702,FG-GML-523702-DEM1A-20260616.zip,70465,72156160,2026/06/16,/kiban/app/api/download/file/717775,吉田城
720033,DEM5A,523702,FG-GML-523702-DEM5A-20260616.zip,3821,3912704,2026/06/16,/kiban/app/api/download/file/720033,吉田城
615135,DEM5B,523702,FG-GML-523702-DEM5B-20250609.zip,15,15360,2025/06/09,/kiban/app/api/download/file/615135,吉田城
538810,DEM10B,523703,FG-GML-523703-DEM10B-20161001.zip,1164,1191936,2016/10/01,/kiban/app/api/download/file/538810,吉田城|岩屋観音（豊橋）
717776,DEM1A,523703,FG-GML-523703-DEM1A-20260616.zip,118900,121753600,2026/06/16,/kiban/app/api/download/file/717776,吉田城|岩屋観音（豊橋）
720034,DEM5A,523703,FG-GML-523703-DEM5A-20260616.zip,6052,6197248,2026/06/16,/kiban/app/api/download/file/720034,吉田城|岩屋観音（豊橋）
729884,DEM5B,523703,FG-GML-523703-DEM5B-20090901.zip,6229,6378496,2009/09/01,/kiban/app/api/download/file/729884,吉田城|岩屋観音（豊橋）
538812,DEM10B,523705,FG-GML-523705-DEM10B-20161001.zip,600,614400,2016/10/01,/kiban/app/api/download/file/538812,浜松城|アクトタワー（浜松）
612778,DEM1A,523705,FG-GML-523705-DEM1A-20250613.zip,122611,125553664,2025/06/13,/kiban/app/api/download/file/612778,浜松城|アクトタワー（浜松）
617923,DEM5A,523705,FG-GML-523705-DEM5A-20250620.zip,5732,5869568,2025/06/20,/kiban/app/api/download/file/617923,浜松城|アクトタワー（浜松）
729885,DEM5B,523705,FG-GML-523705-DEM5B-20100122.zip,4517,4625408,2010/01/22,/kiban/app/api/download/file/729885,浜松城|アクトタワー（浜松）
538813,DEM10B,523706,FG-GML-523706-DEM10B-20161001.zip,418,428032,2016/10/01,/kiban/app/api/download/file/538813,浜松城|アクトタワー（浜松）
612779,DEM1A,523706,FG-GML-523706-DEM1A-20250613.zip,120233,123118592,2025/06/13,/kiban/app/api/download/file/612779,浜松城|アクトタワー（浜松）
617924,DEM5A,523706,FG-GML-523706-DEM5A-20250620.zip,5588,5722112,2025/06/20,/kiban/app/api/download/file/617924,浜松城|アクトタワー（浜松）
729886,DEM5B,523706,FG-GML-523706-DEM5B-20100122.zip,3816,3907584,2010/01/22,/kiban/app/api/download/file/729886,浜松城|アクトタワー（浜松）
538817,DEM10B,523712,FG-GML-523712-DEM10B-20161001.zip,445,455680,2016/10/01,/kiban/app/api/download/file/538817,吉田城
717777,DEM1A,523712,FG-GML-523712-DEM1A-20260616.zip,16118,16504832,2026/06/16,/kiban/app/api/download/file/717777,吉田城
720035,DEM5A,523712,FG-GML-523712-DEM5A-20260616.zip,3666,3753984,2026/06/16,/kiban/app/api/download/file/720035,吉田城
729890,DEM5B,523712,FG-GML-523712-DEM5B-20090901.zip,3087,3161088,2009/09/01,/kiban/app/api/download/file/729890,吉田城
538818,DEM10B,523713,FG-GML-523713-DEM10B-20161001.zip,1203,1231872,2016/10/01,/kiban/app/api/download/file/538818,吉田城|岩屋観音（豊橋）
717778,DEM1A,523713,FG-GML-523713-DEM1A-20260616.zip,98235,100592640,2026/06/16,/kiban/app/api/download/file/717778,吉田城|岩屋観音（豊橋）
720036,DEM5A,523713,FG-GML-523713-DEM5A-20260616.zip,5850,5990400,2026/06/16,/kiban/app/api/download/file/720036,吉田城|岩屋観音（豊橋）
729891,DEM5B,523713,FG-GML-523713-DEM5B-20090901.zip,6518,6674432,2009/09/01,/kiban/app/api/download/file/729891,吉田城|岩屋観音（豊橋）
538822,DEM10B,523717,FG-GML-523717-DEM10B-20161001.zip,1121,1147904,2016/10/01,/kiban/app/api/download/file/538822,掛川城
612787,DEM1A,523717,FG-GML-523717-DEM1A-20250613.zip,155113,158835712,2025/06/13,/kiban/app/api/download/file/612787,掛川城
617933,DEM5A,523717,FG-GML-523717-DEM5A-20250620.zip,7021,7189504,2025/06/20,/kiban/app/api/download/file/617933,掛川城
729893,DEM5B,523717,FG-GML-523717-DEM5B-20100122.zip,1799,1842176,2010/01/22,/kiban/app/api/download/file/729893,掛川城
538832,DEM10B,523731,FG-GML-523731-DEM10B-20161001.zip,1264,1294336,2016/10/01,/kiban/app/api/download/file/538832,岡崎城
612797,DEM1A,523731,FG-GML-523731-DEM1A-20250613.zip,87371,89467904,2025/06/13,/kiban/app/api/download/file/612797,岡崎城
617943,DEM5A,523731,FG-GML-523731-DEM5A-20250620.zip,5469,5600256,2025/06/20,/kiban/app/api/download/file/617943,岡崎城
538866,DEM10B,523773,FG-GML-523773-DEM10B-20161001.zip,1943,1989632,2016/10/01,/kiban/app/api/download/file/538866,岩村城跡
685676,DEM1A,523773,FG-GML-523773-DEM1A-20251113.zip,57783,59169792,2025/11/13,/kiban/app/api/download/file/685676,岩村城跡
686712,DEM5A,523773,FG-GML-523773-DEM5A-20251113.zip,8868,9080832,2025/11/13,/kiban/app/api/download/file/686712,岩村城跡
538871,DEM10B,523800,FG-GML-523800-DEM10B-20161001.zip,1348,1380352,2016/10/01,/kiban/app/api/download/file/538871,掛川城|高天神城跡
612831,DEM1A,523800,FG-GML-523800-DEM1A-20250613.zip,171523,175639552,2025/06/13,/kiban/app/api/download/file/612831,掛川城|高天神城跡
617982,DEM5A,523800,FG-GML-523800-DEM5A-20250620.zip,7541,7721984,2025/06/20,/kiban/app/api/download/file/617982,掛川城|高天神城跡
538876,DEM10B,523807,FG-GML-523807-DEM10B-20161001.zip,1674,1714176,2016/10/01,/kiban/app/api/download/file/538876,下田城跡
612836,DEM1A,523807,FG-GML-523807-DEM1A-20250613.zip,190927,195509248,2025/06/13,/kiban/app/api/download/file/612836,下田城跡
617987,DEM5A,523807,FG-GML-523807-DEM5A-20250620.zip,6432,6586368,2025/06/20,/kiban/app/api/download/file/617987,下田城跡
538877,DEM10B,523810,FG-GML-523810-DEM10B-20161001.zip,1571,1608704,2016/10/01,/kiban/app/api/download/file/538877,掛川城
612837,DEM1A,523810,FG-GML-523810-DEM1A-20250613.zip,187217,191710208,2025/06/13,/kiban/app/api/download/file/612837,掛川城
617988,DEM5A,523810,FG-GML-523810-DEM5A-20250620.zip,8141,8336384,2025/06/20,/kiban/app/api/download/file/617988,掛川城
538887,DEM10B,523827,FG-GML-523827-DEM10B-20161001.zip,2057,2106368,2016/10/01,/kiban/app/api/download/file/538887,天城山
612847,DEM1A,523827,FG-GML-523827-DEM1A-20250613.zip,225483,230894592,2025/06/13,/kiban/app/api/download/file/612847,天城山
617998,DEM5A,523827,FG-GML-523827-DEM5A-20250620.zip,9254,9476096,2025/06/20,/kiban/app/api/download/file/617998,天城山
538890,DEM10B,523832,FG-GML-523832-DEM10B-20161001.zip,1690,1730560,2016/10/01,/kiban/app/api/download/file/538890,駿府城
612850,DEM1A,523832,FG-GML-523832-DEM1A-20250613.zip,157174,160946176,2025/06/13,/kiban/app/api/download/file/612850,駿府城
618001,DEM5A,523832,FG-GML-523832-DEM5A-20250620.zip,7215,7388160,2025/06/20,/kiban/app/api/download/file/618001,駿府城
615149,DEM5B,523832,FG-GML-523832-DEM5B-20250609.zip,552,565248,2025/06/09,/kiban/app/api/download/file/615149,駿府城
538891,DEM10B,523833,FG-GML-523833-DEM10B-20161001.zip,745,762880,2016/10/01,/kiban/app/api/download/file/538891,駿府城
612851,DEM1A,523833,FG-GML-523833-DEM1A-20250613.zip,92082,94291968,2025/06/13,/kiban/app/api/download/file/612851,駿府城
618002,DEM5A,523833,FG-GML-523833-DEM5A-20250620.zip,4246,4347904,2025/06/20,/kiban/app/api/download/file/618002,駿府城
615150,DEM5B,523833,FG-GML-523833-DEM5B-20250609.zip,2,2048,2025/06/09,/kiban/app/api/download/file/615150,駿府城
538897,DEM10B,523842,FG-GML-523842-DEM10B-20161001.zip,1925,1971200,2016/10/01,/kiban/app/api/download/file/538897,駿府城
612857,DEM1A,523842,FG-GML-523842-DEM1A-20250613.zip,156351,160103424,2025/06/13,/kiban/app/api/download/file/612857,駿府城
618008,DEM5A,523842,FG-GML-523842-DEM5A-20250620.zip,7345,7521280,2025/06/20,/kiban/app/api/download/file/618008,駿府城
729919,DEM5B,523842,FG-GML-523842-DEM5B-20101001.zip,5867,6007808,2010/10/01,/kiban/app/api/download/file/729919,駿府城
538898,DEM10B,523843,FG-GML-523843-DEM10B-20161001.zip,1503,1539072,2016/10/01,/kiban/app/api/download/file/538898,駿府城
612858,DEM1A,523843,FG-GML-523843-DEM1A-20250613.zip,180577,184910848,2025/06/13,/kiban/app/api/download/file/612858,駿府城
618009,DEM5A,523843,FG-GML-523843-DEM5A-20250620.zip,7946,8136704,2025/06/20,/kiban/app/api/download/file/618009,駿府城
615153,DEM5B,523843,FG-GML-523843-DEM5B-20250609.zip,1767,1809408,2025/06/09,/kiban/app/api/download/file/615153,駿府城
536948,DEM10A,523854,FG-GML-523854-DEM10A-20161001.zip,35,35840,2016/10/01,/kiban/app/api/download/file/536948,Fuji Sky View
538906,DEM10B,523854,FG-GML-523854-DEM10B-20161001.zip,1593,1631232,2016/10/01,/kiban/app/api/download/file/538906,Fuji Sky View
717789,DEM1A,523854,FG-GML-523854-DEM1A-20260616.zip,168422,172464128,2026/06/16,/kiban/app/api/download/file/717789,Fuji Sky View
720047,DEM5A,523854,FG-GML-523854-DEM5A-20260616.zip,7469,7648256,2026/06/16,/kiban/app/api/download/file/720047,Fuji Sky View
615156,DEM5B,523854,FG-GML-523854-DEM5B-20250609.zip,2439,2497536,2025/06/09,/kiban/app/api/download/file/615156,Fuji Sky View
536949,DEM10A,523855,FG-GML-523855-DEM10A-20161001.zip,596,610304,2016/10/01,/kiban/app/api/download/file/536949,Fuji Sky View
538907,DEM10B,523855,FG-GML-523855-DEM10B-20161001.zip,278,284672,2016/10/01,/kiban/app/api/download/file/538907,Fuji Sky View
717790,DEM1A,523855,FG-GML-523855-DEM1A-20260616.zip,49597,50787328,2026/06/16,/kiban/app/api/download/file/717790,Fuji Sky View
720048,DEM5A,523855,FG-GML-523855-DEM5A-20260616.zip,2539,2599936,2026/06/16,/kiban/app/api/download/file/720048,Fuji Sky View
536951,DEM10A,523864,FG-GML-523864-DEM10A-20161001.zip,515,527360,2016/10/01,/kiban/app/api/download/file/536951,Fuji Sky View
538914,DEM10B,523864,FG-GML-523864-DEM10B-20161001.zip,1804,1847296,2016/10/01,/kiban/app/api/download/file/538914,Fuji Sky View
717793,DEM1A,523864,FG-GML-523864-DEM1A-20260616.zip,187531,192031744,2026/06/16,/kiban/app/api/download/file/717793,Fuji Sky View
720051,DEM5A,523864,FG-GML-523864-DEM5A-20260616.zip,8540,8744960,2026/06/16,/kiban/app/api/download/file/720051,Fuji Sky View
615157,DEM5B,523864,FG-GML-523864-DEM5B-20250609.zip,1060,1085440,2025/06/09,/kiban/app/api/download/file/615157,Fuji Sky View
536952,DEM10A,523865,FG-GML-523865-DEM10A-20161001.zip,2212,2265088,2016/10/01,/kiban/app/api/download/file/536952,Fuji Sky View
538915,DEM10B,523865,FG-GML-523865-DEM10B-20161001.zip,1704,1744896,2016/10/01,/kiban/app/api/download/file/538915,Fuji Sky View
612875,DEM1A,523865,FG-GML-523865-DEM1A-20250613.zip,93516,95760384,2025/06/13,/kiban/app/api/download/file/612875,Fuji Sky View
618026,DEM5A,523865,FG-GML-523865-DEM5A-20250620.zip,5528,5660672,2025/06/20,/kiban/app/api/download/file/618026,Fuji Sky View
536963,DEM10A,523920,FG-GML-523920-DEM10A-20161001.zip,1729,1770496,2016/10/01,/kiban/app/api/download/file/536963,天城山
538932,DEM10B,523920,FG-GML-523920-DEM10B-20161001.zip,1807,1850368,2016/10/01,/kiban/app/api/download/file/538932,天城山
612892,DEM1A,523920,FG-GML-523920-DEM1A-20250613.zip,190556,195129344,2025/06/13,/kiban/app/api/download/file/612892,天城山
618043,DEM5A,523920,FG-GML-523920-DEM5A-20250620.zip,6163,6310912,2025/06/20,/kiban/app/api/download/file/618043,天城山
615159,DEM5B,523920,FG-GML-523920-DEM5B-20250609.zip,99,101376,2025/06/09,/kiban/app/api/download/file/615159,天城山
538940,DEM10B,523940,FG-GML-523940-DEM10B-20161001.zip,1450,1484800,2016/10/01,/kiban/app/api/download/file/538940,熱海城
612896,DEM1A,523940,FG-GML-523940-DEM1A-20250613.zip,151143,154770432,2025/06/13,/kiban/app/api/download/file/612896,熱海城
618051,DEM5A,523940,FG-GML-523940-DEM5A-20250620.zip,4884,5001216,2025/06/20,/kiban/app/api/download/file/618051,熱海城
729935,DEM5B,523940,FG-GML-523940-DEM5B-20161001.zip,536,548864,2016/10/01,/kiban/app/api/download/file/729935,熱海城
538944,DEM10B,523950,FG-GML-523950-DEM10B-20161001.zip,1688,1728512,2016/10/01,/kiban/app/api/download/file/538944,熱海城
612899,DEM1A,523950,FG-GML-523950-DEM1A-20250613.zip,176965,181212160,2025/06/13,/kiban/app/api/download/file/612899,熱海城
618055,DEM5A,523950,FG-GML-523950-DEM5A-20250620.zip,5724,5861376,2025/06/20,/kiban/app/api/download/file/618055,熱海城
615163,DEM5B,523950,FG-GML-523950-DEM5B-20250609.zip,110,112640,2025/06/09,/kiban/app/api/download/file/615163,熱海城
538950,DEM10B,523960,FG-GML-523960-DEM10B-20161001.zip,2026,2074624,2016/10/01,/kiban/app/api/download/file/538950,小田原城
612905,DEM1A,523960,FG-GML-523960-DEM1A-20250613.zip,214641,219792384,2025/06/13,/kiban/app/api/download/file/612905,小田原城
618061,DEM5A,523960,FG-GML-523960-DEM5A-20250620.zip,7101,7271424,2025/06/20,/kiban/app/api/download/file/618061,小田原城
729942,DEM5B,523960,FG-GML-523960-DEM5B-20161001.zip,2120,2170880,2016/10/01,/kiban/app/api/download/file/729942,小田原城
538951,DEM10B,523961,FG-GML-523961-DEM10B-20161001.zip,361,369664,2016/10/01,/kiban/app/api/download/file/538951,小田原城
612906,DEM1A,523961,FG-GML-523961-DEM1A-20250613.zip,30437,31167488,2025/06/13,/kiban/app/api/download/file/612906,小田原城
618062,DEM5A,523961,FG-GML-523961-DEM5A-20250620.zip,1035,1059840,2025/06/20,/kiban/app/api/download/file/618062,小田原城
615165,DEM5B,523961,FG-GML-523961-DEM5B-20250609.zip,565,578560,2025/06/09,/kiban/app/api/download/file/615165,小田原城
538956,DEM10B,523970,FG-GML-523970-DEM10B-20161001.zip,2004,2052096,2016/10/01,/kiban/app/api/download/file/538956,小田原城
612911,DEM1A,523970,FG-GML-523970-DEM1A-20250613.zip,195237,199922688,2025/06/13,/kiban/app/api/download/file/612911,小田原城
618067,DEM5A,523970,FG-GML-523970-DEM5A-20250620.zip,6903,7068672,2025/06/20,/kiban/app/api/download/file/618067,小田原城
538957,DEM10B,523971,FG-GML-523971-DEM10B-20161001.zip,1018,1042432,2016/10/01,/kiban/app/api/download/file/538957,小田原城
612912,DEM1A,523971,FG-GML-523971-DEM1A-20250613.zip,83779,85789696,2025/06/13,/kiban/app/api/download/file/612912,小田原城
618068,DEM5A,523971,FG-GML-523971-DEM5A-20250620.zip,3822,3913728,2025/06/20,/kiban/app/api/download/file/618068,小田原城
615168,DEM5B,523971,FG-GML-523971-DEM5B-20250609.zip,418,428032,2025/06/09,/kiban/app/api/download/file/615168,小田原城
538986,DEM10B,533301,FG-GML-533301-DEM10B-20161001.zip,1709,1750016,2016/10/01,/kiban/app/api/download/file/538986,月山富田城跡
663894,DEM1A,533301,FG-GML-533301-DEM1A-20250908.zip,165463,169434112,2025/09/08,/kiban/app/api/download/file/663894,月山富田城跡
662414,DEM5A,533301,FG-GML-533301-DEM5A-20250908.zip,8891,9104384,2025/09/08,/kiban/app/api/download/file/662414,月山富田城跡
615179,DEM5B,533301,FG-GML-533301-DEM5B-20250609.zip,2748,2813952,2025/06/09,/kiban/app/api/download/file/615179,月山富田城跡
538987,DEM10B,533302,FG-GML-533302-DEM10B-20161001.zip,1512,1548288,2016/10/01,/kiban/app/api/download/file/538987,米子城跡
663895,DEM1A,533302,FG-GML-533302-DEM1A-20250908.zip,153746,157435904,2025/09/08,/kiban/app/api/download/file/663895,米子城跡
662415,DEM5A,533302,FG-GML-533302-DEM5A-20250908.zip,6958,7124992,2025/09/08,/kiban/app/api/download/file/662415,米子城跡
615180,DEM5B,533302,FG-GML-533302-DEM5B-20250609.zip,2654,2717696,2025/06/09,/kiban/app/api/download/file/615180,米子城跡
538989,DEM10B,533304,FG-GML-533304-DEM10B-20161001.zip,2109,2159616,2016/10/01,/kiban/app/api/download/file/538989,大山（鳥取・弥山）
663896,DEM1A,533304,FG-GML-533304-DEM1A-20250908.zip,218805,224056320,2025/09/08,/kiban/app/api/download/file/663896,大山（鳥取・弥山）
662416,DEM5A,533304,FG-GML-533304-DEM5A-20250908.zip,7730,7915520,2025/09/08,/kiban/app/api/download/file/662416,大山（鳥取・弥山）
538992,DEM10B,533307,FG-GML-533307-DEM10B-20161001.zip,2055,2104320,2016/10/01,/kiban/app/api/download/file/538992,三徳山三佛寺 投入堂
685701,DEM1A,533307,FG-GML-533307-DEM1A-20251208.zip,219657,224928768,2025/12/08,/kiban/app/api/download/file/685701,三徳山三佛寺 投入堂
686737,DEM5A,533307,FG-GML-533307-DEM5A-20251208.zip,7273,7447552,2025/12/08,/kiban/app/api/download/file/686737,三徳山三佛寺 投入堂
538993,DEM10B,533310,FG-GML-533310-DEM10B-20161001.zip,1072,1097728,2016/10/01,/kiban/app/api/download/file/538993,松江城
663899,DEM1A,533310,FG-GML-533310-DEM1A-20250908.zip,7563,7744512,2025/09/08,/kiban/app/api/download/file/663899,松江城
662419,DEM5A,533310,FG-GML-533310-DEM5A-20250908.zip,6325,6476800,2025/09/08,/kiban/app/api/download/file/662419,松江城
729954,DEM5B,533310,FG-GML-533310-DEM5B-20101101.zip,1159,1186816,2010/11/01,/kiban/app/api/download/file/729954,松江城
538995,DEM10B,533312,FG-GML-533312-DEM10B-20161001.zip,337,345088,2016/10/01,/kiban/app/api/download/file/538995,米子城跡
663901,DEM1A,533312,FG-GML-533312-DEM1A-20250908.zip,19631,20102144,2025/09/08,/kiban/app/api/download/file/663901,米子城跡
662421,DEM5A,533312,FG-GML-533312-DEM5A-20250908.zip,3704,3792896,2025/09/08,/kiban/app/api/download/file/662421,米子城跡
615182,DEM5B,533312,FG-GML-533312-DEM5B-20250609.zip,530,542720,2025/06/09,/kiban/app/api/download/file/615182,米子城跡
539000,DEM10B,533317,FG-GML-533317-DEM10B-20161001.zip,1816,1859584,2016/10/01,/kiban/app/api/download/file/539000,三徳山三佛寺 投入堂
612942,DEM1A,533317,FG-GML-533317-DEM1A-20250613.zip,80974,82917376,2025/06/13,/kiban/app/api/download/file/612942,三徳山三佛寺 投入堂
618111,DEM5A,533317,FG-GML-533317-DEM5A-20250620.zip,7872,8060928,2025/06/20,/kiban/app/api/download/file/618111,三徳山三佛寺 投入堂
539001,DEM10B,533320,FG-GML-533320-DEM10B-20161001.zip,1516,1552384,2016/10/01,/kiban/app/api/download/file/539001,松江城
663902,DEM1A,533320,FG-GML-533320-DEM1A-20250908.zip,95211,97496064,2025/09/08,/kiban/app/api/download/file/663902,松江城
662422,DEM5A,533320,FG-GML-533320-DEM5A-20250908.zip,6113,6259712,2025/09/08,/kiban/app/api/download/file/662422,松江城
729956,DEM5B,533320,FG-GML-533320-DEM5B-20101101.zip,700,716800,2010/11/01,/kiban/app/api/download/file/729956,松江城
539022,DEM10B,533411,FG-GML-533411-DEM10B-20161001.zip,1446,1480704,2016/10/01,/kiban/app/api/download/file/539022,鳥取城跡
612956,DEM1A,533411,FG-GML-533411-DEM1A-20250613.zip,182252,186626048,2025/06/13,/kiban/app/api/download/file/612956,鳥取城跡
618130,DEM5A,533411,FG-GML-533411-DEM5A-20250620.zip,7934,8124416,2025/06/20,/kiban/app/api/download/file/618130,鳥取城跡
615193,DEM5B,533411,FG-GML-533411-DEM5B-20250609.zip,6037,6181888,2025/06/09,/kiban/app/api/download/file/615193,鳥取城跡
539023,DEM10B,533412,FG-GML-533412-DEM10B-20161001.zip,1830,1873920,2016/10/01,/kiban/app/api/download/file/539023,鳥取城跡
612957,DEM1A,533412,FG-GML-533412-DEM1A-20250613.zip,204039,208935936,2025/06/13,/kiban/app/api/download/file/612957,鳥取城跡
618131,DEM5A,533412,FG-GML-533412-DEM5A-20250620.zip,8742,8951808,2025/06/20,/kiban/app/api/download/file/618131,鳥取城跡
615194,DEM5B,533412,FG-GML-533412-DEM5B-20250609.zip,5408,5537792,2025/06/09,/kiban/app/api/download/file/615194,鳥取城跡
539027,DEM10B,533416,FG-GML-533416-DEM10B-20161001.zip,1611,1649664,2016/10/01,/kiban/app/api/download/file/539027,出石城跡
663915,DEM1A,533416,FG-GML-533416-DEM1A-20250828.zip,163546,167471104,2025/08/28,/kiban/app/api/download/file/663915,出石城跡
662435,DEM5A,533416,FG-GML-533416-DEM5A-20250828.zip,7711,7896064,2025/08/28,/kiban/app/api/download/file/662435,出石城跡
539028,DEM10B,533417,FG-GML-533417-DEM10B-20161001.zip,1915,1960960,2016/10/01,/kiban/app/api/download/file/539028,出石城跡
663916,DEM1A,533417,FG-GML-533417-DEM1A-20250828.zip,222139,227470336,2025/08/28,/kiban/app/api/download/file/663916,出石城跡
662436,DEM5A,533417,FG-GML-533417-DEM5A-20250828.zip,9628,9859072,2025/08/28,/kiban/app/api/download/file/662436,出石城跡
539030,DEM10B,533421,FG-GML-533421-DEM10B-20161001.zip,475,486400,2016/10/01,/kiban/app/api/download/file/539030,鳥取城跡
612960,DEM1A,533421,FG-GML-533421-DEM1A-20250613.zip,63680,65208320,2025/06/13,/kiban/app/api/download/file/612960,鳥取城跡
618138,DEM5A,533421,FG-GML-533421-DEM5A-20250620.zip,2993,3064832,2025/06/20,/kiban/app/api/download/file/618138,鳥取城跡
615195,DEM5B,533421,FG-GML-533421-DEM5B-20250609.zip,2590,2652160,2025/06/09,/kiban/app/api/download/file/615195,鳥取城跡
539031,DEM10B,533422,FG-GML-533422-DEM10B-20161001.zip,1608,1646592,2016/10/01,/kiban/app/api/download/file/539031,鳥取城跡
612961,DEM1A,533422,FG-GML-533422-DEM1A-20250613.zip,191243,195832832,2025/06/13,/kiban/app/api/download/file/612961,鳥取城跡
618139,DEM5A,533422,FG-GML-533422-DEM5A-20250620.zip,8134,8329216,2025/06/20,/kiban/app/api/download/file/618139,鳥取城跡
615196,DEM5B,533422,FG-GML-533422-DEM5B-20250609.zip,5068,5189632,2025/06/09,/kiban/app/api/download/file/615196,鳥取城跡
539089,DEM10B,533602,FG-GML-533602-DEM10B-20161001.zip,984,1007616,2016/10/01,/kiban/app/api/download/file/539089,伊吹山
613001,DEM1A,533602,FG-GML-533602-DEM1A-20250611.zip,106967,109534208,2025/06/11,/kiban/app/api/download/file/613001,伊吹山
618196,DEM5A,533602,FG-GML-533602-DEM5A-20250620.zip,5217,5342208,2025/06/20,/kiban/app/api/download/file/618196,伊吹山
615203,DEM5B,533602,FG-GML-533602-DEM5B-20250609.zip,14,14336,2025/06/09,/kiban/app/api/download/file/615203,伊吹山
539090,DEM10B,533603,FG-GML-533603-DEM10B-20161001.zip,1887,1932288,2016/10/01,/kiban/app/api/download/file/539090,伊吹山
613002,DEM1A,533603,FG-GML-533603-DEM1A-20250611.zip,88373,90493952,2025/06/11,/kiban/app/api/download/file/613002,伊吹山
618197,DEM5A,533603,FG-GML-533603-DEM5A-20250620.zip,6799,6962176,2025/06/20,/kiban/app/api/download/file/618197,伊吹山
539091,DEM10B,533604,FG-GML-533604-DEM10B-20161001.zip,966,989184,2016/10/01,/kiban/app/api/download/file/539091,大垣城
717826,DEM1A,533604,FG-GML-533604-DEM1A-20260616.zip,1352,1384448,2026/06/16,/kiban/app/api/download/file/717826,大垣城
720084,DEM5A,533604,FG-GML-533604-DEM5A-20260616.zip,6469,6624256,2026/06/16,/kiban/app/api/download/file/720084,大垣城
615204,DEM5B,533604,FG-GML-533604-DEM5B-20250609.zip,192,196608,2025/06/09,/kiban/app/api/download/file/615204,大垣城
539092,DEM10B,533605,FG-GML-533605-DEM10B-20161001.zip,265,271360,2016/10/01,/kiban/app/api/download/file/539092,大垣城|墨俣一夜城|岐阜シティ・タワー43
717827,DEM1A,533605,FG-GML-533605-DEM1A-20260616.zip,12397,12694528,2026/06/16,/kiban/app/api/download/file/717827,大垣城|墨俣一夜城|岐阜シティ・タワー43
720085,DEM5A,533605,FG-GML-533605-DEM5A-20260616.zip,4866,4982784,2026/06/16,/kiban/app/api/download/file/720085,大垣城|墨俣一夜城|岐阜シティ・タワー43
729964,DEM5B,533605,FG-GML-533605-DEM5B-20090901.zip,2055,2104320,2009/09/01,/kiban/app/api/download/file/729964,大垣城|墨俣一夜城|岐阜シティ・タワー43
539093,DEM10B,533606,FG-GML-533606-DEM10B-20161001.zip,460,471040,2016/10/01,/kiban/app/api/download/file/539093,岐阜城|岐阜シティ・タワー43|ツインアーチ138（138タワーパーク）
717828,DEM1A,533606,FG-GML-533606-DEM1A-20260616.zip,27191,27843584,2026/06/16,/kiban/app/api/download/file/717828,岐阜城|岐阜シティ・タワー43|ツインアーチ138（138タワーパーク）
720086,DEM5A,533606,FG-GML-533606-DEM5A-20260616.zip,4199,4299776,2026/06/16,/kiban/app/api/download/file/720086,岐阜城|岐阜シティ・タワー43|ツインアーチ138（138タワーパーク）
729965,DEM5B,533606,FG-GML-533606-DEM5B-20090901.zip,2143,2194432,2009/09/01,/kiban/app/api/download/file/729965,岐阜城|岐阜シティ・タワー43|ツインアーチ138（138タワーパーク）
539094,DEM10B,533607,FG-GML-533607-DEM10B-20161001.zip,1089,1115136,2016/10/01,/kiban/app/api/download/file/539094,犬山城
717829,DEM1A,533607,FG-GML-533607-DEM1A-20260616.zip,56162,57509888,2026/06/16,/kiban/app/api/download/file/717829,犬山城
720087,DEM5A,533607,FG-GML-533607-DEM5A-20260616.zip,5048,5169152,2026/06/16,/kiban/app/api/download/file/720087,犬山城
729966,DEM5B,533607,FG-GML-533607-DEM5B-20090901.zip,3289,3367936,2009/09/01,/kiban/app/api/download/file/729966,犬山城
539097,DEM10B,533612,FG-GML-533612-DEM10B-20161001.zip,1728,1769472,2016/10/01,/kiban/app/api/download/file/539097,伊吹山
613008,DEM1A,533612,FG-GML-533612-DEM1A-20250611.zip,183775,188185600,2025/06/11,/kiban/app/api/download/file/613008,伊吹山
618204,DEM5A,533612,FG-GML-533612-DEM5A-20250620.zip,8109,8303616,2025/06/20,/kiban/app/api/download/file/618204,伊吹山
546780,DEM5B,533612,FG-GML-533612-DEM5B-20161001.zip,151,154624,2016/10/01,/kiban/app/api/download/file/546780,伊吹山
539098,DEM10B,533613,FG-GML-533613-DEM10B-20161001.zip,2150,2201600,2016/10/01,/kiban/app/api/download/file/539098,伊吹山
613009,DEM1A,533613,FG-GML-533613-DEM1A-20250611.zip,217982,223213568,2025/06/11,/kiban/app/api/download/file/613009,伊吹山
618205,DEM5A,533613,FG-GML-533613-DEM5A-20250620.zip,7675,7859200,2025/06/20,/kiban/app/api/download/file/618205,伊吹山
539100,DEM10B,533615,FG-GML-533615-DEM10B-20161001.zip,642,657408,2016/10/01,/kiban/app/api/download/file/539100,岐阜城|岐阜シティ・タワー43
717831,DEM1A,533615,FG-GML-533615-DEM1A-20260616.zip,36069,36934656,2026/06/16,/kiban/app/api/download/file/717831,岐阜城|岐阜シティ・タワー43
720089,DEM5A,533615,FG-GML-533615-DEM5A-20260616.zip,4832,4947968,2026/06/16,/kiban/app/api/download/file/720089,岐阜城|岐阜シティ・タワー43
729967,DEM5B,533615,FG-GML-533615-DEM5B-20090901.zip,5800,5939200,2009/09/01,/kiban/app/api/download/file/729967,岐阜城|岐阜シティ・タワー43
539101,DEM10B,533616,FG-GML-533616-DEM10B-20161001.zip,1289,1319936,2016/10/01,/kiban/app/api/download/file/539101,岐阜城|岐阜シティ・タワー43
717832,DEM1A,533616,FG-GML-533616-DEM1A-20260616.zip,94860,97136640,2026/06/16,/kiban/app/api/download/file/717832,岐阜城|岐阜シティ・タワー43
720090,DEM5A,533616,FG-GML-533616-DEM5A-20260616.zip,5115,5237760,2026/06/16,/kiban/app/api/download/file/720090,岐阜城|岐阜シティ・タワー43
729968,DEM5B,533616,FG-GML-533616-DEM5B-20090901.zip,7219,7392256,2009/09/01,/kiban/app/api/download/file/729968,岐阜城|岐阜シティ・タワー43
539114,DEM10B,533633,FG-GML-533633-DEM10B-20161001.zip,2140,2191360,2016/10/01,/kiban/app/api/download/file/539114,藤橋城（西美濃プラネタリウム）
613024,DEM1A,533633,FG-GML-533633-DEM1A-20250611.zip,203833,208724992,2025/06/11,/kiban/app/api/download/file/613024,藤橋城（西美濃プラネタリウム）
618221,DEM5A,533633,FG-GML-533633-DEM5A-20250620.zip,8081,8274944,2025/06/20,/kiban/app/api/download/file/618221,藤橋城（西美濃プラネタリウム）
539115,DEM10B,533634,FG-GML-533634-DEM10B-20161001.zip,2132,2183168,2016/10/01,/kiban/app/api/download/file/539115,藤橋城（西美濃プラネタリウム）
685721,DEM1A,533634,FG-GML-533634-DEM1A-20251208.zip,198925,203699200,2025/12/08,/kiban/app/api/download/file/685721,藤橋城（西美濃プラネタリウム）
686757,DEM5A,533634,FG-GML-533634-DEM5A-20251208.zip,7819,8006656,2025/12/08,/kiban/app/api/download/file/686757,藤橋城（西美濃プラネタリウム）
539126,DEM10B,533647,FG-GML-533647-DEM10B-20161001.zip,2038,2086912,2016/10/01,/kiban/app/api/download/file/539126,郡上八幡城
685730,DEM1A,533647,FG-GML-533647-DEM1A-20251208.zip,31721,32482304,2025/12/08,/kiban/app/api/download/file/685730,郡上八幡城
686766,DEM5A,533647,FG-GML-533647-DEM5A-20251208.zip,7494,7673856,2025/12/08,/kiban/app/api/download/file/686766,郡上八幡城
539134,DEM10B,533657,FG-GML-533657-DEM10B-20161001.zip,1995,2042880,2016/10/01,/kiban/app/api/download/file/539134,郡上八幡城
685737,DEM1A,533657,FG-GML-533657-DEM1A-20251208.zip,94729,97002496,2025/12/08,/kiban/app/api/download/file/685737,郡上八幡城
686773,DEM5A,533657,FG-GML-533657-DEM5A-20251208.zip,7257,7431168,2025/12/08,/kiban/app/api/download/file/686773,郡上八幡城
539139,DEM10B,533664,FG-GML-533664-DEM10B-20161001.zip,2105,2155520,2016/10/01,/kiban/app/api/download/file/539139,荒島岳
717840,DEM1A,533664,FG-GML-533664-DEM1A-20260603.zip,166490,170485760,2026/06/03,/kiban/app/api/download/file/717840,荒島岳
720098,DEM5A,533664,FG-GML-533664-DEM5A-20260603.zip,8608,8814592,2026/06/03,/kiban/app/api/download/file/720098,荒島岳
615991,DEM5C,533664,FG-GML-533664-DEM5C-20250605.zip,3901,3994624,2025/06/05,/kiban/app/api/download/file/615991,荒島岳
539140,DEM10B,533665,FG-GML-533665-DEM10B-20161001.zip,1969,2016256,2016/10/01,/kiban/app/api/download/file/539140,荒島岳
717841,DEM1A,533665,FG-GML-533665-DEM1A-20260522.zip,21594,22112256,2026/05/22,/kiban/app/api/download/file/717841,荒島岳
720099,DEM5A,533665,FG-GML-533665-DEM5A-20260522.zip,2107,2157568,2026/05/22,/kiban/app/api/download/file/720099,荒島岳
615992,DEM5C,533665,FG-GML-533665-DEM5C-20250605.zip,9047,9264128,2025/06/05,/kiban/app/api/download/file/615992,荒島岳
539146,DEM10B,533673,FG-GML-533673-DEM10B-20161001.zip,1839,1883136,2016/10/01,/kiban/app/api/download/file/539146,越前大野城
717842,DEM1A,533673,FG-GML-533673-DEM1A-20260603.zip,59383,60808192,2026/06/03,/kiban/app/api/download/file/717842,越前大野城
720100,DEM5A,533673,FG-GML-533673-DEM5A-20260603.zip,7175,7347200,2026/06/03,/kiban/app/api/download/file/720100,越前大野城
547607,DEM5C,533673,FG-GML-533673-DEM5C-20220124.zip,152,155648,2022/01/24,/kiban/app/api/download/file/547607,越前大野城
539147,DEM10B,533674,FG-GML-533674-DEM10B-20161001.zip,1719,1760256,2016/10/01,/kiban/app/api/download/file/539147,荒島岳|越前大野城
717843,DEM1A,533674,FG-GML-533674-DEM1A-20260603.zip,35642,36497408,2026/06/03,/kiban/app/api/download/file/717843,荒島岳|越前大野城
720101,DEM5A,533674,FG-GML-533674-DEM5A-20260603.zip,7155,7326720,2026/06/03,/kiban/app/api/download/file/720101,荒島岳|越前大野城
615995,DEM5C,533674,FG-GML-533674-DEM5C-20250605.zip,204,208896,2025/06/05,/kiban/app/api/download/file/615995,荒島岳|越前大野城
539148,DEM10B,533675,FG-GML-533675-DEM10B-20161001.zip,2140,2191360,2016/10/01,/kiban/app/api/download/file/539148,荒島岳
613041,DEM1A,533675,FG-GML-533675-DEM1A-20250611.zip,3956,4050944,2025/06/11,/kiban/app/api/download/file/613041,荒島岳
618255,DEM5A,533675,FG-GML-533675-DEM5A-20250620.zip,3815,3906560,2025/06/20,/kiban/app/api/download/file/618255,荒島岳
615996,DEM5C,533675,FG-GML-533675-DEM5C-20250605.zip,7459,7638016,2025/06/05,/kiban/app/api/download/file/615996,荒島岳
539154,DEM10B,533703,FG-GML-533703-DEM10B-20161001.zip,1892,1937408,2016/10/01,/kiban/app/api/download/file/539154,岩村城跡
685746,DEM1A,533703,FG-GML-533703-DEM1A-20251113.zip,39745,40698880,2025/11/13,/kiban/app/api/download/file/685746,岩村城跡
686782,DEM5A,533703,FG-GML-533703-DEM5A-20251113.zip,8599,8805376,2025/11/13,/kiban/app/api/download/file/686782,岩村城跡
539155,DEM10B,533704,FG-GML-533704-DEM10B-20161001.zip,2131,2182144,2016/10/01,/kiban/app/api/download/file/539155,恵那山
717845,DEM1A,533704,FG-GML-533704-DEM1A-20260616.zip,195224,199909376,2026/06/16,/kiban/app/api/download/file/717845,恵那山
720103,DEM5A,533704,FG-GML-533704-DEM5A-20260616.zip,8824,9035776,2026/06/16,/kiban/app/api/download/file/720103,恵那山
539162,DEM10B,533713,FG-GML-533713-DEM10B-20161001.zip,1786,1828864,2016/10/01,/kiban/app/api/download/file/539162,苗木城跡
613053,DEM1A,533713,FG-GML-533713-DEM1A-20250611.zip,97567,99908608,2025/06/11,/kiban/app/api/download/file/613053,苗木城跡
618269,DEM5A,533713,FG-GML-533713-DEM5A-20250620.zip,7015,7183360,2025/06/20,/kiban/app/api/download/file/618269,苗木城跡
539163,DEM10B,533714,FG-GML-533714-DEM10B-20161001.zip,2211,2264064,2016/10/01,/kiban/app/api/download/file/539163,恵那山|苗木城跡
717850,DEM1A,533714,FG-GML-533714-DEM1A-20260616.zip,205738,210675712,2026/06/16,/kiban/app/api/download/file/717850,恵那山|苗木城跡
720108,DEM5A,533714,FG-GML-533714-DEM5A-20260616.zip,7880,8069120,2026/06/16,/kiban/app/api/download/file/720108,恵那山|苗木城跡
539164,DEM10B,533715,FG-GML-533715-DEM10B-20161001.zip,2171,2223104,2016/10/01,/kiban/app/api/download/file/539164,恵那山
717851,DEM1A,533715,FG-GML-533715-DEM1A-20260616.zip,167863,171891712,2026/06/16,/kiban/app/api/download/file/717851,恵那山
720109,DEM5A,533715,FG-GML-533715-DEM5A-20260616.zip,7860,8048640,2026/06/16,/kiban/app/api/download/file/720109,恵那山
539170,DEM10B,533723,FG-GML-533723-DEM10B-20161001.zip,1897,1942528,2016/10/01,/kiban/app/api/download/file/539170,苗木城跡
613056,DEM1A,533723,FG-GML-533723-DEM1A-20250611.zip,117980,120811520,2025/06/11,/kiban/app/api/download/file/613056,苗木城跡
618277,DEM5A,533723,FG-GML-533723-DEM5A-20250620.zip,7421,7599104,2025/06/20,/kiban/app/api/download/file/618277,苗木城跡
539171,DEM10B,533724,FG-GML-533724-DEM10B-20161001.zip,2083,2132992,2016/10/01,/kiban/app/api/download/file/539171,苗木城跡
717855,DEM1A,533724,FG-GML-533724-DEM1A-20260616.zip,195680,200376320,2026/06/16,/kiban/app/api/download/file/717855,苗木城跡
720113,DEM5A,533724,FG-GML-533724-DEM5A-20260616.zip,7144,7315456,2026/06/16,/kiban/app/api/download/file/720113,苗木城跡
539189,DEM10B,533746,FG-GML-533746-DEM10B-20161001.zip,2312,2367488,2016/10/01,/kiban/app/api/download/file/539189,空木岳
717871,DEM1A,533746,FG-GML-533746-DEM1A-20260616.zip,171526,175642624,2026/06/16,/kiban/app/api/download/file/717871,空木岳
720129,DEM5A,533746,FG-GML-533746-DEM5A-20260616.zip,8574,8779776,2026/06/16,/kiban/app/api/download/file/720129,空木岳
539197,DEM10B,533756,FG-GML-533756-DEM10B-20161001.zip,2273,2327552,2016/10/01,/kiban/app/api/download/file/539197,木曽駒ヶ岳
717877,DEM1A,533756,FG-GML-533756-DEM1A-20260616.zip,160280,164126720,2026/06/16,/kiban/app/api/download/file/717877,木曽駒ヶ岳
720135,DEM5A,533756,FG-GML-533756-DEM5A-20260616.zip,8910,9123840,2026/06/16,/kiban/app/api/download/file/720135,木曽駒ヶ岳
539202,DEM10B,533763,FG-GML-533763-DEM10B-20161001.zip,2162,2213888,2016/10/01,/kiban/app/api/download/file/539202,木曽御嶽山
717881,DEM1A,533763,FG-GML-533763-DEM1A-20260522.zip,219360,224624640,2026/05/22,/kiban/app/api/download/file/717881,木曽御嶽山
720139,DEM5A,533763,FG-GML-533763-DEM5A-20260522.zip,9034,9250816,2026/05/22,/kiban/app/api/download/file/720139,木曽御嶽山
539203,DEM10B,533764,FG-GML-533764-DEM10B-20161001.zip,2165,2216960,2016/10/01,/kiban/app/api/download/file/539203,木曽御嶽山
717882,DEM1A,533764,FG-GML-533764-DEM1A-20260522.zip,163865,167797760,2026/05/22,/kiban/app/api/download/file/717882,木曽御嶽山
720140,DEM5A,533764,FG-GML-533764-DEM5A-20260522.zip,7784,7970816,2026/05/22,/kiban/app/api/download/file/720140,木曽御嶽山
539215,DEM10B,533800,FG-GML-533800-DEM10B-20161001.zip,2257,2311168,2016/10/01,/kiban/app/api/download/file/539215,聖岳
717894,DEM1A,533800,FG-GML-533800-DEM1A-20260616.zip,180238,184563712,2026/06/16,/kiban/app/api/download/file/717894,聖岳
720152,DEM5A,533800,FG-GML-533800-DEM5A-20260616.zip,8634,8841216,2026/06/16,/kiban/app/api/download/file/720152,聖岳
539216,DEM10B,533801,FG-GML-533801-DEM10B-20161001.zip,2290,2344960,2016/10/01,/kiban/app/api/download/file/539216,聖岳
685792,DEM1A,533801,FG-GML-533801-DEM1A-20251113.zip,183838,188250112,2025/11/13,/kiban/app/api/download/file/685792,聖岳
686828,DEM5A,533801,FG-GML-533801-DEM5A-20251113.zip,8355,8555520,2025/11/13,/kiban/app/api/download/file/686828,聖岳
536968,DEM10A,533805,FG-GML-533805-DEM10A-20161001.zip,2898,2967552,2016/10/01,/kiban/app/api/download/file/536968,富士山
539220,DEM10B,533805,FG-GML-533805-DEM10B-20161001.zip,2279,2333696,2016/10/01,/kiban/app/api/download/file/539220,富士山
717898,DEM1A,533805,FG-GML-533805-DEM1A-20260616.zip,160654,164509696,2026/06/16,/kiban/app/api/download/file/717898,富士山
720156,DEM5A,533805,FG-GML-533805-DEM5A-20260616.zip,7963,8154112,2026/06/16,/kiban/app/api/download/file/720156,富士山
729974,DEM5B,533805,FG-GML-533805-DEM5B-20161001.zip,237,242688,2016/10/01,/kiban/app/api/download/file/729974,富士山
536969,DEM10A,533806,FG-GML-533806-DEM10A-20161001.zip,2759,2825216,2016/10/01,/kiban/app/api/download/file/536969,富士山
539221,DEM10B,533806,FG-GML-533806-DEM10B-20161001.zip,2163,2214912,2016/10/01,/kiban/app/api/download/file/539221,富士山
717899,DEM1A,533806,FG-GML-533806-DEM1A-20260616.zip,178985,183280640,2026/06/16,/kiban/app/api/download/file/717899,富士山
720157,DEM5A,533806,FG-GML-533806-DEM5A-20260616.zip,8352,8552448,2026/06/16,/kiban/app/api/download/file/720157,富士山
729976,DEM5B,533806,FG-GML-533806-DEM5B-20161001.zip,787,805888,2016/10/01,/kiban/app/api/download/file/729976,富士山
539223,DEM10B,533810,FG-GML-533810-DEM10B-20161001.zip,2281,2335744,2016/10/01,/kiban/app/api/download/file/539223,赤石岳|聖岳
717900,DEM1A,533810,FG-GML-533810-DEM1A-20260616.zip,182403,186780672,2026/06/16,/kiban/app/api/download/file/717900,赤石岳|聖岳
720158,DEM5A,533810,FG-GML-533810-DEM5A-20260616.zip,8333,8532992,2026/06/16,/kiban/app/api/download/file/720158,赤石岳|聖岳
539224,DEM10B,533811,FG-GML-533811-DEM10B-20161001.zip,2336,2392064,2016/10/01,/kiban/app/api/download/file/539224,荒川岳・悪沢岳|赤石岳|聖岳
717901,DEM1A,533811,FG-GML-533811-DEM1A-20260616.zip,183329,187728896,2026/06/16,/kiban/app/api/download/file/717901,荒川岳・悪沢岳|赤石岳|聖岳
720159,DEM5A,533811,FG-GML-533811-DEM5A-20260616.zip,8329,8528896,2026/06/16,/kiban/app/api/download/file/720159,荒川岳・悪沢岳|赤石岳|聖岳
536972,DEM10A,533815,FG-GML-533815-DEM10A-20161001.zip,2211,2264064,2016/10/01,/kiban/app/api/download/file/536972,富士急ハイランド
539228,DEM10B,533815,FG-GML-533815-DEM10B-20161001.zip,1682,1722368,2016/10/01,/kiban/app/api/download/file/539228,富士急ハイランド
717904,DEM1A,533815,FG-GML-533815-DEM1A-20260616.zip,126473,129508352,2026/06/16,/kiban/app/api/download/file/717904,富士急ハイランド
720162,DEM5A,533815,FG-GML-533815-DEM5A-20260616.zip,6649,6808576,2026/06/16,/kiban/app/api/download/file/720162,富士急ハイランド
729978,DEM5B,533815,FG-GML-533815-DEM5B-20161001.zip,1487,1522688,2016/10/01,/kiban/app/api/download/file/729978,富士急ハイランド
536973,DEM10A,533816,FG-GML-533816-DEM10A-20161001.zip,1979,2026496,2016/10/01,/kiban/app/api/download/file/536973,富士急ハイランド
539229,DEM10B,533816,FG-GML-533816-DEM10B-20161001.zip,1653,1692672,2016/10/01,/kiban/app/api/download/file/539229,富士急ハイランド
717905,DEM1A,533816,FG-GML-533816-DEM1A-20260616.zip,142563,145984512,2026/06/16,/kiban/app/api/download/file/717905,富士急ハイランド
720163,DEM5A,533816,FG-GML-533816-DEM5A-20260616.zip,7060,7229440,2026/06/16,/kiban/app/api/download/file/720163,富士急ハイランド
539232,DEM10B,533821,FG-GML-533821-DEM10B-20161001.zip,2278,2332672,2016/10/01,/kiban/app/api/download/file/539232,塩見岳|荒川岳・悪沢岳
717908,DEM1A,533821,FG-GML-533821-DEM1A-20260616.zip,182398,186775552,2026/06/16,/kiban/app/api/download/file/717908,塩見岳|荒川岳・悪沢岳
720166,DEM5A,533821,FG-GML-533821-DEM5A-20260616.zip,8277,8475648,2026/06/16,/kiban/app/api/download/file/720166,塩見岳|荒川岳・悪沢岳
536977,DEM10A,533826,FG-GML-533826-DEM10A-20161001.zip,357,365568,2016/10/01,/kiban/app/api/download/file/536977,富士急ハイランド
539237,DEM10B,533826,FG-GML-533826-DEM10B-20161001.zip,2063,2112512,2016/10/01,/kiban/app/api/download/file/539237,富士急ハイランド
717910,DEM1A,533826,FG-GML-533826-DEM1A-20260616.zip,181556,185913344,2026/06/16,/kiban/app/api/download/file/717910,富士急ハイランド
720168,DEM5A,533826,FG-GML-533826-DEM5A-20260616.zip,8758,8968192,2026/06/16,/kiban/app/api/download/file/720168,富士急ハイランド
539240,DEM10B,533831,FG-GML-533831-DEM10B-20161001.zip,2342,2398208,2016/10/01,/kiban/app/api/download/file/539240,北岳|塩見岳|間ノ岳
717913,DEM1A,533831,FG-GML-533831-DEM1A-20260616.zip,183415,187816960,2026/06/16,/kiban/app/api/download/file/717913,北岳|塩見岳|間ノ岳
720171,DEM5A,533831,FG-GML-533831-DEM5A-20260616.zip,8328,8527872,2026/06/16,/kiban/app/api/download/file/720171,北岳|塩見岳|間ノ岳
539241,DEM10B,533832,FG-GML-533832-DEM10B-20161001.zip,2277,2331648,2016/10/01,/kiban/app/api/download/file/539241,北岳|間ノ岳
717914,DEM1A,533832,FG-GML-533832-DEM1A-20260616.zip,140887,144268288,2026/06/16,/kiban/app/api/download/file/717914,北岳|間ノ岳
720172,DEM5A,533832,FG-GML-533832-DEM5A-20260616.zip,8925,9139200,2026/06/16,/kiban/app/api/download/file/720172,北岳|間ノ岳
539243,DEM10B,533834,FG-GML-533834-DEM10B-20161001.zip,627,642048,2016/10/01,/kiban/app/api/download/file/539243,甲府城跡
685818,DEM1A,533834,FG-GML-533834-DEM1A-20251113.zip,126676,129716224,2025/11/13,/kiban/app/api/download/file/685818,甲府城跡
686854,DEM5A,533834,FG-GML-533834-DEM5A-20251113.zip,6289,6439936,2025/11/13,/kiban/app/api/download/file/686854,甲府城跡
729980,DEM5B,533834,FG-GML-533834-DEM5B-20100115.zip,4738,4851712,2010/01/15,/kiban/app/api/download/file/729980,甲府城跡
539248,DEM10B,533841,FG-GML-533841-DEM10B-20161001.zip,2304,2359296,2016/10/01,/kiban/app/api/download/file/539248,北岳|仙丈ヶ岳|甲斐駒ヶ岳|間ノ岳
717919,DEM1A,533841,FG-GML-533841-DEM1A-20260616.zip,180512,184844288,2026/06/16,/kiban/app/api/download/file/717919,北岳|仙丈ヶ岳|甲斐駒ヶ岳|間ノ岳
720177,DEM5A,533841,FG-GML-533841-DEM5A-20260616.zip,8249,8446976,2026/06/16,/kiban/app/api/download/file/720177,北岳|仙丈ヶ岳|甲斐駒ヶ岳|間ノ岳
539249,DEM10B,533842,FG-GML-533842-DEM10B-20161001.zip,2296,2351104,2016/10/01,/kiban/app/api/download/file/539249,北岳|甲斐駒ヶ岳|鳳凰山
717920,DEM1A,533842,FG-GML-533842-DEM1A-20260616.zip,178346,182626304,2026/06/16,/kiban/app/api/download/file/717920,北岳|甲斐駒ヶ岳|鳳凰山
720178,DEM5A,533842,FG-GML-533842-DEM5A-20260616.zip,8229,8426496,2026/06/16,/kiban/app/api/download/file/720178,北岳|甲斐駒ヶ岳|鳳凰山
539251,DEM10B,533844,FG-GML-533844-DEM10B-20161001.zip,1920,1966080,2016/10/01,/kiban/app/api/download/file/539251,甲府城跡
685826,DEM1A,533844,FG-GML-533844-DEM1A-20251113.zip,117203,120015872,2025/11/13,/kiban/app/api/download/file/685826,甲府城跡
686862,DEM5A,533844,FG-GML-533844-DEM5A-20251113.zip,7725,7910400,2025/11/13,/kiban/app/api/download/file/686862,甲府城跡
729984,DEM5B,533844,FG-GML-533844-DEM5B-20100115.zip,8741,8950784,2010/01/15,/kiban/app/api/download/file/729984,甲府城跡
539256,DEM10B,533851,FG-GML-533851-DEM10B-20161001.zip,2269,2323456,2016/10/01,/kiban/app/api/download/file/539256,甲斐駒ヶ岳
717925,DEM1A,533851,FG-GML-533851-DEM1A-20260616.zip,178181,182457344,2026/06/16,/kiban/app/api/download/file/717925,甲斐駒ヶ岳
720183,DEM5A,533851,FG-GML-533851-DEM5A-20260616.zip,8210,8407040,2026/06/16,/kiban/app/api/download/file/720183,甲斐駒ヶ岳
539257,DEM10B,533852,FG-GML-533852-DEM10B-20161001.zip,2073,2122752,2016/10/01,/kiban/app/api/download/file/539257,甲斐駒ヶ岳
717926,DEM1A,533852,FG-GML-533852-DEM1A-20260616.zip,146001,149505024,2026/06/16,/kiban/app/api/download/file/717926,甲斐駒ヶ岳
720184,DEM5A,533852,FG-GML-533852-DEM5A-20260616.zip,7232,7405568,2026/06/16,/kiban/app/api/download/file/720184,甲斐駒ヶ岳
539262,DEM10B,533857,FG-GML-533857-DEM10B-20161001.zip,2149,2200576,2016/10/01,/kiban/app/api/download/file/539262,雲取山
685837,DEM1A,533857,FG-GML-533857-DEM1A-20251113.zip,199993,204792832,2025/11/13,/kiban/app/api/download/file/685837,雲取山
686873,DEM5A,533857,FG-GML-533857-DEM5A-20251113.zip,7951,8141824,2025/11/13,/kiban/app/api/download/file/686873,雲取山
539267,DEM10B,533864,FG-GML-533864-DEM10B-20161001.zip,2182,2234368,2016/10/01,/kiban/app/api/download/file/539267,金峰山（山梨）|瑞牆山
717932,DEM1A,533864,FG-GML-533864-DEM1A-20260616.zip,155393,159122432,2026/06/16,/kiban/app/api/download/file/717932,金峰山（山梨）|瑞牆山
720190,DEM5A,533864,FG-GML-533864-DEM5A-20260616.zip,9846,10082304,2026/06/16,/kiban/app/api/download/file/720190,金峰山（山梨）|瑞牆山
539268,DEM10B,533865,FG-GML-533865-DEM10B-20161001.zip,2212,2265088,2016/10/01,/kiban/app/api/download/file/539268,甲武信ヶ岳|金峰山（山梨）|瑞牆山
717933,DEM1A,533865,FG-GML-533865-DEM1A-20260616.zip,163939,167873536,2026/06/16,/kiban/app/api/download/file/717933,甲武信ヶ岳|金峰山（山梨）|瑞牆山
720191,DEM5A,533865,FG-GML-533865-DEM5A-20260616.zip,8356,8556544,2026/06/16,/kiban/app/api/download/file/720191,甲武信ヶ岳|金峰山（山梨）|瑞牆山
539269,DEM10B,533866,FG-GML-533866-DEM10B-20161001.zip,2172,2224128,2016/10/01,/kiban/app/api/download/file/539269,甲武信ヶ岳
685844,DEM1A,533866,FG-GML-533866-DEM1A-20251113.zip,197246,201979904,2025/11/13,/kiban/app/api/download/file/685844,甲武信ヶ岳
686880,DEM5A,533866,FG-GML-533866-DEM5A-20251113.zip,7911,8100864,2025/11/13,/kiban/app/api/download/file/686880,甲武信ヶ岳
539270,DEM10B,533867,FG-GML-533867-DEM10B-20161001.zip,2198,2250752,2016/10/01,/kiban/app/api/download/file/539270,雲取山
685845,DEM1A,533867,FG-GML-533867-DEM1A-20251113.zip,219387,224652288,2025/11/13,/kiban/app/api/download/file/685845,雲取山
686881,DEM5A,533867,FG-GML-533867-DEM5A-20251113.zip,8111,8305664,2025/11/13,/kiban/app/api/download/file/686881,雲取山
539273,DEM10B,533872,FG-GML-533872-DEM10B-20161001.zip,2189,2241536,2016/10/01,/kiban/app/api/download/file/539273,赤岳（八ヶ岳）
717934,DEM1A,533872,FG-GML-533872-DEM1A-20260616.zip,149136,152715264,2026/06/16,/kiban/app/api/download/file/717934,赤岳（八ヶ岳）
720192,DEM5A,533872,FG-GML-533872-DEM5A-20260616.zip,7854,8042496,2026/06/16,/kiban/app/api/download/file/720192,赤岳（八ヶ岳）
539274,DEM10B,533873,FG-GML-533873-DEM10B-20161001.zip,2045,2094080,2016/10/01,/kiban/app/api/download/file/539274,赤岳（八ヶ岳）
717935,DEM1A,533873,FG-GML-533873-DEM1A-20260616.zip,156067,159812608,2026/06/16,/kiban/app/api/download/file/717935,赤岳（八ヶ岳）
720193,DEM5A,533873,FG-GML-533873-DEM5A-20260616.zip,7692,7876608,2026/06/16,/kiban/app/api/download/file/720193,赤岳（八ヶ岳）
539275,DEM10B,533874,FG-GML-533874-DEM10B-20161001.zip,1980,2027520,2016/10/01,/kiban/app/api/download/file/539275,瑞牆山
717936,DEM1A,533874,FG-GML-533874-DEM1A-20260616.zip,143257,146695168,2026/06/16,/kiban/app/api/download/file/717936,瑞牆山
720194,DEM5A,533874,FG-GML-533874-DEM5A-20260616.zip,7173,7345152,2026/06/16,/kiban/app/api/download/file/720194,瑞牆山
539276,DEM10B,533875,FG-GML-533875-DEM10B-20161001.zip,2108,2158592,2016/10/01,/kiban/app/api/download/file/539276,甲武信ヶ岳
717937,DEM1A,533875,FG-GML-533875-DEM1A-20260616.zip,180805,185144320,2026/06/16,/kiban/app/api/download/file/717937,甲武信ヶ岳
720195,DEM5A,533875,FG-GML-533875-DEM5A-20260616.zip,7878,8067072,2026/06/16,/kiban/app/api/download/file/720195,甲武信ヶ岳
539277,DEM10B,533876,FG-GML-533876-DEM10B-20161001.zip,2194,2246656,2016/10/01,/kiban/app/api/download/file/539277,両神山|甲武信ヶ岳
613129,DEM1A,533876,FG-GML-533876-DEM1A-20250604.zip,244280,250142720,2025/06/04,/kiban/app/api/download/file/613129,両神山|甲武信ヶ岳
618384,DEM5A,533876,FG-GML-533876-DEM5A-20250620.zip,7902,8091648,2025/06/20,/kiban/app/api/download/file/618384,両神山|甲武信ヶ岳
539288,DEM10B,533911,FG-GML-533911-DEM10B-20161001.zip,2179,2231296,2016/10/01,/kiban/app/api/download/file/539288,丹沢山
717939,DEM1A,533911,FG-GML-533911-DEM1A-20260616.zip,152521,156181504,2026/06/16,/kiban/app/api/download/file/717939,丹沢山
720197,DEM5A,533911,FG-GML-533911-DEM5A-20260616.zip,8376,8577024,2026/06/16,/kiban/app/api/download/file/720197,丹沢山
539291,DEM10B,533914,FG-GML-533914-DEM10B-20161001.zip,1359,1391616,2016/10/01,/kiban/app/api/download/file/539291,横浜コスモワールド|横浜ランドマークタワー|横浜マリンタワー|コスモクロック21
613141,DEM1A,533914,FG-GML-533914-DEM1A-20250604.zip,92647,94870528,2025/06/04,/kiban/app/api/download/file/613141,横浜コスモワールド|横浜ランドマークタワー|横浜マリンタワー|コスモクロック21
618398,DEM5A,533914,FG-GML-533914-DEM5A-20250620.zip,4986,5105664,2025/06/20,/kiban/app/api/download/file/618398,横浜コスモワールド|横浜ランドマークタワー|横浜マリンタワー|コスモクロック21
539292,DEM10B,533915,FG-GML-533915-DEM10B-20161001.zip,403,412672,2016/10/01,/kiban/app/api/download/file/539292,横浜コスモワールド|横浜ランドマークタワー|横浜マリンタワー|コスモクロック21
613142,DEM1A,533915,FG-GML-533915-DEM1A-20250604.zip,10757,11015168,2025/06/04,/kiban/app/api/download/file/613142,横浜コスモワールド|横浜ランドマークタワー|横浜マリンタワー|コスモクロック21
618399,DEM5A,533915,FG-GML-533915-DEM5A-20250620.zip,2583,2644992,2025/06/20,/kiban/app/api/download/file/618399,横浜コスモワールド|横浜ランドマークタワー|横浜マリンタワー|コスモクロック21
615224,DEM5B,533915,FG-GML-533915-DEM5B-20250609.zip,3,3072,2025/06/09,/kiban/app/api/download/file/615224,横浜コスモワールド|横浜ランドマークタワー|横浜マリンタワー|コスモクロック21
539296,DEM10B,533921,FG-GML-533921-DEM10B-20161001.zip,2001,2049024,2016/10/01,/kiban/app/api/download/file/539296,丹沢山
717941,DEM1A,533921,FG-GML-533921-DEM1A-20260616.zip,155454,159184896,2026/06/16,/kiban/app/api/download/file/717941,丹沢山
720199,DEM5A,533921,FG-GML-533921-DEM5A-20260616.zip,7273,7447552,2026/06/16,/kiban/app/api/download/file/720199,丹沢山
539303,DEM10B,533931,FG-GML-533931-DEM10B-20161001.zip,1925,1971200,2016/10/01,/kiban/app/api/download/file/539303,八王子城跡
717944,DEM1A,533931,FG-GML-533931-DEM1A-20260616.zip,150760,154378240,2026/06/16,/kiban/app/api/download/file/717944,八王子城跡
720202,DEM5A,533931,FG-GML-533931-DEM5A-20260616.zip,7147,7318528,2026/06/16,/kiban/app/api/download/file/720202,八王子城跡
539304,DEM10B,533932,FG-GML-533932-DEM10B-20161001.zip,1451,1485824,2016/10/01,/kiban/app/api/download/file/539304,八王子城跡
717945,DEM1A,533932,FG-GML-533932-DEM1A-20260616.zip,89142,91281408,2026/06/16,/kiban/app/api/download/file/717945,八王子城跡
720203,DEM5A,533932,FG-GML-533932-DEM5A-20260616.zip,5316,5443584,2026/06/16,/kiban/app/api/download/file/720203,八王子城跡
539305,DEM10B,533933,FG-GML-533933-DEM10B-20161001.zip,1400,1433600,2016/10/01,/kiban/app/api/download/file/539305,サンリオピューロランド|よみうりランド
613152,DEM1A,533933,FG-GML-533933-DEM1A-20250604.zip,78109,79983616,2025/06/04,/kiban/app/api/download/file/613152,サンリオピューロランド|よみうりランド
618412,DEM5A,533933,FG-GML-533933-DEM5A-20250620.zip,4899,5016576,2025/06/20,/kiban/app/api/download/file/618412,サンリオピューロランド|よみうりランド
539306,DEM10B,533934,FG-GML-533934-DEM10B-20161001.zip,962,985088,2016/10/01,/kiban/app/api/download/file/539306,よみうりランド
663989,DEM1A,533934,FG-GML-533934-DEM1A-20250822.zip,61570,63047680,2025/08/22,/kiban/app/api/download/file/663989,よみうりランド
662509,DEM5A,533934,FG-GML-533934-DEM5A-20250822.zip,4037,4133888,2025/08/22,/kiban/app/api/download/file/662509,よみうりランド
729996,DEM5B,533934,FG-GML-533934-DEM5B-20100122.zip,1367,1399808,2010/01/22,/kiban/app/api/download/file/729996,よみうりランド
539307,DEM10B,533935,FG-GML-533935-DEM10B-20161001.zip,840,860160,2016/10/01,/kiban/app/api/download/file/539307,江戸城（皇居）|東京ミッドタウン・タワー|東京都庁第一本庁舎|六本木ヒルズ森タワー|新宿パークタワー|泉ガーデンタワー|汐留シティセンター|グラントウキョウ ノースタワー|JPタワー|SOMPO本社ビル|山王パークタワー|愛宕グリーンヒルズ MORIタワー|京王プラザホテル（本館）|丸の内ビルディング（丸ビル）|セルリアンタワー|渋谷ヒカリエ|麻布台ヒルズ森JPタワー|虎ノ門ヒルズ ステーションタワー|NTTドコモ代々木ビル|渋谷スクランブルスクエア|電通本社ビル|恵比寿ガーデンプレイスタワー|住友不動産六本木グランドタワー|東京タワー
663990,DEM1A,533935,FG-GML-533935-DEM1A-20250822.zip,48410,49571840,2025/08/22,/kiban/app/api/download/file/663990,江戸城（皇居）|東京ミッドタウン・タワー|東京都庁第一本庁舎|六本木ヒルズ森タワー|新宿パークタワー|泉ガーデンタワー|汐留シティセンター|グラントウキョウ ノースタワー|JPタワー|SOMPO本社ビル|山王パークタワー|愛宕グリーンヒルズ MORIタワー|京王プラザホテル（本館）|丸の内ビルディング（丸ビル）|セルリアンタワー|渋谷ヒカリエ|麻布台ヒルズ森JPタワー|虎ノ門ヒルズ ステーションタワー|NTTドコモ代々木ビル|渋谷スクランブルスクエア|電通本社ビル|恵比寿ガーデンプレイスタワー|住友不動産六本木グランドタワー|東京タワー
662510,DEM5A,533935,FG-GML-533935-DEM5A-20250822.zip,3615,3701760,2025/08/22,/kiban/app/api/download/file/662510,江戸城（皇居）|東京ミッドタウン・タワー|東京都庁第一本庁舎|六本木ヒルズ森タワー|新宿パークタワー|泉ガーデンタワー|汐留シティセンター|グラントウキョウ ノースタワー|JPタワー|SOMPO本社ビル|山王パークタワー|愛宕グリーンヒルズ MORIタワー|京王プラザホテル（本館）|丸の内ビルディング（丸ビル）|セルリアンタワー|渋谷ヒカリエ|麻布台ヒルズ森JPタワー|虎ノ門ヒルズ ステーションタワー|NTTドコモ代々木ビル|渋谷スクランブルスクエア|電通本社ビル|恵比寿ガーデンプレイスタワー|住友不動産六本木グランドタワー|東京タワー
539308,DEM10B,533936,FG-GML-533936-DEM10B-20161001.zip,324,331776,2016/10/01,/kiban/app/api/download/file/539308,江戸城（皇居）|東京ディズニーランド|東京ディズニーシー|東京ミッドタウン・タワー|六本木ヒルズ森タワー|泉ガーデンタワー|汐留シティセンター|グラントウキョウ ノースタワー|JPタワー|山王パークタワー|日本橋三井タワー|愛宕グリーンヒルズ MORIタワー|丸の内ビルディング（丸ビル）|麻布台ヒルズ森JPタワー|虎ノ門ヒルズ ステーションタワー|電通本社ビル|住友不動産六本木グランドタワー|東京タワー|ダイヤと花の大観覧車
663991,DEM1A,533936,FG-GML-533936-DEM1A-20250822.zip,23060,23613440,2025/08/22,/kiban/app/api/download/file/663991,江戸城（皇居）|東京ディズニーランド|東京ディズニーシー|東京ミッドタウン・タワー|六本木ヒルズ森タワー|泉ガーデンタワー|汐留シティセンター|グラントウキョウ ノースタワー|JPタワー|山王パークタワー|日本橋三井タワー|愛宕グリーンヒルズ MORIタワー|丸の内ビルディング（丸ビル）|麻布台ヒルズ森JPタワー|虎ノ門ヒルズ ステーションタワー|電通本社ビル|住友不動産六本木グランドタワー|東京タワー|ダイヤと花の大観覧車
662511,DEM5A,533936,FG-GML-533936-DEM5A-20250822.zip,1686,1726464,2025/08/22,/kiban/app/api/download/file/662511,江戸城（皇居）|東京ディズニーランド|東京ディズニーシー|東京ミッドタウン・タワー|六本木ヒルズ森タワー|泉ガーデンタワー|汐留シティセンター|グラントウキョウ ノースタワー|JPタワー|山王パークタワー|日本橋三井タワー|愛宕グリーンヒルズ MORIタワー|丸の内ビルディング（丸ビル）|麻布台ヒルズ森JPタワー|虎ノ門ヒルズ ステーションタワー|電通本社ビル|住友不動産六本木グランドタワー|東京タワー|ダイヤと花の大観覧車
729997,DEM5B,533936,FG-GML-533936-DEM5B-20100122.zip,34,34816,2010/01/22,/kiban/app/api/download/file/729997,江戸城（皇居）|東京ディズニーランド|東京ディズニーシー|東京ミッドタウン・タワー|六本木ヒルズ森タワー|泉ガーデンタワー|汐留シティセンター|グラントウキョウ ノースタワー|JPタワー|山王パークタワー|日本橋三井タワー|愛宕グリーンヒルズ MORIタワー|丸の内ビルディング（丸ビル）|麻布台ヒルズ森JPタワー|虎ノ門ヒルズ ステーションタワー|電通本社ビル|住友不動産六本木グランドタワー|東京タワー|ダイヤと花の大観覧車
539309,DEM10B,533937,FG-GML-533937-DEM10B-20161001.zip,145,148480,2016/10/01,/kiban/app/api/download/file/539309,東京ディズニーランド|東京ディズニーシー|ダイヤと花の大観覧車
663992,DEM1A,533937,FG-GML-533937-DEM1A-20250822.zip,1105,1131520,2025/08/22,/kiban/app/api/download/file/663992,東京ディズニーランド|東京ディズニーシー|ダイヤと花の大観覧車
662512,DEM5A,533937,FG-GML-533937-DEM5A-20250822.zip,692,708608,2025/08/22,/kiban/app/api/download/file/662512,東京ディズニーランド|東京ディズニーシー|ダイヤと花の大観覧車
615228,DEM5B,533937,FG-GML-533937-DEM5B-20250609.zip,56,57344,2025/06/09,/kiban/app/api/download/file/615228,東京ディズニーランド|東京ディズニーシー|ダイヤと花の大観覧車
539311,DEM10B,533941,FG-GML-533941-DEM10B-20161001.zip,2031,2079744,2016/10/01,/kiban/app/api/download/file/539311,八王子城跡
717946,DEM1A,533941,FG-GML-533941-DEM1A-20260616.zip,158051,161844224,2026/06/16,/kiban/app/api/download/file/717946,八王子城跡
720204,DEM5A,533941,FG-GML-533941-DEM5A-20260616.zip,7381,7558144,2026/06/16,/kiban/app/api/download/file/720204,八王子城跡
539312,DEM10B,533942,FG-GML-533942-DEM10B-20161001.zip,1234,1263616,2016/10/01,/kiban/app/api/download/file/539312,八王子城跡
613157,DEM1A,533942,FG-GML-533942-DEM1A-20250604.zip,70680,72376320,2025/06/04,/kiban/app/api/download/file/613157,八王子城跡
618419,DEM5A,533942,FG-GML-533942-DEM5A-20250620.zip,4364,4468736,2025/06/20,/kiban/app/api/download/file/618419,八王子城跡
539315,DEM10B,533945,FG-GML-533945-DEM10B-20161001.zip,709,726016,2016/10/01,/kiban/app/api/download/file/539315,江戸城（皇居）|東京ミッドタウン・タワー|東京都庁第一本庁舎|サンシャイン60|六本木ヒルズ森タワー|新宿パークタワー|泉ガーデンタワー|汐留シティセンター|グラントウキョウ ノースタワー|JPタワー|SOMPO本社ビル|山王パークタワー|日本橋三井タワー|愛宕グリーンヒルズ MORIタワー|京王プラザホテル（本館）|丸の内ビルディング（丸ビル）|セルリアンタワー|渋谷ヒカリエ|麻布台ヒルズ森JPタワー|虎ノ門ヒルズ ステーションタワー|NTTドコモ代々木ビル|渋谷スクランブルスクエア|電通本社ビル|恵比寿ガーデンプレイスタワー|住友不動産六本木グランドタワー|東京タワー
663994,DEM1A,533945,FG-GML-533945-DEM1A-20250822.zip,44109,45167616,2025/08/22,/kiban/app/api/download/file/663994,江戸城（皇居）|東京ミッドタウン・タワー|東京都庁第一本庁舎|サンシャイン60|六本木ヒルズ森タワー|新宿パークタワー|泉ガーデンタワー|汐留シティセンター|グラントウキョウ ノースタワー|JPタワー|SOMPO本社ビル|山王パークタワー|日本橋三井タワー|愛宕グリーンヒルズ MORIタワー|京王プラザホテル（本館）|丸の内ビルディング（丸ビル）|セルリアンタワー|渋谷ヒカリエ|麻布台ヒルズ森JPタワー|虎ノ門ヒルズ ステーションタワー|NTTドコモ代々木ビル|渋谷スクランブルスクエア|電通本社ビル|恵比寿ガーデンプレイスタワー|住友不動産六本木グランドタワー|東京タワー
662514,DEM5A,533945,FG-GML-533945-DEM5A-20250822.zip,3441,3523584,2025/08/22,/kiban/app/api/download/file/662514,江戸城（皇居）|東京ミッドタウン・タワー|東京都庁第一本庁舎|サンシャイン60|六本木ヒルズ森タワー|新宿パークタワー|泉ガーデンタワー|汐留シティセンター|グラントウキョウ ノースタワー|JPタワー|SOMPO本社ビル|山王パークタワー|日本橋三井タワー|愛宕グリーンヒルズ MORIタワー|京王プラザホテル（本館）|丸の内ビルディング（丸ビル）|セルリアンタワー|渋谷ヒカリエ|麻布台ヒルズ森JPタワー|虎ノ門ヒルズ ステーションタワー|NTTドコモ代々木ビル|渋谷スクランブルスクエア|電通本社ビル|恵比寿ガーデンプレイスタワー|住友不動産六本木グランドタワー|東京タワー
539316,DEM10B,533946,FG-GML-533946-DEM10B-20161001.zip,345,353280,2016/10/01,/kiban/app/api/download/file/539316,江戸城（皇居）|東京ミッドタウン・タワー|サンシャイン60|六本木ヒルズ森タワー|泉ガーデンタワー|汐留シティセンター|グラントウキョウ ノースタワー|JPタワー|山王パークタワー|日本橋三井タワー|愛宕グリーンヒルズ MORIタワー|丸の内ビルディング（丸ビル）|麻布台ヒルズ森JPタワー|虎ノ門ヒルズ ステーションタワー|電通本社ビル|住友不動産六本木グランドタワー|東京タワー|東京スカイツリー|ダイヤと花の大観覧車
663995,DEM1A,533946,FG-GML-533946-DEM1A-20250822.zip,36497,37372928,2025/08/22,/kiban/app/api/download/file/663995,江戸城（皇居）|東京ミッドタウン・タワー|サンシャイン60|六本木ヒルズ森タワー|泉ガーデンタワー|汐留シティセンター|グラントウキョウ ノースタワー|JPタワー|山王パークタワー|日本橋三井タワー|愛宕グリーンヒルズ MORIタワー|丸の内ビルディング（丸ビル）|麻布台ヒルズ森JPタワー|虎ノ門ヒルズ ステーションタワー|電通本社ビル|住友不動産六本木グランドタワー|東京タワー|東京スカイツリー|ダイヤと花の大観覧車
662515,DEM5A,533946,FG-GML-533946-DEM5A-20250822.zip,2757,2823168,2025/08/22,/kiban/app/api/download/file/662515,江戸城（皇居）|東京ミッドタウン・タワー|サンシャイン60|六本木ヒルズ森タワー|泉ガーデンタワー|汐留シティセンター|グラントウキョウ ノースタワー|JPタワー|山王パークタワー|日本橋三井タワー|愛宕グリーンヒルズ MORIタワー|丸の内ビルディング（丸ビル）|麻布台ヒルズ森JPタワー|虎ノ門ヒルズ ステーションタワー|電通本社ビル|住友不動産六本木グランドタワー|東京タワー|東京スカイツリー|ダイヤと花の大観覧車
539317,DEM10B,533947,FG-GML-533947-DEM10B-20161001.zip,437,447488,2016/10/01,/kiban/app/api/download/file/539317,ダイヤと花の大観覧車
663996,DEM1A,533947,FG-GML-533947-DEM1A-20250822.zip,8328,8527872,2025/08/22,/kiban/app/api/download/file/663996,ダイヤと花の大観覧車
662516,DEM5A,533947,FG-GML-533947-DEM5A-20250822.zip,3264,3342336,2025/08/22,/kiban/app/api/download/file/662516,ダイヤと花の大観覧車
615229,DEM5B,533947,FG-GML-533947-DEM5B-20250609.zip,307,314368,2025/06/09,/kiban/app/api/download/file/615229,ダイヤと花の大観覧車
539323,DEM10B,533955,FG-GML-533955-DEM10B-20161001.zip,420,430080,2016/10/01,/kiban/app/api/download/file/539323,サンシャイン60|エルザタワー55
717951,DEM1A,533955,FG-GML-533955-DEM1A-20260616.zip,23890,24463360,2026/06/16,/kiban/app/api/download/file/717951,サンシャイン60|エルザタワー55
720209,DEM5A,533955,FG-GML-533955-DEM5A-20260616.zip,3932,4026368,2026/06/16,/kiban/app/api/download/file/720209,サンシャイン60|エルザタワー55
539324,DEM10B,533956,FG-GML-533956-DEM10B-20161001.zip,222,227328,2016/10/01,/kiban/app/api/download/file/539324,エルザタワー55
663999,DEM1A,533956,FG-GML-533956-DEM1A-20250822.zip,22512,23052288,2025/08/22,/kiban/app/api/download/file/663999,エルザタワー55
662519,DEM5A,533956,FG-GML-533956-DEM5A-20250822.zip,2645,2708480,2025/08/22,/kiban/app/api/download/file/662519,エルザタワー55
539329,DEM10B,533963,FG-GML-533963-DEM10B-20161001.zip,746,763904,2016/10/01,/kiban/app/api/download/file/539329,川越城
717956,DEM1A,533963,FG-GML-533963-DEM1A-20260616.zip,32897,33686528,2026/06/16,/kiban/app/api/download/file/717956,川越城
720214,DEM5A,533963,FG-GML-533963-DEM5A-20260616.zip,4178,4278272,2026/06/16,/kiban/app/api/download/file/720214,川越城
730007,DEM5B,533963,FG-GML-533963-DEM5B-20080331.zip,6187,6335488,2008/03/31,/kiban/app/api/download/file/730007,川越城
539330,DEM10B,533964,FG-GML-533964-DEM10B-20161001.zip,396,405504,2016/10/01,/kiban/app/api/download/file/539330,川越城|さいたま新都心合同庁舎1号館
717957,DEM1A,533964,FG-GML-533964-DEM1A-20260616.zip,24223,24804352,2026/06/16,/kiban/app/api/download/file/717957,川越城|さいたま新都心合同庁舎1号館
720215,DEM5A,533964,FG-GML-533964-DEM5A-20260616.zip,4321,4424704,2026/06/16,/kiban/app/api/download/file/720215,川越城|さいたま新都心合同庁舎1号館
539331,DEM10B,533965,FG-GML-533965-DEM10B-20161001.zip,583,596992,2016/10/01,/kiban/app/api/download/file/539331,さいたま新都心合同庁舎1号館
717958,DEM1A,533965,FG-GML-533965-DEM1A-20260616.zip,171,175104,2026/06/16,/kiban/app/api/download/file/717958,さいたま新都心合同庁舎1号館
720216,DEM5A,533965,FG-GML-533965-DEM5A-20260616.zip,5710,5847040,2026/06/16,/kiban/app/api/download/file/720216,さいたま新都心合同庁舎1号館
539337,DEM10B,533973,FG-GML-533973-DEM10B-20161001.zip,465,476160,2016/10/01,/kiban/app/api/download/file/539337,川越城
717963,DEM1A,533973,FG-GML-533973-DEM1A-20260616.zip,43439,44481536,2026/06/16,/kiban/app/api/download/file/717963,川越城
720221,DEM5A,533973,FG-GML-533973-DEM5A-20260616.zip,2986,3057664,2026/06/16,/kiban/app/api/download/file/720221,川越城
730014,DEM5B,533973,FG-GML-533973-DEM5B-20080331.zip,5826,5965824,2008/03/31,/kiban/app/api/download/file/730014,川越城
539338,DEM10B,533974,FG-GML-533974-DEM10B-20161001.zip,472,483328,2016/10/01,/kiban/app/api/download/file/539338,川越城|さいたま新都心合同庁舎1号館
717964,DEM1A,533974,FG-GML-533974-DEM1A-20260616.zip,14241,14582784,2026/06/16,/kiban/app/api/download/file/717964,川越城|さいたま新都心合同庁舎1号館
720222,DEM5A,533974,FG-GML-533974-DEM5A-20260616.zip,4885,5002240,2026/06/16,/kiban/app/api/download/file/720222,川越城|さいたま新都心合同庁舎1号館
539339,DEM10B,533975,FG-GML-533975-DEM10B-20161001.zip,470,481280,2016/10/01,/kiban/app/api/download/file/539339,岩槻城跡|東武動物公園|さいたま新都心合同庁舎1号館
618446,DEM5A,533975,FG-GML-533975-DEM5A-20250620.zip,3720,3809280,2025/06/20,/kiban/app/api/download/file/618446,岩槻城跡|東武動物公園|さいたま新都心合同庁舎1号館
539350,DEM10B,534020,FG-GML-534020-DEM10B-20161001.zip,187,191488,2016/10/01,/kiban/app/api/download/file/539350,千葉セントラルタワー|千葉ポートタワー
717975,DEM1A,534020,FG-GML-534020-DEM1A-20260603.zip,24457,25043968,2026/06/03,/kiban/app/api/download/file/717975,千葉セントラルタワー|千葉ポートタワー
720233,DEM5A,534020,FG-GML-534020-DEM5A-20260603.zip,1905,1950720,2026/06/03,/kiban/app/api/download/file/720233,千葉セントラルタワー|千葉ポートタワー
615234,DEM5B,534020,FG-GML-534020-DEM5B-20250609.zip,912,933888,2025/06/09,/kiban/app/api/download/file/615234,千葉セントラルタワー|千葉ポートタワー
539351,DEM10B,534021,FG-GML-534021-DEM10B-20161001.zip,1129,1156096,2016/10/01,/kiban/app/api/download/file/539351,千葉セントラルタワー
717976,DEM1A,534021,FG-GML-534021-DEM1A-20260603.zip,47899,49048576,2026/06/03,/kiban/app/api/download/file/717976,千葉セントラルタワー
720234,DEM5A,534021,FG-GML-534021-DEM5A-20260603.zip,6495,6650880,2026/06/03,/kiban/app/api/download/file/720234,千葉セントラルタワー
615235,DEM5B,534021,FG-GML-534021-DEM5B-20250609.zip,52,53248,2025/06/09,/kiban/app/api/download/file/615235,千葉セントラルタワー
539355,DEM10B,534030,FG-GML-534030-DEM10B-20161001.zip,377,386048,2016/10/01,/kiban/app/api/download/file/539355,千葉セントラルタワー|千葉ポートタワー
618462,DEM5A,534030,FG-GML-534030-DEM5A-20250620.zip,3081,3154944,2025/06/20,/kiban/app/api/download/file/618462,千葉セントラルタワー|千葉ポートタワー
615236,DEM5B,534030,FG-GML-534030-DEM5B-20250609.zip,767,785408,2025/06/09,/kiban/app/api/download/file/615236,千葉セントラルタワー|千葉ポートタワー
539356,DEM10B,534031,FG-GML-534031-DEM10B-20161001.zip,981,1004544,2016/10/01,/kiban/app/api/download/file/539356,千葉セントラルタワー|千葉ポートタワー
618463,DEM5A,534031,FG-GML-534031-DEM5A-20250620.zip,6060,6205440,2025/06/20,/kiban/app/api/download/file/618463,千葉セントラルタワー|千葉ポートタワー
615237,DEM5B,534031,FG-GML-534031-DEM5B-20250609.zip,718,735232,2025/06/09,/kiban/app/api/download/file/615237,千葉セントラルタワー|千葉ポートタワー
539361,DEM10B,534041,FG-GML-534041-DEM10B-20161001.zip,932,954368,2016/10/01,/kiban/app/api/download/file/539361,佐倉城跡
618468,DEM5A,534041,FG-GML-534041-DEM5A-20250620.zip,6312,6463488,2025/06/20,/kiban/app/api/download/file/618468,佐倉城跡
730019,DEM5B,534041,FG-GML-534041-DEM5B-20100122.zip,6119,6265856,2010/01/22,/kiban/app/api/download/file/730019,佐倉城跡
539383,DEM10B,534071,FG-GML-534071-DEM10B-20161001.zip,779,797696,2016/10/01,/kiban/app/api/download/file/539383,牛久大仏
718003,DEM1A,534071,FG-GML-534071-DEM1A-20260616.zip,9651,9882624,2026/06/16,/kiban/app/api/download/file/718003,牛久大仏
720261,DEM5A,534071,FG-GML-534071-DEM5A-20260616.zip,5750,5888000,2026/06/16,/kiban/app/api/download/file/720261,牛久大仏
730025,DEM5B,534071,FG-GML-534071-DEM5B-20090901.zip,5976,6119424,2009/09/01,/kiban/app/api/download/file/730025,牛久大仏
539384,DEM10B,534072,FG-GML-534072-DEM10B-20161001.zip,837,857088,2016/10/01,/kiban/app/api/download/file/539384,牛久大仏
718004,DEM1A,534072,FG-GML-534072-DEM1A-20260616.zip,4738,4851712,2026/06/16,/kiban/app/api/download/file/718004,牛久大仏
720262,DEM5A,534072,FG-GML-534072-DEM5A-20260616.zip,5928,6070272,2026/06/16,/kiban/app/api/download/file/720262,牛久大仏
539407,DEM10B,543603,FG-GML-543603-DEM10B-20161001.zip,1777,1819648,2016/10/01,/kiban/app/api/download/file/539407,越前大野城
718007,DEM1A,543603,FG-GML-543603-DEM1A-20260522.zip,13377,13698048,2026/05/22,/kiban/app/api/download/file/718007,越前大野城
720265,DEM5A,543603,FG-GML-543603-DEM5A-20260522.zip,6524,6680576,2026/05/22,/kiban/app/api/download/file/720265,越前大野城
615248,DEM5B,543603,FG-GML-543603-DEM5B-20250609.zip,69,70656,2025/06/09,/kiban/app/api/download/file/615248,越前大野城
539408,DEM10B,543604,FG-GML-543604-DEM10B-20161001.zip,2011,2059264,2016/10/01,/kiban/app/api/download/file/539408,越前大野城
718008,DEM1A,543604,FG-GML-543604-DEM1A-20260522.zip,6411,6564864,2026/05/22,/kiban/app/api/download/file/718008,越前大野城
720266,DEM5A,543604,FG-GML-543604-DEM5A-20260522.zip,6888,7053312,2026/05/22,/kiban/app/api/download/file/720266,越前大野城
539413,DEM10B,543611,FG-GML-543611-DEM10B-20161001.zip,743,760832,2016/10/01,/kiban/app/api/download/file/539413,丸岡城
618506,DEM5A,543611,FG-GML-543611-DEM5A-20250620.zip,3447,3529728,2025/06/20,/kiban/app/api/download/file/618506,丸岡城
730044,DEM5B,543611,FG-GML-543611-DEM5B-20161001.zip,2303,2358272,2016/10/01,/kiban/app/api/download/file/730044,丸岡城
539414,DEM10B,543612,FG-GML-543612-DEM10B-20161001.zip,1404,1437696,2016/10/01,/kiban/app/api/download/file/539414,丸岡城
613194,DEM1A,543612,FG-GML-543612-DEM1A-20250611.zip,2185,2237440,2025/06/11,/kiban/app/api/download/file/613194,丸岡城
618507,DEM5A,543612,FG-GML-543612-DEM5A-20250620.zip,5265,5391360,2025/06/20,/kiban/app/api/download/file/618507,丸岡城
615249,DEM5B,543612,FG-GML-543612-DEM5B-20250609.zip,739,756736,2025/06/09,/kiban/app/api/download/file/615249,丸岡城
539417,DEM10B,543615,FG-GML-543615-DEM10B-20161001.zip,2190,2242560,2016/10/01,/kiban/app/api/download/file/539417,白山（御前峰）
718012,DEM1A,543615,FG-GML-543615-DEM1A-20260522.zip,93565,95810560,2026/05/22,/kiban/app/api/download/file/718012,白山（御前峰）
720270,DEM5A,543615,FG-GML-543615-DEM5A-20260522.zip,7891,8080384,2026/05/22,/kiban/app/api/download/file/720270,白山（御前峰）
539418,DEM10B,543616,FG-GML-543616-DEM10B-20161001.zip,2239,2292736,2016/10/01,/kiban/app/api/download/file/539418,白山（御前峰）
718013,DEM1A,543616,FG-GML-543616-DEM1A-20260522.zip,43852,44904448,2026/05/22,/kiban/app/api/download/file/718013,白山（御前峰）
720271,DEM5A,543616,FG-GML-543616-DEM5A-20260522.zip,6612,6770688,2026/05/22,/kiban/app/api/download/file/720271,白山（御前峰）
539421,DEM10B,543621,FG-GML-543621-DEM10B-20161001.zip,680,696320,2016/10/01,/kiban/app/api/download/file/539421,丸岡城
618514,DEM5A,543621,FG-GML-543621-DEM5A-20250620.zip,2359,2415616,2025/06/20,/kiban/app/api/download/file/618514,丸岡城
615251,DEM5B,543621,FG-GML-543621-DEM5B-20250609.zip,2410,2467840,2025/06/09,/kiban/app/api/download/file/615251,丸岡城
539422,DEM10B,543622,FG-GML-543622-DEM10B-20161001.zip,1817,1860608,2016/10/01,/kiban/app/api/download/file/539422,丸岡城
613200,DEM1A,543622,FG-GML-543622-DEM1A-20250611.zip,102408,104865792,2025/06/11,/kiban/app/api/download/file/613200,丸岡城
618515,DEM5A,543622,FG-GML-543622-DEM5A-20250620.zip,7353,7529472,2025/06/20,/kiban/app/api/download/file/618515,丸岡城
615252,DEM5B,543622,FG-GML-543622-DEM5B-20250609.zip,2494,2553856,2025/06/09,/kiban/app/api/download/file/615252,丸岡城
539425,DEM10B,543625,FG-GML-543625-DEM10B-20161001.zip,2194,2246656,2016/10/01,/kiban/app/api/download/file/539425,白山（御前峰）
718016,DEM1A,543625,FG-GML-543625-DEM1A-20260522.zip,180836,185176064,2026/05/22,/kiban/app/api/download/file/718016,白山（御前峰）
720274,DEM5A,543625,FG-GML-543625-DEM5A-20260522.zip,9255,9477120,2026/05/22,/kiban/app/api/download/file/720274,白山（御前峰）
539426,DEM10B,543626,FG-GML-543626-DEM10B-20161001.zip,2227,2280448,2016/10/01,/kiban/app/api/download/file/539426,白山（御前峰）
718017,DEM1A,543626,FG-GML-543626-DEM1A-20260522.zip,147370,150906880,2026/05/22,/kiban/app/api/download/file/718017,白山（御前峰）
720275,DEM5A,543626,FG-GML-543626-DEM5A-20260522.zip,9289,9511936,2026/05/22,/kiban/app/api/download/file/720275,白山（御前峰）
539430,DEM10B,543632,FG-GML-543632-DEM10B-20161001.zip,1308,1339392,2016/10/01,/kiban/app/api/download/file/539430,加賀大観音
613207,DEM1A,543632,FG-GML-543632-DEM1A-20250611.zip,147888,151437312,2025/06/11,/kiban/app/api/download/file/613207,加賀大観音
618523,DEM5A,543632,FG-GML-543632-DEM5A-20250620.zip,7074,7243776,2025/06/20,/kiban/app/api/download/file/618523,加賀大観音
615255,DEM5B,543632,FG-GML-543632-DEM5B-20250609.zip,555,568320,2025/06/09,/kiban/app/api/download/file/615255,加賀大観音
539431,DEM10B,543633,FG-GML-543633-DEM10B-20161001.zip,1741,1782784,2016/10/01,/kiban/app/api/download/file/539431,加賀大観音
613208,DEM1A,543633,FG-GML-543633-DEM1A-20250611.zip,199917,204715008,2025/06/11,/kiban/app/api/download/file/613208,加賀大観音
618524,DEM5A,543633,FG-GML-543633-DEM5A-20250620.zip,8683,8891392,2025/06/20,/kiban/app/api/download/file/618524,加賀大観音
546832,DEM5B,543633,FG-GML-543633-DEM5B-20161001.zip,965,988160,2016/10/01,/kiban/app/api/download/file/546832,加賀大観音
547630,DEM5C,543633,FG-GML-543633-DEM5C-20220124.zip,1450,1484800,2022/01/24,/kiban/app/api/download/file/547630,加賀大観音
539436,DEM10B,543642,FG-GML-543642-DEM10B-20161001.zip,310,317440,2016/10/01,/kiban/app/api/download/file/539436,加賀大観音
664024,DEM1A,543642,FG-GML-543642-DEM1A-20250828.zip,37822,38729728,2025/08/28,/kiban/app/api/download/file/664024,加賀大観音
662544,DEM5A,543642,FG-GML-543642-DEM5A-20250828.zip,1795,1838080,2025/08/28,/kiban/app/api/download/file/662544,加賀大観音
615256,DEM5B,543642,FG-GML-543642-DEM5B-20250609.zip,2,2048,2025/06/09,/kiban/app/api/download/file/615256,加賀大観音
539437,DEM10B,543643,FG-GML-543643-DEM10B-20161001.zip,794,813056,2016/10/01,/kiban/app/api/download/file/539437,加賀大観音
718021,DEM1A,543643,FG-GML-543643-DEM1A-20260522.zip,89645,91796480,2026/05/22,/kiban/app/api/download/file/718021,加賀大観音
720279,DEM5A,543643,FG-GML-543643-DEM5A-20260522.zip,5546,5679104,2026/05/22,/kiban/app/api/download/file/720279,加賀大観音
615257,DEM5B,543643,FG-GML-543643-DEM5B-20250609.zip,258,264192,2025/06/09,/kiban/app/api/download/file/615257,加賀大観音
539449,DEM10B,543665,FG-GML-543665-DEM10B-20161001.zip,1566,1603584,2016/10/01,/kiban/app/api/download/file/539449,金沢城
664035,DEM1A,543665,FG-GML-543665-DEM1A-20250828.zip,79697,81609728,2025/08/28,/kiban/app/api/download/file/664035,金沢城
662555,DEM5A,543665,FG-GML-543665-DEM5A-20250828.zip,6638,6797312,2025/08/28,/kiban/app/api/download/file/662555,金沢城
615262,DEM5B,543665,FG-GML-543665-DEM5B-20250609.zip,65,66560,2025/06/09,/kiban/app/api/download/file/615262,金沢城
539453,DEM10B,543675,FG-GML-543675-DEM10B-20161001.zip,921,943104,2016/10/01,/kiban/app/api/download/file/539453,金沢城
664038,DEM1A,543675,FG-GML-543675-DEM1A-20250828.zip,78903,80796672,2025/08/28,/kiban/app/api/download/file/664038,金沢城
662558,DEM5A,543675,FG-GML-543675-DEM5A-20250828.zip,5836,5976064,2025/08/28,/kiban/app/api/download/file/662558,金沢城
730051,DEM5B,543675,FG-GML-543675-DEM5B-20100115.zip,3,3072,2010/01/15,/kiban/app/api/download/file/730051,金沢城
539460,DEM10B,543704,FG-GML-543704-DEM10B-20161001.zip,2098,2148352,2016/10/01,/kiban/app/api/download/file/539460,乗鞍岳
718033,DEM1A,543704,FG-GML-543704-DEM1A-20260616.zip,145621,149115904,2026/06/16,/kiban/app/api/download/file/718033,乗鞍岳
720291,DEM5A,543704,FG-GML-543704-DEM5A-20260616.zip,8059,8252416,2026/06/16,/kiban/app/api/download/file/720291,乗鞍岳
539468,DEM10B,543714,FG-GML-543714-DEM10B-20161001.zip,2233,2286592,2016/10/01,/kiban/app/api/download/file/539468,乗鞍岳
718038,DEM1A,543714,FG-GML-543714-DEM1A-20260522.zip,160369,164217856,2026/05/22,/kiban/app/api/download/file/718038,乗鞍岳
720296,DEM5A,543714,FG-GML-543714-DEM5A-20260522.zip,7695,7879680,2026/05/22,/kiban/app/api/download/file/720296,乗鞍岳
536978,DEM10A,543724,FG-GML-543724-DEM10A-20161001.zip,1082,1107968,2016/10/01,/kiban/app/api/download/file/536978,焼岳
539476,DEM10B,543724,FG-GML-543724-DEM10B-20161001.zip,2202,2254848,2016/10/01,/kiban/app/api/download/file/539476,焼岳
685883,DEM1A,543724,FG-GML-543724-DEM1A-20251208.zip,128803,131894272,2025/12/08,/kiban/app/api/download/file/685883,焼岳
686919,DEM5A,543724,FG-GML-543724-DEM5A-20251208.zip,9179,9399296,2025/12/08,/kiban/app/api/download/file/686919,焼岳
539479,DEM10B,543727,FG-GML-543727-DEM10B-20161001.zip,1002,1026048,2016/10/01,/kiban/app/api/download/file/539479,松本城
664050,DEM1A,543727,FG-GML-543727-DEM1A-20250822.zip,55240,56565760,2025/08/22,/kiban/app/api/download/file/664050,松本城
662570,DEM5A,543727,FG-GML-543727-DEM5A-20250822.zip,3663,3750912,2025/08/22,/kiban/app/api/download/file/662570,松本城
615271,DEM5B,543727,FG-GML-543727-DEM5B-20250609.zip,339,347136,2025/06/09,/kiban/app/api/download/file/615271,松本城
536980,DEM10A,543734,FG-GML-543734-DEM10A-20161001.zip,315,322560,2016/10/01,/kiban/app/api/download/file/536980,槍ヶ岳|穂高岳|笠ヶ岳|焼岳
539484,DEM10B,543734,FG-GML-543734-DEM10B-20161001.zip,2272,2326528,2016/10/01,/kiban/app/api/download/file/539484,槍ヶ岳|穂高岳|笠ヶ岳|焼岳
685885,DEM1A,543734,FG-GML-543734-DEM1A-20251113.zip,187547,192048128,2025/11/13,/kiban/app/api/download/file/685885,槍ヶ岳|穂高岳|笠ヶ岳|焼岳
686921,DEM5A,543734,FG-GML-543734-DEM5A-20251113.zip,10135,10378240,2025/11/13,/kiban/app/api/download/file/686921,槍ヶ岳|穂高岳|笠ヶ岳|焼岳
539485,DEM10B,543735,FG-GML-543735-DEM10B-20161001.zip,2256,2310144,2016/10/01,/kiban/app/api/download/file/539485,槍ヶ岳|穂高岳|常念岳
685886,DEM1A,543735,FG-GML-543735-DEM1A-20251113.zip,151622,155260928,2025/11/13,/kiban/app/api/download/file/685886,槍ヶ岳|穂高岳|常念岳
686922,DEM5A,543735,FG-GML-543735-DEM5A-20251113.zip,8264,8462336,2025/11/13,/kiban/app/api/download/file/686922,槍ヶ岳|穂高岳|常念岳
539486,DEM10B,543736,FG-GML-543736-DEM10B-20161001.zip,2116,2166784,2016/10/01,/kiban/app/api/download/file/539486,常念岳
685887,DEM1A,543736,FG-GML-543736-DEM1A-20251113.zip,150157,153760768,2025/11/13,/kiban/app/api/download/file/685887,常念岳
686923,DEM5A,543736,FG-GML-543736-DEM5A-20251113.zip,8341,8541184,2025/11/13,/kiban/app/api/download/file/686923,常念岳
539487,DEM10B,543737,FG-GML-543737-DEM10B-20161001.zip,1367,1399808,2016/10/01,/kiban/app/api/download/file/539487,松本城
664051,DEM1A,543737,FG-GML-543737-DEM1A-20250822.zip,140238,143603712,2025/08/22,/kiban/app/api/download/file/664051,松本城
662571,DEM5A,543737,FG-GML-543737-DEM5A-20250822.zip,6834,6998016,2025/08/22,/kiban/app/api/download/file/662571,松本城
615272,DEM5B,543737,FG-GML-543737-DEM5B-20250609.zip,125,128000,2025/06/09,/kiban/app/api/download/file/615272,松本城
539492,DEM10B,543744,FG-GML-543744-DEM10B-20161001.zip,2227,2280448,2016/10/01,/kiban/app/api/download/file/539492,槍ヶ岳|笠ヶ岳|鷲羽岳
613261,DEM1A,543744,FG-GML-543744-DEM1A-20250604.zip,159320,163143680,2025/06/04,/kiban/app/api/download/file/613261,槍ヶ岳|笠ヶ岳|鷲羽岳
618585,DEM5A,543744,FG-GML-543744-DEM5A-20250620.zip,8772,8982528,2025/06/20,/kiban/app/api/download/file/618585,槍ヶ岳|笠ヶ岳|鷲羽岳
539493,DEM10B,543745,FG-GML-543745-DEM10B-20161001.zip,2288,2342912,2016/10/01,/kiban/app/api/download/file/539493,槍ヶ岳|常念岳|鷲羽岳
685888,DEM1A,543745,FG-GML-543745-DEM1A-20251113.zip,26337,26969088,2025/11/13,/kiban/app/api/download/file/685888,槍ヶ岳|常念岳|鷲羽岳
686924,DEM5A,543745,FG-GML-543745-DEM5A-20251113.zip,4474,4581376,2025/11/13,/kiban/app/api/download/file/686924,槍ヶ岳|常念岳|鷲羽岳
539494,DEM10B,543746,FG-GML-543746-DEM10B-20161001.zip,2007,2055168,2016/10/01,/kiban/app/api/download/file/539494,常念岳
613263,DEM1A,543746,FG-GML-543746-DEM1A-20250604.zip,151852,155496448,2025/06/04,/kiban/app/api/download/file/613263,常念岳
618587,DEM5A,543746,FG-GML-543746-DEM5A-20250620.zip,8998,9213952,2025/06/20,/kiban/app/api/download/file/618587,常念岳
539500,DEM10B,543754,FG-GML-543754-DEM10B-20161001.zip,2230,2283520,2016/10/01,/kiban/app/api/download/file/539500,鷲羽岳|薬師岳
664059,DEM1A,543754,FG-GML-543754-DEM1A-20250828.zip,48900,50073600,2025/08/28,/kiban/app/api/download/file/664059,鷲羽岳|薬師岳
662579,DEM5A,543754,FG-GML-543754-DEM5A-20250828.zip,9592,9822208,2025/08/28,/kiban/app/api/download/file/662579,鷲羽岳|薬師岳
539501,DEM10B,543755,FG-GML-543755-DEM10B-20161001.zip,2298,2353152,2016/10/01,/kiban/app/api/download/file/539501,鷲羽岳
618594,DEM5A,543755,FG-GML-543755-DEM5A-20250620.zip,2081,2130944,2025/06/20,/kiban/app/api/download/file/618594,鷲羽岳
539508,DEM10B,543764,FG-GML-543764-DEM10B-20161001.zip,2269,2323456,2016/10/01,/kiban/app/api/download/file/539508,立山
664066,DEM1A,543764,FG-GML-543764-DEM1A-20250828.zip,128210,131287040,2025/08/28,/kiban/app/api/download/file/664066,立山
662586,DEM5A,543764,FG-GML-543764-DEM5A-20250828.zip,7946,8136704,2025/08/28,/kiban/app/api/download/file/662586,立山
539509,DEM10B,543765,FG-GML-543765-DEM10B-20161001.zip,2229,2282496,2016/10/01,/kiban/app/api/download/file/539509,立山
618602,DEM5A,543765,FG-GML-543765-DEM5A-20250620.zip,6397,6550528,2025/06/20,/kiban/app/api/download/file/618602,立山
539513,DEM10B,543771,FG-GML-543771-DEM10B-20161001.zip,780,798720,2016/10/01,/kiban/app/api/download/file/539513,富山城
613280,DEM1A,543771,FG-GML-543771-DEM1A-20250604.zip,132988,136179712,2025/06/04,/kiban/app/api/download/file/613280,富山城
618606,DEM5A,543771,FG-GML-543771-DEM5A-20250620.zip,3321,3400704,2025/06/20,/kiban/app/api/download/file/618606,富山城
730059,DEM5B,543771,FG-GML-543771-DEM5B-20100625.zip,4868,4984832,2010/06/25,/kiban/app/api/download/file/730059,富山城
539516,DEM10B,543774,FG-GML-543774-DEM10B-20161001.zip,2269,2323456,2016/10/01,/kiban/app/api/download/file/539516,剱岳|立山
664071,DEM1A,543774,FG-GML-543774-DEM1A-20250828.zip,173838,178010112,2025/08/28,/kiban/app/api/download/file/664071,剱岳|立山
662591,DEM5A,543774,FG-GML-543774-DEM5A-20250828.zip,8486,8689664,2025/08/28,/kiban/app/api/download/file/662591,剱岳|立山
539517,DEM10B,543775,FG-GML-543775-DEM10B-20161001.zip,2306,2361344,2016/10/01,/kiban/app/api/download/file/539517,剱岳|立山|五竜岳|鹿島槍ヶ岳
685890,DEM1A,543775,FG-GML-543775-DEM1A-20251113.zip,2338,2394112,2025/11/13,/kiban/app/api/download/file/685890,剱岳|立山|五竜岳|鹿島槍ヶ岳
686926,DEM5A,543775,FG-GML-543775-DEM5A-20251113.zip,8522,8726528,2025/11/13,/kiban/app/api/download/file/686926,剱岳|立山|五竜岳|鹿島槍ヶ岳
539518,DEM10B,543776,FG-GML-543776-DEM10B-20161001.zip,2181,2233344,2016/10/01,/kiban/app/api/download/file/539518,五竜岳|鹿島槍ヶ岳
685891,DEM1A,543776,FG-GML-543776-DEM1A-20251113.zip,198614,203380736,2025/11/13,/kiban/app/api/download/file/685891,五竜岳|鹿島槍ヶ岳
686927,DEM5A,543776,FG-GML-543776-DEM5A-20251113.zip,9070,9287680,2025/11/13,/kiban/app/api/download/file/686927,五竜岳|鹿島槍ヶ岳
539522,DEM10B,543802,FG-GML-543802-DEM10B-20161001.zip,2149,2200576,2016/10/01,/kiban/app/api/download/file/539522,蓼科山
718050,DEM1A,543802,FG-GML-543802-DEM1A-20260616.zip,146809,150332416,2026/06/16,/kiban/app/api/download/file/718050,蓼科山
720308,DEM5A,543802,FG-GML-543802-DEM5A-20260616.zip,7495,7674880,2026/06/16,/kiban/app/api/download/file/720308,蓼科山
539526,DEM10B,543806,FG-GML-543806-DEM10B-20161001.zip,2137,2188288,2016/10/01,/kiban/app/api/download/file/539526,両神山
685897,DEM1A,543806,FG-GML-543806-DEM1A-20251113.zip,239295,245038080,2025/11/13,/kiban/app/api/download/file/685897,両神山
686933,DEM5A,543806,FG-GML-543806-DEM5A-20251113.zip,7951,8141824,2025/11/13,/kiban/app/api/download/file/686933,両神山
539530,DEM10B,543812,FG-GML-543812-DEM10B-20161001.zip,2064,2113536,2016/10/01,/kiban/app/api/download/file/539530,蓼科山
718053,DEM1A,543812,FG-GML-543812-DEM1A-20260616.zip,168616,172662784,2026/06/16,/kiban/app/api/download/file/718053,蓼科山
720311,DEM5A,543812,FG-GML-543812-DEM5A-20260616.zip,7969,8160256,2026/06/16,/kiban/app/api/download/file/720311,蓼科山
539536,DEM10B,543820,FG-GML-543820-DEM10B-20161001.zip,2170,2222080,2016/10/01,/kiban/app/api/download/file/539536,美ヶ原高原（王ヶ頭）|王ヶ鼻ホテル（美ヶ原）|美しの塔（美ヶ原）|松本城
718056,DEM1A,543820,FG-GML-543820-DEM1A-20260616.zip,162351,166247424,2026/06/16,/kiban/app/api/download/file/718056,美ヶ原高原（王ヶ頭）|王ヶ鼻ホテル（美ヶ原）|美しの塔（美ヶ原）|松本城
720314,DEM5A,543820,FG-GML-543820-DEM5A-20260616.zip,7790,7976960,2026/06/16,/kiban/app/api/download/file/720314,美ヶ原高原（王ヶ頭）|王ヶ鼻ホテル（美ヶ原）|美しの塔（美ヶ原）|松本城
615279,DEM5B,543820,FG-GML-543820-DEM5B-20250609.zip,961,984064,2025/06/09,/kiban/app/api/download/file/615279,美ヶ原高原（王ヶ頭）|王ヶ鼻ホテル（美ヶ原）|美しの塔（美ヶ原）|松本城
539537,DEM10B,543821,FG-GML-543821-DEM10B-20161001.zip,2157,2208768,2016/10/01,/kiban/app/api/download/file/539537,美ヶ原高原（王ヶ頭）|王ヶ鼻ホテル（美ヶ原）|美しの塔（美ヶ原）
718057,DEM1A,543821,FG-GML-543821-DEM1A-20260616.zip,159191,163011584,2026/06/16,/kiban/app/api/download/file/718057,美ヶ原高原（王ヶ頭）|王ヶ鼻ホテル（美ヶ原）|美しの塔（美ヶ原）
720315,DEM5A,543821,FG-GML-543821-DEM5A-20260616.zip,7655,7838720,2026/06/16,/kiban/app/api/download/file/720315,美ヶ原高原（王ヶ頭）|王ヶ鼻ホテル（美ヶ原）|美しの塔（美ヶ原）
615280,DEM5B,543821,FG-GML-543821-DEM5B-20250609.zip,436,446464,2025/06/09,/kiban/app/api/download/file/615280,美ヶ原高原（王ヶ頭）|王ヶ鼻ホテル（美ヶ原）|美しの塔（美ヶ原）
539544,DEM10B,543830,FG-GML-543830-DEM10B-20161001.zip,2125,2176000,2016/10/01,/kiban/app/api/download/file/539544,美ヶ原高原（王ヶ頭）|王ヶ鼻ホテル（美ヶ原）|美しの塔（美ヶ原）
718059,DEM1A,543830,FG-GML-543830-DEM1A-20260616.zip,163937,167871488,2026/06/16,/kiban/app/api/download/file/718059,美ヶ原高原（王ヶ頭）|王ヶ鼻ホテル（美ヶ原）|美しの塔（美ヶ原）
720317,DEM5A,543830,FG-GML-543830-DEM5A-20260616.zip,7749,7934976,2026/06/16,/kiban/app/api/download/file/720317,美ヶ原高原（王ヶ頭）|王ヶ鼻ホテル（美ヶ原）|美しの塔（美ヶ原）
615281,DEM5B,543830,FG-GML-543830-DEM5B-20250609.zip,143,146432,2025/06/09,/kiban/app/api/download/file/615281,美ヶ原高原（王ヶ頭）|王ヶ鼻ホテル（美ヶ原）|美しの塔（美ヶ原）
539545,DEM10B,543831,FG-GML-543831-DEM10B-20161001.zip,2034,2082816,2016/10/01,/kiban/app/api/download/file/539545,美しの塔（美ヶ原）
718060,DEM1A,543831,FG-GML-543831-DEM1A-20260616.zip,153989,157684736,2026/06/16,/kiban/app/api/download/file/718060,美しの塔（美ヶ原）
720318,DEM5A,543831,FG-GML-543831-DEM5A-20260616.zip,7320,7495680,2026/06/16,/kiban/app/api/download/file/720318,美しの塔（美ヶ原）
539553,DEM10B,543841,FG-GML-543841-DEM10B-20161001.zip,1636,1675264,2016/10/01,/kiban/app/api/download/file/539553,上田城
664093,DEM1A,543841,FG-GML-543841-DEM1A-20250822.zip,101969,104416256,2025/08/22,/kiban/app/api/download/file/664093,上田城
662612,DEM5A,543841,FG-GML-543841-DEM5A-20250822.zip,5585,5719040,2025/08/22,/kiban/app/api/download/file/662612,上田城
539554,DEM10B,543842,FG-GML-543842-DEM10B-20161001.zip,1765,1807360,2016/10/01,/kiban/app/api/download/file/539554,上田城
664094,DEM1A,543842,FG-GML-543842-DEM1A-20250822.zip,94452,96718848,2025/08/22,/kiban/app/api/download/file/664094,上田城
662613,DEM5A,543842,FG-GML-543842-DEM5A-20250822.zip,5539,5671936,2025/08/22,/kiban/app/api/download/file/662613,上田城
536981,DEM10A,543843,FG-GML-543843-DEM10A-20161001.zip,575,588800,2016/10/01,/kiban/app/api/download/file/536981,浅間山
539555,DEM10B,543843,FG-GML-543843-DEM10B-20161001.zip,2023,2071552,2016/10/01,/kiban/app/api/download/file/539555,浅間山
718066,DEM1A,543843,FG-GML-543843-DEM1A-20260616.zip,111383,114056192,2026/06/16,/kiban/app/api/download/file/718066,浅間山
720324,DEM5A,543843,FG-GML-543843-DEM5A-20260616.zip,6844,7008256,2026/06/16,/kiban/app/api/download/file/720324,浅間山
536982,DEM10A,543844,FG-GML-543844-DEM10A-20161001.zip,1205,1233920,2016/10/01,/kiban/app/api/download/file/536982,浅間山
539556,DEM10B,543844,FG-GML-543844-DEM10B-20161001.zip,1898,1943552,2016/10/01,/kiban/app/api/download/file/539556,浅間山
664096,DEM1A,543844,FG-GML-543844-DEM1A-20250822.zip,80206,82130944,2025/08/22,/kiban/app/api/download/file/664096,浅間山
662615,DEM5A,543844,FG-GML-543844-DEM5A-20250822.zip,6338,6490112,2025/08/22,/kiban/app/api/download/file/662615,浅間山
539561,DEM10B,543851,FG-GML-543851-DEM10B-20161001.zip,1915,1960960,2016/10/01,/kiban/app/api/download/file/539561,上田城
664099,DEM1A,543851,FG-GML-543851-DEM1A-20250822.zip,135992,139255808,2025/08/22,/kiban/app/api/download/file/664099,上田城
662618,DEM5A,543851,FG-GML-543851-DEM5A-20250822.zip,6757,6919168,2025/08/22,/kiban/app/api/download/file/662618,上田城
539562,DEM10B,543852,FG-GML-543852-DEM10B-20161001.zip,2098,2148352,2016/10/01,/kiban/app/api/download/file/539562,上田城
718069,DEM1A,543852,FG-GML-543852-DEM1A-20260616.zip,155171,158895104,2026/06/16,/kiban/app/api/download/file/718069,上田城
720327,DEM5A,543852,FG-GML-543852-DEM5A-20260616.zip,7511,7691264,2026/06/16,/kiban/app/api/download/file/720327,上田城
536983,DEM10A,543853,FG-GML-543853-DEM10A-20161001.zip,543,556032,2016/10/01,/kiban/app/api/download/file/536983,浅間山
539563,DEM10B,543853,FG-GML-543853-DEM10B-20161001.zip,1972,2019328,2016/10/01,/kiban/app/api/download/file/539563,浅間山
718070,DEM1A,543853,FG-GML-543853-DEM1A-20260616.zip,64046,65583104,2026/06/16,/kiban/app/api/download/file/718070,浅間山
720328,DEM5A,543853,FG-GML-543853-DEM5A-20260616.zip,7097,7267328,2026/06/16,/kiban/app/api/download/file/720328,浅間山
536984,DEM10A,543854,FG-GML-543854-DEM10A-20161001.zip,1118,1144832,2016/10/01,/kiban/app/api/download/file/536984,浅間山
539564,DEM10B,543854,FG-GML-543854-DEM10B-20161001.zip,1725,1766400,2016/10/01,/kiban/app/api/download/file/539564,浅間山
685922,DEM1A,543854,FG-GML-543854-DEM1A-20251113.zip,715,732160,2025/11/13,/kiban/app/api/download/file/685922,浅間山
686958,DEM5A,543854,FG-GML-543854-DEM5A-20251113.zip,5731,5868544,2025/11/13,/kiban/app/api/download/file/686958,浅間山
539585,DEM10B,543901,FG-GML-543901-DEM10B-20161001.zip,1998,2045952,2016/10/01,/kiban/app/api/download/file/539585,鉢形城跡
718078,DEM1A,543901,FG-GML-543901-DEM1A-20260616.zip,165543,169516032,2026/06/16,/kiban/app/api/download/file/718078,鉢形城跡
720336,DEM5A,543901,FG-GML-543901-DEM5A-20260616.zip,7153,7324672,2026/06/16,/kiban/app/api/download/file/720336,鉢形城跡
730077,DEM5B,543901,FG-GML-543901-DEM5B-20161001.zip,3985,4080640,2016/10/01,/kiban/app/api/download/file/730077,鉢形城跡
539586,DEM10B,543902,FG-GML-543902-DEM10B-20161001.zip,1426,1460224,2016/10/01,/kiban/app/api/download/file/539586,杉山城跡
718079,DEM1A,543902,FG-GML-543902-DEM1A-20260616.zip,84670,86702080,2026/06/16,/kiban/app/api/download/file/718079,杉山城跡
720337,DEM5A,543902,FG-GML-543902-DEM5A-20260616.zip,5022,5142528,2026/06/16,/kiban/app/api/download/file/720337,杉山城跡
730078,DEM5B,543902,FG-GML-543902-DEM5B-20101001.zip,7395,7572480,2010/10/01,/kiban/app/api/download/file/730078,杉山城跡
539589,DEM10B,543905,FG-GML-543905-DEM10B-20161001.zip,313,320512,2016/10/01,/kiban/app/api/download/file/539589,東武動物公園
618682,DEM5A,543905,FG-GML-543905-DEM5A-20250620.zip,2695,2759680,2025/06/20,/kiban/app/api/download/file/618682,東武動物公園
730081,DEM5B,543905,FG-GML-543905-DEM5B-20101001.zip,2714,2779136,2010/10/01,/kiban/app/api/download/file/730081,東武動物公園
539593,DEM10B,543911,FG-GML-543911-DEM10B-20161001.zip,1534,1570816,2016/10/01,/kiban/app/api/download/file/539593,鉢形城跡
718085,DEM1A,543911,FG-GML-543911-DEM1A-20260616.zip,89588,91738112,2026/06/16,/kiban/app/api/download/file/718085,鉢形城跡
720343,DEM5A,543911,FG-GML-543911-DEM5A-20260616.zip,5565,5698560,2026/06/16,/kiban/app/api/download/file/720343,鉢形城跡
615284,DEM5B,543911,FG-GML-543911-DEM5B-20250609.zip,382,391168,2025/06/09,/kiban/app/api/download/file/615284,鉢形城跡
539594,DEM10B,543912,FG-GML-543912-DEM10B-20161001.zip,817,836608,2016/10/01,/kiban/app/api/download/file/539594,杉山城跡
718086,DEM1A,543912,FG-GML-543912-DEM1A-20260616.zip,53625,54912000,2026/06/16,/kiban/app/api/download/file/718086,杉山城跡
720344,DEM5A,543912,FG-GML-543912-DEM5A-20260616.zip,3547,3632128,2026/06/16,/kiban/app/api/download/file/720344,杉山城跡
730084,DEM5B,543912,FG-GML-543912-DEM5B-20101001.zip,5962,6105088,2010/10/01,/kiban/app/api/download/file/730084,杉山城跡
539595,DEM10B,543913,FG-GML-543913-DEM10B-20161001.zip,374,382976,2016/10/01,/kiban/app/api/download/file/539595,忍城
718087,DEM1A,543913,FG-GML-543913-DEM1A-20260616.zip,21942,22468608,2026/06/16,/kiban/app/api/download/file/718087,忍城
720345,DEM5A,543913,FG-GML-543913-DEM5A-20260616.zip,3100,3174400,2026/06/16,/kiban/app/api/download/file/720345,忍城
730085,DEM5B,543913,FG-GML-543913-DEM5B-20101001.zip,4703,4815872,2010/10/01,/kiban/app/api/download/file/730085,忍城
539610,DEM10B,543932,FG-GML-543932-DEM10B-20161001.zip,425,435200,2016/10/01,/kiban/app/api/download/file/539610,新田金山城跡
718098,DEM1A,543932,FG-GML-543932-DEM1A-20260616.zip,1384,1417216,2026/06/16,/kiban/app/api/download/file/718098,新田金山城跡
720356,DEM5A,543932,FG-GML-543932-DEM5A-20260616.zip,5091,5213184,2026/06/16,/kiban/app/api/download/file/720356,新田金山城跡
539611,DEM10B,543933,FG-GML-543933-DEM10B-20161001.zip,442,452608,2016/10/01,/kiban/app/api/download/file/539611,新田金山城跡
718099,DEM1A,543933,FG-GML-543933-DEM1A-20260603.zip,3921,4015104,2026/06/03,/kiban/app/api/download/file/718099,新田金山城跡
720357,DEM5A,543933,FG-GML-543933-DEM5A-20260603.zip,5313,5440512,2026/06/03,/kiban/app/api/download/file/720357,新田金山城跡
539612,DEM10B,543934,FG-GML-543934-DEM10B-20161001.zip,558,571392,2016/10/01,/kiban/app/api/download/file/539612,唐沢山城跡
718100,DEM1A,543934,FG-GML-543934-DEM1A-20260603.zip,12300,12595200,2026/06/03,/kiban/app/api/download/file/718100,唐沢山城跡
720358,DEM5A,543934,FG-GML-543934-DEM5A-20260603.zip,5400,5529600,2026/06/03,/kiban/app/api/download/file/720358,唐沢山城跡
539616,DEM10B,543940,FG-GML-543940-DEM10B-20161001.zip,615,629760,2016/10/01,/kiban/app/api/download/file/539616,群馬県庁舎
718102,DEM1A,543940,FG-GML-543940-DEM1A-20260616.zip,30031,30751744,2026/06/16,/kiban/app/api/download/file/718102,群馬県庁舎
720360,DEM5A,543940,FG-GML-543940-DEM5A-20260616.zip,4449,4555776,2026/06/16,/kiban/app/api/download/file/720360,群馬県庁舎
539618,DEM10B,543942,FG-GML-543942-DEM10B-20161001.zip,1062,1087488,2016/10/01,/kiban/app/api/download/file/539618,新田金山城跡
718103,DEM1A,543942,FG-GML-543942-DEM1A-20260616.zip,4156,4255744,2026/06/16,/kiban/app/api/download/file/718103,新田金山城跡
720361,DEM5A,543942,FG-GML-543942-DEM5A-20260616.zip,6573,6730752,2026/06/16,/kiban/app/api/download/file/720361,新田金山城跡
615286,DEM5B,543942,FG-GML-543942-DEM5B-20250609.zip,496,507904,2025/06/09,/kiban/app/api/download/file/615286,新田金山城跡
539619,DEM10B,543943,FG-GML-543943-DEM10B-20161001.zip,1553,1590272,2016/10/01,/kiban/app/api/download/file/539619,新田金山城跡
718104,DEM1A,543943,FG-GML-543943-DEM1A-20260603.zip,139639,142990336,2026/06/03,/kiban/app/api/download/file/718104,新田金山城跡
720362,DEM5A,543943,FG-GML-543943-DEM5A-20260603.zip,7367,7543808,2026/06/03,/kiban/app/api/download/file/720362,新田金山城跡
615287,DEM5B,543943,FG-GML-543943-DEM5B-20250609.zip,409,418816,2025/06/09,/kiban/app/api/download/file/615287,新田金山城跡
539620,DEM10B,543944,FG-GML-543944-DEM10B-20161001.zip,1464,1499136,2016/10/01,/kiban/app/api/download/file/539620,唐沢山城跡
718105,DEM1A,543944,FG-GML-543944-DEM1A-20260603.zip,116997,119804928,2026/06/03,/kiban/app/api/download/file/718105,唐沢山城跡
720363,DEM5A,543944,FG-GML-543944-DEM5A-20260603.zip,6107,6253568,2026/06/03,/kiban/app/api/download/file/720363,唐沢山城跡
615288,DEM5B,543944,FG-GML-543944-DEM5B-20250609.zip,2111,2161664,2025/06/09,/kiban/app/api/download/file/615288,唐沢山城跡
539621,DEM10B,543945,FG-GML-543945-DEM10B-20161001.zip,1252,1282048,2016/10/01,/kiban/app/api/download/file/539621,唐沢山城跡
664114,DEM1A,543945,FG-GML-543945-DEM1A-20250822.zip,69854,71530496,2025/08/22,/kiban/app/api/download/file/664114,唐沢山城跡
662633,DEM5A,543945,FG-GML-543945-DEM5A-20250822.zip,5993,6136832,2025/08/22,/kiban/app/api/download/file/662633,唐沢山城跡
615289,DEM5B,543945,FG-GML-543945-DEM5B-20250609.zip,1182,1210368,2025/06/09,/kiban/app/api/download/file/615289,唐沢山城跡
539624,DEM10B,543950,FG-GML-543950-DEM10B-20161001.zip,1528,1564672,2016/10/01,/kiban/app/api/download/file/539624,群馬県庁舎
718106,DEM1A,543950,FG-GML-543950-DEM1A-20260616.zip,55794,57133056,2026/06/16,/kiban/app/api/download/file/718106,群馬県庁舎
720364,DEM5A,543950,FG-GML-543950-DEM5A-20260616.zip,5318,5445632,2026/06/16,/kiban/app/api/download/file/720364,群馬県庁舎
539633,DEM10B,543961,FG-GML-543961-DEM10B-20161001.zip,2109,2159616,2016/10/01,/kiban/app/api/download/file/539633,赤城山（黒檜山）
718111,DEM1A,543961,FG-GML-543961-DEM1A-20260616.zip,90688,92864512,2026/06/16,/kiban/app/api/download/file/718111,赤城山（黒檜山）
720369,DEM5A,543961,FG-GML-543961-DEM5A-20260616.zip,8467,8670208,2026/06/16,/kiban/app/api/download/file/720369,赤城山（黒檜山）
539640,DEM10B,543970,FG-GML-543970-DEM10B-20161001.zip,1803,1846272,2016/10/01,/kiban/app/api/download/file/539640,沼田城跡
664129,DEM1A,543970,FG-GML-543970-DEM1A-20250819.zip,12693,12997632,2025/08/19,/kiban/app/api/download/file/664129,沼田城跡
662648,DEM5A,543970,FG-GML-543970-DEM5A-20250819.zip,8176,8372224,2025/08/19,/kiban/app/api/download/file/662648,沼田城跡
539641,DEM10B,543971,FG-GML-543971-DEM10B-20161001.zip,1985,2032640,2016/10/01,/kiban/app/api/download/file/539641,赤城山（黒檜山）
718114,DEM1A,543971,FG-GML-543971-DEM1A-20260616.zip,129510,132618240,2026/06/16,/kiban/app/api/download/file/718114,赤城山（黒檜山）
720372,DEM5A,543971,FG-GML-543971-DEM5A-20260616.zip,7418,7596032,2026/06/16,/kiban/app/api/download/file/720372,赤城山（黒檜山）
539649,DEM10B,544001,FG-GML-544001-DEM10B-20161001.zip,621,635904,2016/10/01,/kiban/app/api/download/file/539649,牛久大仏
618742,DEM5A,544001,FG-GML-544001-DEM5A-20250620.zip,5360,5488640,2025/06/20,/kiban/app/api/download/file/618742,牛久大仏
730102,DEM5B,544001,FG-GML-544001-DEM5B-20090901.zip,5526,5658624,2009/09/01,/kiban/app/api/download/file/730102,牛久大仏
539672,DEM10B,544043,FG-GML-544043-DEM10B-20161001.zip,674,690176,2016/10/01,/kiban/app/api/download/file/539672,水戸城跡
685947,DEM1A,544043,FG-GML-544043-DEM1A-20251113.zip,302,309248,2025/11/13,/kiban/app/api/download/file/685947,水戸城跡
686983,DEM5A,544043,FG-GML-544043-DEM5A-20251113.zip,5828,5967872,2025/11/13,/kiban/app/api/download/file/686983,水戸城跡
539673,DEM10B,544044,FG-GML-544044-DEM10B-20161001.zip,631,646144,2016/10/01,/kiban/app/api/download/file/539673,水戸城跡
685948,DEM1A,544044,FG-GML-544044-DEM1A-20251113.zip,1769,1811456,2025/11/13,/kiban/app/api/download/file/685948,水戸城跡
686984,DEM5A,544044,FG-GML-544044-DEM5A-20251113.zip,5300,5427200,2025/11/13,/kiban/app/api/download/file/686984,水戸城跡
539719,DEM10B,553701,FG-GML-553701-DEM10B-20161001.zip,565,578560,2016/10/01,/kiban/app/api/download/file/539719,富山城
613385,DEM1A,553701,FG-GML-553701-DEM1A-20250509.zip,124492,127479808,2025/05/09,/kiban/app/api/download/file/613385,富山城
618811,DEM5A,553701,FG-GML-553701-DEM5A-20250620.zip,2976,3047424,2025/06/20,/kiban/app/api/download/file/618811,富山城
730118,DEM5B,553701,FG-GML-553701-DEM5B-20080331.zip,4001,4097024,2008/03/31,/kiban/app/api/download/file/730118,富山城
539723,DEM10B,553705,FG-GML-553705-DEM10B-20161001.zip,2313,2368512,2016/10/01,/kiban/app/api/download/file/539723,白馬岳|五竜岳
618815,DEM5A,553705,FG-GML-553705-DEM5A-20250620.zip,10039,10279936,2025/06/20,/kiban/app/api/download/file/618815,白馬岳|五竜岳
539724,DEM10B,553706,FG-GML-553706-DEM10B-20161001.zip,2206,2258944,2016/10/01,/kiban/app/api/download/file/539724,白馬岳|五竜岳
685958,DEM1A,553706,FG-GML-553706-DEM1A-20251113.zip,158770,162580480,2025/11/13,/kiban/app/api/download/file/685958,白馬岳|五竜岳
686994,DEM5A,553706,FG-GML-553706-DEM5A-20251113.zip,9245,9466880,2025/11/13,/kiban/app/api/download/file/686994,白馬岳|五竜岳
539731,DEM10B,553715,FG-GML-553715-DEM10B-20161001.zip,2309,2364416,2016/10/01,/kiban/app/api/download/file/539731,白馬岳
613396,DEM1A,553715,FG-GML-553715-DEM1A-20250509.zip,493,504832,2025/05/09,/kiban/app/api/download/file/613396,白馬岳
618823,DEM5A,553715,FG-GML-553715-DEM5A-20250620.zip,8185,8381440,2025/06/20,/kiban/app/api/download/file/618823,白馬岳
539732,DEM10B,553716,FG-GML-553716-DEM10B-20161001.zip,2207,2259968,2016/10/01,/kiban/app/api/download/file/539732,白馬岳
685960,DEM1A,553716,FG-GML-553716-DEM1A-20251113.zip,69655,71326720,2025/11/13,/kiban/app/api/download/file/685960,白馬岳
686996,DEM5A,553716,FG-GML-553716-DEM5A-20251113.zip,8311,8510464,2025/11/13,/kiban/app/api/download/file/686996,白馬岳
539769,DEM10B,553815,FG-GML-553815-DEM10B-20161001.zip,2173,2225152,2016/10/01,/kiban/app/api/download/file/539769,苗場山
718140,DEM1A,553815,FG-GML-553815-DEM1A-20260603.zip,174634,178825216,2026/06/03,/kiban/app/api/download/file/718140,苗場山
720398,DEM5A,553815,FG-GML-553815-DEM5A-20260603.zip,8129,8324096,2026/06/03,/kiban/app/api/download/file/720398,苗場山
539771,DEM10B,553817,FG-GML-553817-DEM10B-20161001.zip,2181,2233344,2016/10/01,/kiban/app/api/download/file/539771,谷川岳
718141,DEM1A,553817,FG-GML-553817-DEM1A-20260603.zip,20292,20779008,2026/06/03,/kiban/app/api/download/file/718141,谷川岳
720399,DEM5A,553817,FG-GML-553817-DEM5A-20260603.zip,10068,10309632,2026/06/03,/kiban/app/api/download/file/720399,谷川岳
539772,DEM10B,553820,FG-GML-553820-DEM10B-20161001.zip,2089,2139136,2016/10/01,/kiban/app/api/download/file/539772,妙高山|火打山
718142,DEM1A,553820,FG-GML-553820-DEM1A-20260616.zip,8043,8236032,2026/06/16,/kiban/app/api/download/file/718142,妙高山|火打山
720400,DEM5A,553820,FG-GML-553820-DEM5A-20260616.zip,8851,9063424,2026/06/16,/kiban/app/api/download/file/720400,妙高山|火打山
539773,DEM10B,553821,FG-GML-553821-DEM10B-20161001.zip,2049,2098176,2016/10/01,/kiban/app/api/download/file/539773,妙高山
718143,DEM1A,553821,FG-GML-553821-DEM1A-20260616.zip,55088,56410112,2026/06/16,/kiban/app/api/download/file/718143,妙高山
720401,DEM5A,553821,FG-GML-553821-DEM5A-20260616.zip,6854,7018496,2026/06/16,/kiban/app/api/download/file/720401,妙高山
539777,DEM10B,553825,FG-GML-553825-DEM10B-20161001.zip,2158,2209792,2016/10/01,/kiban/app/api/download/file/539777,苗場山
718145,DEM1A,553825,FG-GML-553825-DEM1A-20260603.zip,169952,174030848,2026/06/03,/kiban/app/api/download/file/718145,苗場山
720403,DEM5A,553825,FG-GML-553825-DEM5A-20260603.zip,8043,8236032,2026/06/03,/kiban/app/api/download/file/720403,苗場山
539779,DEM10B,553827,FG-GML-553827-DEM10B-20161001.zip,2207,2259968,2016/10/01,/kiban/app/api/download/file/539779,谷川岳
664179,DEM1A,553827,FG-GML-553827-DEM1A-20250822.zip,109510,112138240,2025/08/22,/kiban/app/api/download/file/664179,谷川岳
662698,DEM5A,553827,FG-GML-553827-DEM5A-20250822.zip,9492,9719808,2025/08/22,/kiban/app/api/download/file/662698,谷川岳
539780,DEM10B,553830,FG-GML-553830-DEM10B-20161001.zip,2147,2198528,2016/10/01,/kiban/app/api/download/file/539780,妙高山|火打山
618872,DEM5A,553830,FG-GML-553830-DEM5A-20250620.zip,9201,9421824,2025/06/20,/kiban/app/api/download/file/618872,妙高山|火打山
539781,DEM10B,553831,FG-GML-553831-DEM10B-20161001.zip,2006,2054144,2016/10/01,/kiban/app/api/download/file/539781,妙高山
664180,DEM1A,553831,FG-GML-553831-DEM1A-20250828.zip,31863,32627712,2025/08/28,/kiban/app/api/download/file/664180,妙高山
662699,DEM5A,553831,FG-GML-553831-DEM5A-20250828.zip,6449,6603776,2025/08/28,/kiban/app/api/download/file/662699,妙高山
539787,DEM10B,553837,FG-GML-553837-DEM10B-20161001.zip,2211,2264064,2016/10/01,/kiban/app/api/download/file/539787,巻機山
685973,DEM1A,553837,FG-GML-553837-DEM1A-20251208.zip,156522,160278528,2025/12/08,/kiban/app/api/download/file/685973,巻機山
687009,DEM5A,553837,FG-GML-553837-DEM5A-20251208.zip,8462,8665088,2025/12/08,/kiban/app/api/download/file/687009,巻機山
539795,DEM10B,553847,FG-GML-553847-DEM10B-20161001.zip,1929,1975296,2016/10/01,/kiban/app/api/download/file/539795,巻機山
685977,DEM1A,553847,FG-GML-553847-DEM1A-20251208.zip,197751,202497024,2025/12/08,/kiban/app/api/download/file/685977,巻機山
687013,DEM5A,553847,FG-GML-553847-DEM5A-20251208.zip,8850,9062400,2025/12/08,/kiban/app/api/download/file/687013,巻機山
539818,DEM10B,553900,FG-GML-553900-DEM10B-20161001.zip,1895,1940480,2016/10/01,/kiban/app/api/download/file/539818,沼田城跡
718150,DEM1A,553900,FG-GML-553900-DEM1A-20260603.zip,93206,95442944,2026/06/03,/kiban/app/api/download/file/718150,沼田城跡
720408,DEM5A,553900,FG-GML-553900-DEM5A-20260603.zip,7687,7871488,2026/06/03,/kiban/app/api/download/file/720408,沼田城跡
539821,DEM10B,553903,FG-GML-553903-DEM10B-20161001.zip,1899,1944576,2016/10/01,/kiban/app/api/download/file/539821,男体山
718153,DEM1A,553903,FG-GML-553903-DEM1A-20260603.zip,149803,153398272,2026/06/03,/kiban/app/api/download/file/718153,男体山
720411,DEM5A,553903,FG-GML-553903-DEM5A-20260603.zip,7049,7218176,2026/06/03,/kiban/app/api/download/file/720411,男体山
539822,DEM10B,553904,FG-GML-553904-DEM10B-20161001.zip,2163,2214912,2016/10/01,/kiban/app/api/download/file/539822,男体山
718154,DEM1A,553904,FG-GML-553904-DEM1A-20260616.zip,164669,168621056,2026/06/16,/kiban/app/api/download/file/718154,男体山
720412,DEM5A,553904,FG-GML-553904-DEM5A-20260616.zip,7689,7873536,2026/06/16,/kiban/app/api/download/file/720412,男体山
539826,DEM10B,553910,FG-GML-553910-DEM10B-20161001.zip,2126,2177024,2016/10/01,/kiban/app/api/download/file/539826,武尊山
718158,DEM1A,553910,FG-GML-553910-DEM1A-20260603.zip,70313,72000512,2026/06/03,/kiban/app/api/download/file/718158,武尊山
720416,DEM5A,553910,FG-GML-553910-DEM5A-20260603.zip,8931,9145344,2026/06/03,/kiban/app/api/download/file/720416,武尊山
539827,DEM10B,553911,FG-GML-553911-DEM10B-20161001.zip,2121,2171904,2016/10/01,/kiban/app/api/download/file/539827,武尊山
718159,DEM1A,553911,FG-GML-553911-DEM1A-20260603.zip,139809,143164416,2026/06/03,/kiban/app/api/download/file/718159,武尊山
720417,DEM5A,553911,FG-GML-553911-DEM5A-20260603.zip,7530,7710720,2026/06/03,/kiban/app/api/download/file/720417,武尊山
539828,DEM10B,553912,FG-GML-553912-DEM10B-20161001.zip,2169,2221056,2016/10/01,/kiban/app/api/download/file/539828,日光白根山
718160,DEM1A,553912,FG-GML-553912-DEM1A-20260603.zip,159312,163135488,2026/06/03,/kiban/app/api/download/file/718160,日光白根山
720418,DEM5A,553912,FG-GML-553912-DEM5A-20260603.zip,7641,7824384,2026/06/03,/kiban/app/api/download/file/720418,日光白根山
539829,DEM10B,553913,FG-GML-553913-DEM10B-20161001.zip,2039,2087936,2016/10/01,/kiban/app/api/download/file/539829,日光白根山|男体山
718161,DEM1A,553913,FG-GML-553913-DEM1A-20260616.zip,149155,152734720,2026/06/16,/kiban/app/api/download/file/718161,日光白根山|男体山
720419,DEM5A,553913,FG-GML-553913-DEM5A-20260616.zip,7257,7431168,2026/06/16,/kiban/app/api/download/file/720419,日光白根山|男体山
539830,DEM10B,553914,FG-GML-553914-DEM10B-20161001.zip,2187,2239488,2016/10/01,/kiban/app/api/download/file/539830,男体山
718162,DEM1A,553914,FG-GML-553914-DEM1A-20260616.zip,153872,157564928,2026/06/16,/kiban/app/api/download/file/718162,男体山
720420,DEM5A,553914,FG-GML-553914-DEM5A-20260616.zip,7514,7694336,2026/06/16,/kiban/app/api/download/file/720420,男体山
539835,DEM10B,553921,FG-GML-553921-DEM10B-20161001.zip,2116,2166784,2016/10/01,/kiban/app/api/download/file/539835,至仏山
664224,DEM1A,553921,FG-GML-553921-DEM1A-20250819.zip,99839,102235136,2025/08/19,/kiban/app/api/download/file/664224,至仏山
662743,DEM5A,553921,FG-GML-553921-DEM5A-20250819.zip,8513,8717312,2025/08/19,/kiban/app/api/download/file/662743,至仏山
539843,DEM10B,553931,FG-GML-553931-DEM10B-20161001.zip,2011,2059264,2016/10/01,/kiban/app/api/download/file/539843,至仏山|平ヶ岳
718170,DEM1A,553931,FG-GML-553931-DEM1A-20260603.zip,2627,2690048,2026/06/03,/kiban/app/api/download/file/718170,至仏山|平ヶ岳
720428,DEM5A,553931,FG-GML-553931-DEM5A-20260603.zip,9895,10132480,2026/06/03,/kiban/app/api/download/file/720428,至仏山|平ヶ岳
539844,DEM10B,553932,FG-GML-553932-DEM10B-20161001.zip,2028,2076672,2016/10/01,/kiban/app/api/download/file/539844,燧ヶ岳
718171,DEM1A,553932,FG-GML-553932-DEM1A-20260603.zip,70331,72018944,2026/06/03,/kiban/app/api/download/file/718171,燧ヶ岳
720429,DEM5A,553932,FG-GML-553932-DEM5A-20260603.zip,8613,8819712,2026/06/03,/kiban/app/api/download/file/720429,燧ヶ岳
539851,DEM10B,553941,FG-GML-553941-DEM10B-20161001.zip,2154,2205696,2016/10/01,/kiban/app/api/download/file/539851,平ヶ岳
718176,DEM1A,553941,FG-GML-553941-DEM1A-20260603.zip,1896,1941504,2026/06/03,/kiban/app/api/download/file/718176,平ヶ岳
720434,DEM5A,553941,FG-GML-553941-DEM5A-20260603.zip,10444,10694656,2026/06/03,/kiban/app/api/download/file/720434,平ヶ岳
539852,DEM10B,553942,FG-GML-553942-DEM10B-20161001.zip,2189,2241536,2016/10/01,/kiban/app/api/download/file/539852,会津駒ヶ岳
718177,DEM1A,553942,FG-GML-553942-DEM1A-20260603.zip,141107,144493568,2026/06/03,/kiban/app/api/download/file/718177,会津駒ヶ岳
720435,DEM5A,553942,FG-GML-553942-DEM5A-20260603.zip,8372,8572928,2026/06/03,/kiban/app/api/download/file/720435,会津駒ヶ岳
539853,DEM10B,553943,FG-GML-553943-DEM10B-20161001.zip,2129,2180096,2016/10/01,/kiban/app/api/download/file/539853,会津駒ヶ岳
613462,DEM1A,553943,FG-GML-553943-DEM1A-20250509.zip,23036,23588864,2025/05/09,/kiban/app/api/download/file/613462,会津駒ヶ岳
618945,DEM5A,553943,FG-GML-553943-DEM5A-20250620.zip,9886,10123264,2025/06/20,/kiban/app/api/download/file/618945,会津駒ヶ岳
536986,DEM10A,553957,FG-GML-553957-DEM10A-20161001.zip,1192,1220608,2016/10/01,/kiban/app/api/download/file/536986,那須岳
539865,DEM10B,553957,FG-GML-553957-DEM10B-20161001.zip,2124,2174976,2016/10/01,/kiban/app/api/download/file/539865,那須岳
685998,DEM1A,553957,FG-GML-553957-DEM1A-20251113.zip,125753,128771072,2025/11/13,/kiban/app/api/download/file/685998,那須岳
687034,DEM5A,553957,FG-GML-553957-DEM5A-20251113.zip,8245,8442880,2025/11/13,/kiban/app/api/download/file/687034,那須岳
539919,DEM10B,554051,FG-GML-554051-DEM10B-20161001.zip,1459,1494016,2016/10/01,/kiban/app/api/download/file/539919,白河小峰城
686023,DEM1A,554051,FG-GML-554051-DEM1A-20251107.zip,61708,63188992,2025/11/07,/kiban/app/api/download/file/686023,白河小峰城
687059,DEM5A,554051,FG-GML-554051-DEM5A-20251107.zip,6532,6688768,2025/11/07,/kiban/app/api/download/file/687059,白河小峰城
615349,DEM5B,554051,FG-GML-554051-DEM5B-20250609.zip,639,654336,2025/06/09,/kiban/app/api/download/file/615349,白河小峰城
540006,DEM10B,563917,FG-GML-563917-DEM10B-20161001.zip,1553,1590272,2016/10/01,/kiban/app/api/download/file/540006,会津若松城（鶴ヶ城）
613584,DEM1A,563917,FG-GML-563917-DEM1A-20250509.zip,93039,95271936,2025/05/09,/kiban/app/api/download/file/613584,会津若松城（鶴ヶ城）
619099,DEM5A,563917,FG-GML-563917-DEM5A-20250620.zip,6451,6605824,2025/06/20,/kiban/app/api/download/file/619099,会津若松城（鶴ヶ城）
615367,DEM5B,563917,FG-GML-563917-DEM5B-20250609.zip,2491,2550784,2025/06/09,/kiban/app/api/download/file/615367,会津若松城（鶴ヶ城）
540014,DEM10B,563927,FG-GML-563927-DEM10B-20161001.zip,1282,1312768,2016/10/01,/kiban/app/api/download/file/540014,会津若松城（鶴ヶ城）|会津慈母大観音
718211,DEM1A,563927,FG-GML-563927-DEM1A-20260616.zip,61130,62597120,2026/06/16,/kiban/app/api/download/file/718211,会津若松城（鶴ヶ城）|会津慈母大観音
720469,DEM5A,563927,FG-GML-563927-DEM5A-20260616.zip,6114,6260736,2026/06/16,/kiban/app/api/download/file/720469,会津若松城（鶴ヶ城）|会津慈母大観音
615370,DEM5B,563927,FG-GML-563927-DEM5B-20250609.zip,2565,2626560,2025/06/09,/kiban/app/api/download/file/615370,会津若松城（鶴ヶ城）|会津慈母大観音
540036,DEM10B,563955,FG-GML-563955-DEM10B-20161001.zip,2145,2196480,2016/10/01,/kiban/app/api/download/file/540036,飯豊山
686036,DEM1A,563955,FG-GML-563955-DEM1A-20251208.zip,48202,49358848,2025/12/08,/kiban/app/api/download/file/686036,飯豊山
687072,DEM5A,563955,FG-GML-563955-DEM5A-20251208.zip,7762,7948288,2025/12/08,/kiban/app/api/download/file/687072,飯豊山
615382,DEM5B,563955,FG-GML-563955-DEM5B-20250609.zip,70,71680,2025/06/09,/kiban/app/api/download/file/615382,飯豊山
540044,DEM10B,563965,FG-GML-563965-DEM10B-20161001.zip,2205,2257920,2016/10/01,/kiban/app/api/download/file/540044,飯豊山
686040,DEM1A,563965,FG-GML-563965-DEM1A-20251208.zip,132094,135264256,2025/12/08,/kiban/app/api/download/file/686040,飯豊山
687076,DEM5A,563965,FG-GML-563965-DEM5A-20251208.zip,8508,8712192,2025/12/08,/kiban/app/api/download/file/687076,飯豊山
540049,DEM10B,563972,FG-GML-563972-DEM10B-20161001.zip,386,395264,2016/10/01,/kiban/app/api/download/file/540049,新発田城跡
619142,DEM5A,563972,FG-GML-563972-DEM5A-20250620.zip,4781,4895744,2025/06/20,/kiban/app/api/download/file/619142,新発田城跡
615388,DEM5B,563972,FG-GML-563972-DEM5B-20250609.zip,435,445440,2025/06/09,/kiban/app/api/download/file/615388,新発田城跡
540058,DEM10B,564003,FG-GML-564003-DEM10B-20161001.zip,1501,1537024,2016/10/01,/kiban/app/api/download/file/540058,三春城跡
718224,DEM1A,564003,FG-GML-564003-DEM1A-20260603.zip,55567,56900608,2026/06/03,/kiban/app/api/download/file/718224,三春城跡
720482,DEM5A,564003,FG-GML-564003-DEM5A-20260603.zip,6605,6763520,2026/06/03,/kiban/app/api/download/file/720482,三春城跡
615391,DEM5B,564003,FG-GML-564003-DEM5B-20250609.zip,2155,2206720,2025/06/09,/kiban/app/api/download/file/615391,三春城跡
540059,DEM10B,564004,FG-GML-564004-DEM10B-20161001.zip,1793,1836032,2016/10/01,/kiban/app/api/download/file/540059,三春城跡
664335,DEM1A,564004,FG-GML-564004-DEM1A-20250804.zip,111377,114050048,2025/08/04,/kiban/app/api/download/file/664335,三春城跡
662855,DEM5A,564004,FG-GML-564004-DEM5A-20250804.zip,7893,8082432,2025/08/04,/kiban/app/api/download/file/662855,三春城跡
615392,DEM5B,564004,FG-GML-564004-DEM5B-20250609.zip,1125,1152000,2025/06/09,/kiban/app/api/download/file/615392,三春城跡
540066,DEM10B,564013,FG-GML-564013-DEM10B-20161001.zip,1552,1589248,2016/10/01,/kiban/app/api/download/file/540066,三春城跡
664341,DEM1A,564013,FG-GML-564013-DEM1A-20250804.zip,26505,27141120,2025/08/04,/kiban/app/api/download/file/664341,三春城跡
662861,DEM5A,564013,FG-GML-564013-DEM5A-20250804.zip,7202,7374848,2025/08/04,/kiban/app/api/download/file/662861,三春城跡
730155,DEM5B,564013,FG-GML-564013-DEM5B-20100115.zip,7296,7471104,2010/01/15,/kiban/app/api/download/file/730155,三春城跡
540067,DEM10B,564014,FG-GML-564014-DEM10B-20161001.zip,1757,1799168,2016/10/01,/kiban/app/api/download/file/540067,三春城跡
686049,DEM1A,564014,FG-GML-564014-DEM1A-20251107.zip,80810,82749440,2025/11/07,/kiban/app/api/download/file/686049,三春城跡
687085,DEM5A,564014,FG-GML-564014-DEM5A-20251107.zip,7242,7415808,2025/11/07,/kiban/app/api/download/file/687085,三春城跡
615396,DEM5B,564014,FG-GML-564014-DEM5B-20250609.zip,1830,1873920,2025/06/09,/kiban/app/api/download/file/615396,三春城跡
536988,DEM10A,564020,FG-GML-564020-DEM10A-20161001.zip,275,281600,2016/10/01,/kiban/app/api/download/file/536988,磐梯山
540071,DEM10B,564020,FG-GML-564020-DEM10B-20161001.zip,1012,1036288,2016/10/01,/kiban/app/api/download/file/540071,磐梯山
718228,DEM1A,564020,FG-GML-564020-DEM1A-20260603.zip,64637,66188288,2026/06/03,/kiban/app/api/download/file/718228,磐梯山
720486,DEM5A,564020,FG-GML-564020-DEM5A-20260603.zip,3757,3847168,2026/06/03,/kiban/app/api/download/file/720486,磐梯山
615397,DEM5B,564020,FG-GML-564020-DEM5B-20250609.zip,1058,1083392,2025/06/09,/kiban/app/api/download/file/615397,磐梯山
540074,DEM10B,564023,FG-GML-564023-DEM10B-20161001.zip,1557,1594368,2016/10/01,/kiban/app/api/download/file/540074,二本松城跡
686052,DEM1A,564023,FG-GML-564023-DEM1A-20251107.zip,95149,97432576,2025/11/07,/kiban/app/api/download/file/686052,二本松城跡
687088,DEM5A,564023,FG-GML-564023-DEM5A-20251107.zip,5365,5493760,2025/11/07,/kiban/app/api/download/file/687088,二本松城跡
730156,DEM5B,564023,FG-GML-564023-DEM5B-20090201.zip,8084,8278016,2009/02/01,/kiban/app/api/download/file/730156,二本松城跡
536989,DEM10A,564030,FG-GML-564030-DEM10A-20161001.zip,1883,1928192,2016/10/01,/kiban/app/api/download/file/536989,磐梯山
540079,DEM10B,564030,FG-GML-564030-DEM10B-20161001.zip,1917,1963008,2016/10/01,/kiban/app/api/download/file/540079,磐梯山
718230,DEM1A,564030,FG-GML-564030-DEM1A-20260603.zip,142575,145996800,2026/06/03,/kiban/app/api/download/file/718230,磐梯山
720488,DEM5A,564030,FG-GML-564030-DEM5A-20260603.zip,7028,7196672,2026/06/03,/kiban/app/api/download/file/720488,磐梯山
616089,DEM5C,564030,FG-GML-564030-DEM5C-20250605.zip,1277,1307648,2025/06/05,/kiban/app/api/download/file/616089,磐梯山
540082,DEM10B,564033,FG-GML-564033-DEM10B-20161001.zip,1667,1707008,2016/10/01,/kiban/app/api/download/file/540082,二本松城跡
664355,DEM1A,564033,FG-GML-564033-DEM1A-20250804.zip,98630,100997120,2025/08/04,/kiban/app/api/download/file/664355,二本松城跡
662875,DEM5A,564033,FG-GML-564033-DEM5A-20250804.zip,5635,5770240,2025/08/04,/kiban/app/api/download/file/662875,二本松城跡
615401,DEM5B,564033,FG-GML-564033-DEM5B-20250609.zip,180,184320,2025/06/09,/kiban/app/api/download/file/615401,二本松城跡
536992,DEM10A,564040,FG-GML-564040-DEM10A-20161001.zip,194,198656,2016/10/01,/kiban/app/api/download/file/536992,西吾妻山
540087,DEM10B,564040,FG-GML-564040-DEM10B-20161001.zip,1851,1895424,2016/10/01,/kiban/app/api/download/file/540087,西吾妻山
664360,DEM1A,564040,FG-GML-564040-DEM1A-20250804.zip,132055,135224320,2025/08/04,/kiban/app/api/download/file/664360,西吾妻山
662880,DEM5A,564040,FG-GML-564040-DEM5A-20250804.zip,6452,6606848,2025/08/04,/kiban/app/api/download/file/662880,西吾妻山
616091,DEM5C,564040,FG-GML-564040-DEM5C-20250605.zip,6824,6987776,2025/06/05,/kiban/app/api/download/file/616091,西吾妻山
540088,DEM10B,564041,FG-GML-564041-DEM10B-20161001.zip,2031,2079744,2016/10/01,/kiban/app/api/download/file/540088,西吾妻山
664361,DEM1A,564041,FG-GML-564041-DEM1A-20250804.zip,141032,144416768,2025/08/04,/kiban/app/api/download/file/664361,西吾妻山
662881,DEM5A,564041,FG-GML-564041-DEM5A-20250804.zip,7122,7292928,2025/08/04,/kiban/app/api/download/file/662881,西吾妻山
616092,DEM5C,564041,FG-GML-564041-DEM5C-20250605.zip,3778,3868672,2025/06/05,/kiban/app/api/download/file/616092,西吾妻山
540095,DEM10B,564050,FG-GML-564050-DEM10B-20161001.zip,2051,2100224,2016/10/01,/kiban/app/api/download/file/540095,西吾妻山
664368,DEM1A,564050,FG-GML-564050-DEM1A-20250804.zip,156648,160407552,2025/08/04,/kiban/app/api/download/file/664368,西吾妻山
662888,DEM5A,564050,FG-GML-564050-DEM5A-20250804.zip,7344,7520256,2025/08/04,/kiban/app/api/download/file/662888,西吾妻山
616093,DEM5C,564050,FG-GML-564050-DEM5C-20250605.zip,3106,3180544,2025/06/05,/kiban/app/api/download/file/616093,西吾妻山
540096,DEM10B,564051,FG-GML-564051-DEM10B-20161001.zip,2039,2087936,2016/10/01,/kiban/app/api/download/file/540096,西吾妻山
664369,DEM1A,564051,FG-GML-564051-DEM1A-20250804.zip,125339,128347136,2025/08/04,/kiban/app/api/download/file/664369,西吾妻山
662889,DEM5A,564051,FG-GML-564051-DEM5A-20250804.zip,6633,6792192,2025/08/04,/kiban/app/api/download/file/662889,西吾妻山
616094,DEM5C,564051,FG-GML-564051-DEM5C-20250605.zip,3037,3109888,2025/06/05,/kiban/app/api/download/file/616094,西吾妻山
540103,DEM10B,564060,FG-GML-564060-DEM10B-20161001.zip,1688,1728512,2016/10/01,/kiban/app/api/download/file/540103,米沢城跡
718231,DEM1A,564060,FG-GML-564060-DEM1A-20260603.zip,94061,96318464,2026/06/03,/kiban/app/api/download/file/718231,米沢城跡
720489,DEM5A,564060,FG-GML-564060-DEM5A-20260603.zip,7284,7458816,2026/06/03,/kiban/app/api/download/file/720489,米沢城跡
540104,DEM10B,564061,FG-GML-564061-DEM10B-20161001.zip,1805,1848320,2016/10/01,/kiban/app/api/download/file/540104,米沢城跡
664376,DEM1A,564061,FG-GML-564061-DEM1A-20250812.zip,117195,120007680,2025/08/12,/kiban/app/api/download/file/664376,米沢城跡
662896,DEM5A,564061,FG-GML-564061-DEM5A-20250812.zip,6725,6886400,2025/08/12,/kiban/app/api/download/file/662896,米沢城跡
616096,DEM5C,564061,FG-GML-564061-DEM5C-20250605.zip,443,453632,2025/06/05,/kiban/app/api/download/file/616096,米沢城跡
540111,DEM10B,564070,FG-GML-564070-DEM10B-20161001.zip,1178,1206272,2016/10/01,/kiban/app/api/download/file/540111,米沢城跡
718232,DEM1A,564070,FG-GML-564070-DEM1A-20260603.zip,83956,85970944,2026/06/03,/kiban/app/api/download/file/718232,米沢城跡
720490,DEM5A,564070,FG-GML-564070-DEM5A-20260603.zip,6344,6496256,2026/06/03,/kiban/app/api/download/file/720490,米沢城跡
540112,DEM10B,564071,FG-GML-564071-DEM10B-20161001.zip,1341,1373184,2016/10/01,/kiban/app/api/download/file/540112,米沢城跡
664382,DEM1A,564071,FG-GML-564071-DEM1A-20250812.zip,79240,81141760,2025/08/12,/kiban/app/api/download/file/664382,米沢城跡
662902,DEM5A,564071,FG-GML-564071-DEM5A-20250812.zip,5973,6116352,2025/08/12,/kiban/app/api/download/file/662902,米沢城跡
615416,DEM5B,564071,FG-GML-564071-DEM5B-20250609.zip,96,98304,2025/06/09,/kiban/app/api/download/file/615416,米沢城跡
616098,DEM5C,564071,FG-GML-564071-DEM5C-20250605.zip,1242,1271808,2025/06/05,/kiban/app/api/download/file/616098,米沢城跡
540115,DEM10B,564074,FG-GML-564074-DEM10B-20161001.zip,1931,1977344,2016/10/01,/kiban/app/api/download/file/540115,白石城
664385,DEM1A,564074,FG-GML-564074-DEM1A-20250812.zip,140917,144299008,2025/08/12,/kiban/app/api/download/file/664385,白石城
662905,DEM5A,564074,FG-GML-564074-DEM5A-20250812.zip,6963,7130112,2025/08/12,/kiban/app/api/download/file/662905,白石城
615417,DEM5B,564074,FG-GML-564074-DEM5B-20250609.zip,378,387072,2025/06/09,/kiban/app/api/download/file/615417,白石城
540116,DEM10B,564075,FG-GML-564075-DEM10B-20161001.zip,1752,1794048,2016/10/01,/kiban/app/api/download/file/540116,白石城
664386,DEM1A,564075,FG-GML-564075-DEM1A-20250812.zip,125854,128874496,2025/08/12,/kiban/app/api/download/file/664386,白石城
662906,DEM5A,564075,FG-GML-564075-DEM5A-20250812.zip,6472,6627328,2025/08/12,/kiban/app/api/download/file/662906,白石城
540178,DEM10B,573967,FG-GML-573967-DEM10B-20161001.zip,2095,2145280,2016/10/01,/kiban/app/api/download/file/540178,月山
718245,DEM1A,573967,FG-GML-573967-DEM1A-20260616.zip,171232,175341568,2026/06/16,/kiban/app/api/download/file/718245,月山
720503,DEM5A,573967,FG-GML-573967-DEM5A-20260616.zip,8005,8197120,2026/06/16,/kiban/app/api/download/file/720503,月山
540187,DEM10B,574004,FG-GML-574004-DEM10B-20161001.zip,1967,2014208,2016/10/01,/kiban/app/api/download/file/540187,白石城
686088,DEM1A,574004,FG-GML-574004-DEM1A-20251107.zip,125312,128319488,2025/11/07,/kiban/app/api/download/file/686088,白石城
687124,DEM5A,574004,FG-GML-574004-DEM5A-20251107.zip,6586,6744064,2025/11/07,/kiban/app/api/download/file/687124,白石城
540188,DEM10B,574005,FG-GML-574005-DEM10B-20161001.zip,1429,1463296,2016/10/01,/kiban/app/api/download/file/540188,白石城
664401,DEM1A,574005,FG-GML-574005-DEM1A-20250812.zip,98038,100390912,2025/08/12,/kiban/app/api/download/file/664401,白石城
662923,DEM5A,574005,FG-GML-574005-DEM5A-20250812.zip,5378,5507072,2025/08/12,/kiban/app/api/download/file/662923,白石城
536993,DEM10A,574013,FG-GML-574013-DEM10A-20161001.zip,1210,1239040,2016/10/01,/kiban/app/api/download/file/536993,蔵王山（熊野岳）
540194,DEM10B,574013,FG-GML-574013-DEM10B-20161001.zip,2164,2215936,2016/10/01,/kiban/app/api/download/file/540194,蔵王山（熊野岳）
686090,DEM1A,574013,FG-GML-574013-DEM1A-20251107.zip,150903,154524672,2025/11/07,/kiban/app/api/download/file/686090,蔵王山（熊野岳）
687126,DEM5A,574013,FG-GML-574013-DEM5A-20251107.zip,7476,7655424,2025/11/07,/kiban/app/api/download/file/687126,蔵王山（熊野岳）
540201,DEM10B,574022,FG-GML-574022-DEM10B-20161001.zip,1638,1677312,2016/10/01,/kiban/app/api/download/file/540201,山形城跡
686096,DEM1A,574022,FG-GML-574022-DEM1A-20251107.zip,89695,91847680,2025/11/07,/kiban/app/api/download/file/686096,山形城跡
687132,DEM5A,574022,FG-GML-574022-DEM5A-20251107.zip,5508,5640192,2025/11/07,/kiban/app/api/download/file/687132,山形城跡
615438,DEM5B,574022,FG-GML-574022-DEM5B-20250609.zip,3881,3974144,2025/06/09,/kiban/app/api/download/file/615438,山形城跡
540202,DEM10B,574023,FG-GML-574023-DEM10B-20161001.zip,2118,2168832,2016/10/01,/kiban/app/api/download/file/540202,蔵王山（熊野岳）
686097,DEM1A,574023,FG-GML-574023-DEM1A-20251107.zip,158875,162688000,2025/11/07,/kiban/app/api/download/file/686097,蔵王山（熊野岳）
687133,DEM5A,574023,FG-GML-574023-DEM5A-20251107.zip,7593,7775232,2025/11/07,/kiban/app/api/download/file/687133,蔵王山（熊野岳）
615439,DEM5B,574023,FG-GML-574023-DEM5B-20250609.zip,6404,6557696,2025/06/09,/kiban/app/api/download/file/615439,蔵王山（熊野岳）
540205,DEM10B,574026,FG-GML-574026-DEM10B-20161001.zip,1596,1634304,2016/10/01,/kiban/app/api/download/file/540205,仙台城|仙台トラストタワー|ドコモ東北ビル
686099,DEM1A,574026,FG-GML-574026-DEM1A-20251107.zip,106108,108654592,2025/11/07,/kiban/app/api/download/file/686099,仙台城|仙台トラストタワー|ドコモ東北ビル
687135,DEM5A,574026,FG-GML-574026-DEM5A-20251107.zip,5771,5909504,2025/11/07,/kiban/app/api/download/file/687135,仙台城|仙台トラストタワー|ドコモ東北ビル
730159,DEM5B,574026,FG-GML-574026-DEM5B-20091001.zip,5650,5785600,2009/10/01,/kiban/app/api/download/file/730159,仙台城|仙台トラストタワー|ドコモ東北ビル
540206,DEM10B,574027,FG-GML-574027-DEM10B-20161001.zip,297,304128,2016/10/01,/kiban/app/api/download/file/540206,仙台城|仙台トラストタワー|ドコモ東北ビル
686100,DEM1A,574027,FG-GML-574027-DEM1A-20251107.zip,34418,35244032,2025/11/07,/kiban/app/api/download/file/686100,仙台城|仙台トラストタワー|ドコモ東北ビル
687136,DEM5A,574027,FG-GML-574027-DEM5A-20251107.zip,2329,2384896,2025/11/07,/kiban/app/api/download/file/687136,仙台城|仙台トラストタワー|ドコモ東北ビル
615442,DEM5B,574027,FG-GML-574027-DEM5B-20250609.zip,96,98304,2025/06/09,/kiban/app/api/download/file/615442,仙台城|仙台トラストタワー|ドコモ東北ビル
540209,DEM10B,574032,FG-GML-574032-DEM10B-20161001.zip,841,861184,2016/10/01,/kiban/app/api/download/file/540209,山形城跡
686103,DEM1A,574032,FG-GML-574032-DEM1A-20251107.zip,36653,37532672,2025/11/07,/kiban/app/api/download/file/686103,山形城跡
687139,DEM5A,574032,FG-GML-574032-DEM5A-20251107.zip,4361,4465664,2025/11/07,/kiban/app/api/download/file/687139,山形城跡
615444,DEM5B,574032,FG-GML-574032-DEM5B-20250609.zip,258,264192,2025/06/09,/kiban/app/api/download/file/615444,山形城跡
540213,DEM10B,574036,FG-GML-574036-DEM10B-20161001.zip,1548,1585152,2016/10/01,/kiban/app/api/download/file/540213,仙台城|仙台トラストタワー|ドコモ東北ビル|仙台大観音
664426,DEM1A,574036,FG-GML-574036-DEM1A-20250804.zip,88741,90870784,2025/08/04,/kiban/app/api/download/file/664426,仙台城|仙台トラストタワー|ドコモ東北ビル|仙台大観音
662948,DEM5A,574036,FG-GML-574036-DEM5A-20250804.zip,5246,5371904,2025/08/04,/kiban/app/api/download/file/662948,仙台城|仙台トラストタワー|ドコモ東北ビル|仙台大観音
730160,DEM5B,574036,FG-GML-574036-DEM5B-20091001.zip,671,687104,2009/10/01,/kiban/app/api/download/file/730160,仙台城|仙台トラストタワー|ドコモ東北ビル|仙台大観音
540214,DEM10B,574037,FG-GML-574037-DEM10B-20161001.zip,832,851968,2016/10/01,/kiban/app/api/download/file/540214,仙台城|仙台トラストタワー|ドコモ東北ビル
686104,DEM1A,574037,FG-GML-574037-DEM1A-20251107.zip,62535,64035840,2025/11/07,/kiban/app/api/download/file/686104,仙台城|仙台トラストタワー|ドコモ東北ビル
687140,DEM5A,574037,FG-GML-574037-DEM5A-20251107.zip,3655,3742720,2025/11/07,/kiban/app/api/download/file/687140,仙台城|仙台トラストタワー|ドコモ東北ビル
615447,DEM5B,574037,FG-GML-574037-DEM5B-20250609.zip,45,46080,2025/06/09,/kiban/app/api/download/file/615447,仙台城|仙台トラストタワー|ドコモ東北ビル
540231,DEM10B,574060,FG-GML-574060-DEM10B-20161001.zip,2150,2201600,2016/10/01,/kiban/app/api/download/file/540231,月山
718257,DEM1A,574060,FG-GML-574060-DEM1A-20260616.zip,158548,162353152,2026/06/16,/kiban/app/api/download/file/718257,月山
720515,DEM5A,574060,FG-GML-574060-DEM5A-20260616.zip,7615,7797760,2026/06/16,/kiban/app/api/download/file/720515,月山
540277,DEM10B,583907,FG-GML-583907-DEM10B-20161001.zip,1458,1492992,2016/10/01,/kiban/app/api/download/file/540277,羽黒山五重塔（出羽三山）
718262,DEM1A,583907,FG-GML-583907-DEM1A-20260616.zip,66149,67736576,2026/06/16,/kiban/app/api/download/file/718262,羽黒山五重塔（出羽三山）
720520,DEM5A,583907,FG-GML-583907-DEM5A-20260616.zip,7013,7181312,2026/06/16,/kiban/app/api/download/file/720520,羽黒山五重塔（出羽三山）
540292,DEM10B,584000,FG-GML-584000-DEM10B-20161001.zip,1977,2024448,2016/10/01,/kiban/app/api/download/file/540292,羽黒山五重塔（出羽三山）
718270,DEM1A,584000,FG-GML-584000-DEM1A-20260616.zip,142269,145683456,2026/06/16,/kiban/app/api/download/file/718270,羽黒山五重塔（出羽三山）
720528,DEM5A,584000,FG-GML-584000-DEM5A-20260616.zip,7112,7282688,2026/06/16,/kiban/app/api/download/file/720528,羽黒山五重塔（出羽三山）
536997,DEM10A,584040,FG-GML-584040-DEM10A-20161001.zip,46,47104,2016/10/01,/kiban/app/api/download/file/536997,鳥海山
540324,DEM10B,584040,FG-GML-584040-DEM10B-20161001.zip,2003,2051072,2016/10/01,/kiban/app/api/download/file/540324,鳥海山
718290,DEM1A,584040,FG-GML-584040-DEM1A-20260603.zip,29420,30126080,2026/06/03,/kiban/app/api/download/file/718290,鳥海山
720548,DEM5A,584040,FG-GML-584040-DEM5A-20260603.zip,7194,7366656,2026/06/03,/kiban/app/api/download/file/720548,鳥海山
536998,DEM10A,584050,FG-GML-584050-DEM10A-20161001.zip,1091,1117184,2016/10/01,/kiban/app/api/download/file/536998,鳥海山
540332,DEM10B,584050,FG-GML-584050-DEM10B-20161001.zip,2075,2124800,2016/10/01,/kiban/app/api/download/file/540332,鳥海山
718297,DEM1A,584050,FG-GML-584050-DEM1A-20260603.zip,40131,41094144,2026/06/03,/kiban/app/api/download/file/718297,鳥海山
720555,DEM5A,584050,FG-GML-584050-DEM5A-20260603.zip,7234,7407616,2026/06/03,/kiban/app/api/download/file/720555,鳥海山
540352,DEM10B,584074,FG-GML-584074-DEM10B-20161001.zip,1361,1393664,2016/10/01,/kiban/app/api/download/file/540352,横手城
613807,DEM1A,584074,FG-GML-584074-DEM1A-20250421.zip,115684,118460416,2025/04/21,/kiban/app/api/download/file/613807,横手城
619441,DEM5A,584074,FG-GML-584074-DEM5A-20250620.zip,6300,6451200,2025/06/20,/kiban/app/api/download/file/619441,横手城
540422,DEM10B,594004,FG-GML-594004-DEM10B-20161001.zip,1236,1265664,2016/10/01,/kiban/app/api/download/file/540422,横手城
613874,DEM1A,594004,FG-GML-594004-DEM1A-20250501.zip,56034,57378816,2025/05/01,/kiban/app/api/download/file/613874,横手城
619511,DEM5A,594004,FG-GML-594004-DEM5A-20250620.zip,5811,5950464,2025/06/20,/kiban/app/api/download/file/619511,横手城
616139,DEM5C,594004,FG-GML-594004-DEM5C-20250605.zip,1879,1924096,2025/06/05,/kiban/app/api/download/file/616139,横手城
540450,DEM10B,594040,FG-GML-594040-DEM10B-20161001.zip,439,449536,2016/10/01,/kiban/app/api/download/file/540450,久保田城跡
718333,DEM1A,594040,FG-GML-594040-DEM1A-20260603.zip,16785,17187840,2026/06/03,/kiban/app/api/download/file/718333,久保田城跡
720591,DEM5A,594040,FG-GML-594040-DEM5A-20260603.zip,3135,3210240,2026/06/03,/kiban/app/api/download/file/720591,久保田城跡
615506,DEM5B,594040,FG-GML-594040-DEM5B-20250609.zip,243,248832,2025/06/09,/kiban/app/api/download/file/615506,久保田城跡
540451,DEM10B,594041,FG-GML-594041-DEM10B-20161001.zip,1364,1396736,2016/10/01,/kiban/app/api/download/file/540451,久保田城跡
718334,DEM1A,594041,FG-GML-594041-DEM1A-20260603.zip,80275,82201600,2026/06/03,/kiban/app/api/download/file/718334,久保田城跡
720592,DEM5A,594041,FG-GML-594041-DEM5A-20260603.zip,6965,7132160,2026/06/03,/kiban/app/api/download/file/720592,久保田城跡
615507,DEM5B,594041,FG-GML-594041-DEM5B-20250609.zip,752,770048,2025/06/09,/kiban/app/api/download/file/615507,久保田城跡
537001,DEM10A,594057,FG-GML-594057-DEM10A-20161001.zip,124,126976,2016/10/01,/kiban/app/api/download/file/537001,岩手山
540465,DEM10B,594057,FG-GML-594057-DEM10B-20161001.zip,1816,1859584,2016/10/01,/kiban/app/api/download/file/540465,岩手山
686194,DEM1A,594057,FG-GML-594057-DEM1A-20251113.zip,114179,116919296,2025/11/13,/kiban/app/api/download/file/686194,岩手山
687229,DEM5A,594057,FG-GML-594057-DEM5A-20251113.zip,6213,6362112,2025/11/13,/kiban/app/api/download/file/687229,岩手山
537002,DEM10A,594067,FG-GML-594067-DEM10A-20161001.zip,500,512000,2016/10/01,/kiban/app/api/download/file/537002,岩手山
540473,DEM10B,594067,FG-GML-594067-DEM10B-20161001.zip,1988,2035712,2016/10/01,/kiban/app/api/download/file/540473,岩手山
686198,DEM1A,594067,FG-GML-594067-DEM1A-20251113.zip,130387,133516288,2025/11/13,/kiban/app/api/download/file/686198,岩手山
687233,DEM5A,594067,FG-GML-594067-DEM5A-20251113.zip,6884,7049216,2025/11/13,/kiban/app/api/download/file/687233,岩手山
537004,DEM10A,594076,FG-GML-594076-DEM10A-20161001.zip,1184,1212416,2016/10/01,/kiban/app/api/download/file/537004,八幡平
540480,DEM10B,594076,FG-GML-594076-DEM10B-20161001.zip,2004,2052096,2016/10/01,/kiban/app/api/download/file/540480,八幡平
686201,DEM1A,594076,FG-GML-594076-DEM1A-20251107.zip,118554,121399296,2025/11/07,/kiban/app/api/download/file/686201,八幡平
687236,DEM5A,594076,FG-GML-594076-DEM5A-20251107.zip,6802,6965248,2025/11/07,/kiban/app/api/download/file/687236,八幡平
540481,DEM10B,594077,FG-GML-594077-DEM10B-20161001.zip,2011,2059264,2016/10/01,/kiban/app/api/download/file/540481,八幡平
686202,DEM1A,594077,FG-GML-594077-DEM1A-20251113.zip,96197,98505728,2025/11/13,/kiban/app/api/download/file/686202,八幡平
687237,DEM5A,594077,FG-GML-594077-DEM5A-20251113.zip,6215,6364160,2025/11/13,/kiban/app/api/download/file/687237,八幡平
540501,DEM10B,594123,FG-GML-594123-DEM10B-20161001.zip,2108,2158592,2016/10/01,/kiban/app/api/download/file/540501,早池峰山
686218,DEM1A,594123,FG-GML-594123-DEM1A-20251107.zip,10759,11017216,2025/11/07,/kiban/app/api/download/file/686218,早池峰山
687253,DEM5A,594123,FG-GML-594123-DEM5A-20251107.zip,7334,7510016,2025/11/07,/kiban/app/api/download/file/687253,早池峰山
540502,DEM10B,594124,FG-GML-594124-DEM10B-20161001.zip,2067,2116608,2016/10/01,/kiban/app/api/download/file/540502,早池峰山
686219,DEM1A,594124,FG-GML-594124-DEM1A-20251113.zip,5140,5263360,2025/11/13,/kiban/app/api/download/file/686219,早池峰山
687254,DEM5A,594124,FG-GML-594124-DEM5A-20251113.zip,8104,8298496,2025/11/13,/kiban/app/api/download/file/687254,早池峰山
540509,DEM10B,594133,FG-GML-594133-DEM10B-20161001.zip,1983,2030592,2016/10/01,/kiban/app/api/download/file/540509,早池峰山
619596,DEM5A,594133,FG-GML-594133-DEM5A-20250620.zip,7543,7724032,2025/06/20,/kiban/app/api/download/file/619596,早池峰山
540510,DEM10B,594134,FG-GML-594134-DEM10B-20161001.zip,2069,2118656,2016/10/01,/kiban/app/api/download/file/540510,早池峰山
686226,DEM1A,594134,FG-GML-594134-DEM1A-20251113.zip,166447,170441728,2025/11/13,/kiban/app/api/download/file/686226,早池峰山
687261,DEM5A,594134,FG-GML-594134-DEM5A-20251113.zip,7739,7924736,2025/11/13,/kiban/app/api/download/file/687261,早池峰山
540514,DEM10B,594140,FG-GML-594140-DEM10B-20161001.zip,1211,1240064,2016/10/01,/kiban/app/api/download/file/540514,盛岡城跡
686230,DEM1A,594140,FG-GML-594140-DEM1A-20251113.zip,53765,55055360,2025/11/13,/kiban/app/api/download/file/686230,盛岡城跡
687265,DEM5A,594140,FG-GML-594140-DEM5A-20251113.zip,5197,5321728,2025/11/13,/kiban/app/api/download/file/687265,盛岡城跡
615518,DEM5B,594140,FG-GML-594140-DEM5B-20250609.zip,1639,1678336,2025/06/09,/kiban/app/api/download/file/615518,盛岡城跡
540515,DEM10B,594141,FG-GML-594141-DEM10B-20161001.zip,1584,1622016,2016/10/01,/kiban/app/api/download/file/540515,盛岡城跡
686231,DEM1A,594141,FG-GML-594141-DEM1A-20251107.zip,76673,78513152,2025/11/07,/kiban/app/api/download/file/686231,盛岡城跡
687266,DEM5A,594141,FG-GML-594141-DEM5A-20251107.zip,6832,6995968,2025/11/07,/kiban/app/api/download/file/687266,盛岡城跡
615519,DEM5B,594141,FG-GML-594141-DEM5B-20250609.zip,36,36864,2025/06/09,/kiban/app/api/download/file/615519,盛岡城跡
537005,DEM10A,594150,FG-GML-594150-DEM10A-20161001.zip,173,177152,2016/10/01,/kiban/app/api/download/file/537005,岩手山
540522,DEM10B,594150,FG-GML-594150-DEM10B-20161001.zip,1675,1715200,2016/10/01,/kiban/app/api/download/file/540522,岩手山
686235,DEM1A,594150,FG-GML-594150-DEM1A-20251113.zip,88197,90313728,2025/11/13,/kiban/app/api/download/file/686235,岩手山
687270,DEM5A,594150,FG-GML-594150-DEM5A-20251113.zip,5601,5735424,2025/11/13,/kiban/app/api/download/file/687270,岩手山
615520,DEM5B,594150,FG-GML-594150-DEM5B-20250609.zip,59,60416,2025/06/09,/kiban/app/api/download/file/615520,岩手山
537006,DEM10A,594160,FG-GML-594160-DEM10A-20161001.zip,705,721920,2016/10/01,/kiban/app/api/download/file/537006,岩手山
540530,DEM10B,594160,FG-GML-594160-DEM10B-20161001.zip,1768,1810432,2016/10/01,/kiban/app/api/download/file/540530,岩手山
686240,DEM1A,594160,FG-GML-594160-DEM1A-20251113.zip,85137,87180288,2025/11/13,/kiban/app/api/download/file/686240,岩手山
687275,DEM5A,594160,FG-GML-594160-DEM5A-20251113.zip,5869,6009856,2025/11/13,/kiban/app/api/download/file/687275,岩手山
730168,DEM5B,594160,FG-GML-594160-DEM5B-20100122.zip,7832,8019968,2010/01/22,/kiban/app/api/download/file/730168,岩手山
540615,DEM10B,604063,FG-GML-604063-DEM10B-20161001.zip,1754,1796096,2016/10/01,/kiban/app/api/download/file/540615,弘前城
718371,DEM1A,604063,FG-GML-604063-DEM1A-20260603.zip,121731,124652544,2026/06/03,/kiban/app/api/download/file/718371,弘前城
720629,DEM5A,604063,FG-GML-604063-DEM5A-20260603.zip,6327,6478848,2026/06/03,/kiban/app/api/download/file/720629,弘前城
615530,DEM5B,604063,FG-GML-604063-DEM5B-20250609.zip,953,975872,2025/06/09,/kiban/app/api/download/file/615530,弘前城
537010,DEM10A,604072,FG-GML-604072-DEM10A-20161001.zip,886,907264,2016/10/01,/kiban/app/api/download/file/537010,岩木山
540622,DEM10B,604072,FG-GML-604072-DEM10B-20161001.zip,1925,1971200,2016/10/01,/kiban/app/api/download/file/540622,岩木山
718373,DEM1A,604072,FG-GML-604072-DEM1A-20260603.zip,115313,118080512,2026/06/03,/kiban/app/api/download/file/718373,岩木山
720631,DEM5A,604072,FG-GML-604072-DEM5A-20260603.zip,6378,6531072,2026/06/03,/kiban/app/api/download/file/720631,岩木山
615533,DEM5B,604072,FG-GML-604072-DEM5B-20250609.zip,704,720896,2025/06/09,/kiban/app/api/download/file/615533,岩木山
540623,DEM10B,604073,FG-GML-604073-DEM10B-20161001.zip,911,932864,2016/10/01,/kiban/app/api/download/file/540623,弘前城
718374,DEM1A,604073,FG-GML-604073-DEM1A-20260603.zip,54513,55821312,2026/06/03,/kiban/app/api/download/file/718374,弘前城
720632,DEM5A,604073,FG-GML-604073-DEM5A-20260603.zip,3638,3725312,2026/06/03,/kiban/app/api/download/file/720632,弘前城
540626,DEM10B,604076,FG-GML-604076-DEM10B-20161001.zip,2073,2122752,2016/10/01,/kiban/app/api/download/file/540626,八甲田山（大岳）
718377,DEM1A,604076,FG-GML-604076-DEM1A-20260603.zip,141088,144474112,2026/06/03,/kiban/app/api/download/file/718377,八甲田山（大岳）
720635,DEM5A,604076,FG-GML-604076-DEM5A-20260603.zip,7218,7391232,2026/06/03,/kiban/app/api/download/file/720635,八甲田山（大岳）
616168,DEM5C,604076,FG-GML-604076-DEM5C-20250605.zip,177,181248,2025/06/05,/kiban/app/api/download/file/616168,八甲田山（大岳）
540627,DEM10B,604077,FG-GML-604077-DEM10B-20161001.zip,2029,2077696,2016/10/01,/kiban/app/api/download/file/540627,八甲田山（大岳）
718378,DEM1A,604077,FG-GML-604077-DEM1A-20260603.zip,151785,155427840,2026/06/03,/kiban/app/api/download/file/718378,八甲田山（大岳）
720636,DEM5A,604077,FG-GML-604077-DEM5A-20260603.zip,7526,7706624,2026/06/03,/kiban/app/api/download/file/720636,八甲田山（大岳）
616169,DEM5C,604077,FG-GML-604077-DEM5C-20250605.zip,152,155648,2025/06/05,/kiban/app/api/download/file/616169,八甲田山（大岳）
537012,DEM10A,614002,FG-GML-614002-DEM10A-20161001.zip,478,489472,2016/10/01,/kiban/app/api/download/file/537012,岩木山
540683,DEM10B,614002,FG-GML-614002-DEM10B-20161001.zip,1733,1774592,2016/10/01,/kiban/app/api/download/file/540683,岩木山
718395,DEM1A,614002,FG-GML-614002-DEM1A-20260603.zip,94345,96609280,2026/06/03,/kiban/app/api/download/file/718395,岩木山
720653,DEM5A,614002,FG-GML-614002-DEM5A-20260603.zip,5654,5789696,2026/06/03,/kiban/app/api/download/file/720653,岩木山
540687,DEM10B,614006,FG-GML-614006-DEM10B-20161001.zip,1981,2028544,2016/10/01,/kiban/app/api/download/file/540687,八甲田山（大岳）
718398,DEM1A,614006,FG-GML-614006-DEM1A-20260603.zip,170644,174739456,2026/06/03,/kiban/app/api/download/file/718398,八甲田山（大岳）
720656,DEM5A,614006,FG-GML-614006-DEM5A-20260603.zip,8200,8396800,2026/06/03,/kiban/app/api/download/file/720656,八甲田山（大岳）
730171,DEM5B,614006,FG-GML-614006-DEM5B-20190130.zip,1463,1498112,2019/01/30,/kiban/app/api/download/file/730171,八甲田山（大岳）
616174,DEM5C,614006,FG-GML-614006-DEM5C-20250605.zip,1118,1144832,2025/06/05,/kiban/app/api/download/file/616174,八甲田山（大岳）
540688,DEM10B,614007,FG-GML-614007-DEM10B-20161001.zip,1900,1945600,2016/10/01,/kiban/app/api/download/file/540688,八甲田山（大岳）
718399,DEM1A,614007,FG-GML-614007-DEM1A-20260603.zip,139938,143296512,2026/06/03,/kiban/app/api/download/file/718399,八甲田山（大岳）
720657,DEM5A,614007,FG-GML-614007-DEM5A-20260603.zip,6776,6938624,2026/06/03,/kiban/app/api/download/file/720657,八甲田山（大岳）
616175,DEM5C,614007,FG-GML-614007-DEM5C-20250605.zip,3591,3677184,2025/06/05,/kiban/app/api/download/file/616175,八甲田山（大岳）
540797,DEM10B,624055,FG-GML-624055-DEM10B-20161001.zip,339,347136,2016/10/01,/kiban/app/api/download/file/540797,五稜郭|五稜郭タワー
686366,DEM1A,624055,FG-GML-624055-DEM1A-20251107.zip,2921,2991104,2025/11/07,/kiban/app/api/download/file/686366,五稜郭|五稜郭タワー
687403,DEM5A,624055,FG-GML-624055-DEM5A-20251107.zip,2349,2405376,2025/11/07,/kiban/app/api/download/file/687403,五稜郭|五稜郭タワー
615561,DEM5B,624055,FG-GML-624055-DEM5B-20250609.zip,5,5120,2025/06/09,/kiban/app/api/download/file/615561,五稜郭|五稜郭タワー
540798,DEM10B,624056,FG-GML-624056-DEM10B-20161001.zip,1146,1173504,2016/10/01,/kiban/app/api/download/file/540798,五稜郭|五稜郭タワー
614154,DEM1A,624056,FG-GML-624056-DEM1A-20250507.zip,57829,59216896,2025/05/07,/kiban/app/api/download/file/614154,五稜郭|五稜郭タワー
619877,DEM5A,624056,FG-GML-624056-DEM5A-20250620.zip,5343,5471232,2025/06/20,/kiban/app/api/download/file/619877,五稜郭|五稜郭タワー
730177,DEM5B,624056,FG-GML-624056-DEM5B-20161001.zip,2247,2300928,2016/10/01,/kiban/app/api/download/file/730177,五稜郭|五稜郭タワー
541006,DEM10B,644016,FG-GML-644016-DEM10B-20161001.zip,1816,1859584,2016/10/01,/kiban/app/api/download/file/541006,羊蹄山
718444,DEM1A,644016,FG-GML-644016-DEM1A-20260522.zip,195003,199683072,2026/05/22,/kiban/app/api/download/file/718444,羊蹄山
720702,DEM5A,644016,FG-GML-644016-DEM5A-20260522.zip,8751,8961024,2026/05/22,/kiban/app/api/download/file/720702,羊蹄山
541012,DEM10B,644026,FG-GML-644026-DEM10B-20161001.zip,1553,1590272,2016/10/01,/kiban/app/api/download/file/541012,羊蹄山
718450,DEM1A,644026,FG-GML-644026-DEM1A-20260522.zip,178026,182298624,2026/05/22,/kiban/app/api/download/file/718450,羊蹄山
720708,DEM5A,644026,FG-GML-644026-DEM5A-20260522.zip,8078,8271872,2026/05/22,/kiban/app/api/download/file/720708,羊蹄山
541073,DEM10B,644142,FG-GML-644142-DEM10B-20161001.zip,1366,1398784,2016/10/01,/kiban/app/api/download/file/541073,JRタワー（札幌）|ONE札幌ステーションタワー|さっぽろテレビ塔
686395,DEM1A,644142,FG-GML-644142-DEM1A-20251107.zip,47988,49139712,2025/11/07,/kiban/app/api/download/file/686395,JRタワー（札幌）|ONE札幌ステーションタワー|さっぽろテレビ塔
687432,DEM5A,644142,FG-GML-644142-DEM5A-20251107.zip,6621,6779904,2025/11/07,/kiban/app/api/download/file/687432,JRタワー（札幌）|ONE札幌ステーションタワー|さっぽろテレビ塔
615603,DEM5B,644142,FG-GML-644142-DEM5B-20250609.zip,49,50176,2025/06/09,/kiban/app/api/download/file/615603,JRタワー（札幌）|ONE札幌ステーションタワー|さっぽろテレビ塔
541074,DEM10B,644143,FG-GML-644143-DEM10B-20161001.zip,864,884736,2016/10/01,/kiban/app/api/download/file/541074,JRタワー（札幌）|ONE札幌ステーションタワー|さっぽろテレビ塔
686396,DEM1A,644143,FG-GML-644143-DEM1A-20251107.zip,18142,18577408,2025/11/07,/kiban/app/api/download/file/686396,JRタワー（札幌）|ONE札幌ステーションタワー|さっぽろテレビ塔
687433,DEM5A,644143,FG-GML-644143-DEM5A-20251107.zip,3916,4009984,2025/11/07,/kiban/app/api/download/file/687433,JRタワー（札幌）|ONE札幌ステーションタワー|さっぽろテレビ塔
615604,DEM5B,644143,FG-GML-644143-DEM5B-20250609.zip,3538,3622912,2025/06/09,/kiban/app/api/download/file/615604,JRタワー（札幌）|ONE札幌ステーションタワー|さっぽろテレビ塔
541081,DEM10B,644152,FG-GML-644152-DEM10B-20161001.zip,342,350208,2016/10/01,/kiban/app/api/download/file/541081,JRタワー（札幌）|ONE札幌ステーションタワー|さっぽろテレビ塔
718496,DEM1A,644152,FG-GML-644152-DEM1A-20260522.zip,34283,35105792,2026/05/22,/kiban/app/api/download/file/718496,JRタワー（札幌）|ONE札幌ステーションタワー|さっぽろテレビ塔
720754,DEM5A,644152,FG-GML-644152-DEM5A-20260522.zip,5506,5638144,2026/05/22,/kiban/app/api/download/file/720754,JRタワー（札幌）|ONE札幌ステーションタワー|さっぽろテレビ塔
615610,DEM5B,644152,FG-GML-644152-DEM5B-20250609.zip,43,44032,2025/06/09,/kiban/app/api/download/file/615610,JRタワー（札幌）|ONE札幌ステーションタワー|さっぽろテレビ塔
541082,DEM10B,644153,FG-GML-644153-DEM10B-20161001.zip,235,240640,2016/10/01,/kiban/app/api/download/file/541082,JRタワー（札幌）|ONE札幌ステーションタワー|さっぽろテレビ塔
686397,DEM1A,644153,FG-GML-644153-DEM1A-20251107.zip,872,892928,2025/11/07,/kiban/app/api/download/file/686397,JRタワー（札幌）|ONE札幌ステーションタワー|さっぽろテレビ塔
687434,DEM5A,644153,FG-GML-644153-DEM5A-20251107.zip,4984,5103616,2025/11/07,/kiban/app/api/download/file/687434,JRタワー（札幌）|ONE札幌ステーションタワー|さっぽろテレビ塔
615611,DEM5B,644153,FG-GML-644153-DEM5B-20250609.zip,66,67584,2025/06/09,/kiban/app/api/download/file/615611,JRタワー（札幌）|ONE札幌ステーションタワー|さっぽろテレビ塔
541106,DEM10B,644205,FG-GML-644205-DEM10B-20161001.zip,2177,2229248,2016/10/01,/kiban/app/api/download/file/541106,幌尻岳
664703,DEM1A,644205,FG-GML-644205-DEM1A-20250728.zip,18942,19396608,2025/07/28,/kiban/app/api/download/file/664703,幌尻岳
663225,DEM5A,644205,FG-GML-644205-DEM5A-20250728.zip,2558,2619392,2025/07/28,/kiban/app/api/download/file/663225,幌尻岳
541313,DEM10B,654143,FG-GML-654143-DEM10B-20161001.zip,2114,2164736,2016/10/01,/kiban/app/api/download/file/541313,暑寒別岳
718543,DEM1A,654143,FG-GML-654143-DEM1A-20260522.zip,230813,236352512,2026/05/22,/kiban/app/api/download/file/718543,暑寒別岳
720801,DEM5A,654143,FG-GML-654143-DEM5A-20260522.zip,10065,10306560,2026/05/22,/kiban/app/api/download/file/720801,暑寒別岳
541314,DEM10B,654144,FG-GML-654144-DEM10B-20161001.zip,2024,2072576,2016/10/01,/kiban/app/api/download/file/541314,暑寒別岳
718544,DEM1A,654144,FG-GML-654144-DEM1A-20260522.zip,222523,227863552,2026/05/22,/kiban/app/api/download/file/718544,暑寒別岳
720802,DEM5A,654144,FG-GML-654144-DEM5A-20260522.zip,9747,9980928,2026/05/22,/kiban/app/api/download/file/720802,暑寒別岳
541338,DEM10B,654205,FG-GML-654205-DEM10B-20161001.zip,2021,2069504,2016/10/01,/kiban/app/api/download/file/541338,十勝岳
718563,DEM1A,654205,FG-GML-654205-DEM1A-20260616.zip,134495,137722880,2026/06/16,/kiban/app/api/download/file/718563,十勝岳
720821,DEM5A,654205,FG-GML-654205-DEM5A-20260616.zip,7944,8134656,2026/06/16,/kiban/app/api/download/file/720821,十勝岳
541346,DEM10B,654215,FG-GML-654215-DEM10B-20161001.zip,2085,2135040,2016/10/01,/kiban/app/api/download/file/541346,十勝岳
718567,DEM1A,654215,FG-GML-654215-DEM1A-20260616.zip,145656,149151744,2026/06/16,/kiban/app/api/download/file/718567,十勝岳
720825,DEM5A,654215,FG-GML-654215-DEM5A-20260616.zip,8124,8318976,2026/06/16,/kiban/app/api/download/file/720825,十勝岳
541350,DEM10B,654221,FG-GML-654221-DEM10B-20161001.zip,1726,1767424,2016/10/01,/kiban/app/api/download/file/541350,北海道大観音
686425,DEM1A,654221,FG-GML-654221-DEM1A-20251107.zip,109345,111969280,2025/11/07,/kiban/app/api/download/file/686425,北海道大観音
687462,DEM5A,654221,FG-GML-654221-DEM5A-20251107.zip,5880,6021120,2025/11/07,/kiban/app/api/download/file/687462,北海道大観音
616265,DEM5C,654221,FG-GML-654221-DEM5C-20250605.zip,545,558080,2025/06/05,/kiban/app/api/download/file/616265,北海道大観音
541355,DEM10B,654226,FG-GML-654226-DEM10B-20161001.zip,2092,2142208,2016/10/01,/kiban/app/api/download/file/541355,トムラウシ山
718573,DEM1A,654226,FG-GML-654226-DEM1A-20260616.zip,62270,63764480,2026/06/16,/kiban/app/api/download/file/718573,トムラウシ山
720831,DEM5A,654226,FG-GML-654226-DEM5A-20260616.zip,5886,6027264,2026/06/16,/kiban/app/api/download/file/720831,トムラウシ山
541356,DEM10B,654227,FG-GML-654227-DEM10B-20161001.zip,1991,2038784,2016/10/01,/kiban/app/api/download/file/541356,トムラウシ山
686427,DEM1A,654227,FG-GML-654227-DEM1A-20251107.zip,51687,52927488,2025/11/07,/kiban/app/api/download/file/686427,トムラウシ山
687464,DEM5A,654227,FG-GML-654227-DEM5A-20251107.zip,3084,3158016,2025/11/07,/kiban/app/api/download/file/687464,トムラウシ山
541363,DEM10B,654236,FG-GML-654236-DEM10B-20161001.zip,2131,2182144,2016/10/01,/kiban/app/api/download/file/541363,大雪山（旭岳）
664771,DEM1A,654236,FG-GML-654236-DEM1A-20250731.zip,8786,8996864,2025/07/31,/kiban/app/api/download/file/664771,大雪山（旭岳）
663293,DEM5A,654236,FG-GML-654236-DEM5A-20250731.zip,7222,7395328,2025/07/31,/kiban/app/api/download/file/663293,大雪山（旭岳）
541364,DEM10B,654237,FG-GML-654237-DEM10B-20161001.zip,2092,2142208,2016/10/01,/kiban/app/api/download/file/541364,大雪山（旭岳）
686431,DEM1A,654237,FG-GML-654237-DEM1A-20251107.zip,104314,106817536,2025/11/07,/kiban/app/api/download/file/686431,大雪山（旭岳）
687468,DEM5A,654237,FG-GML-654237-DEM5A-20251107.zip,7018,7186432,2025/11/07,/kiban/app/api/download/file/687468,大雪山（旭岳）
541371,DEM10B,654246,FG-GML-654246-DEM10B-20161001.zip,2070,2119680,2016/10/01,/kiban/app/api/download/file/541371,大雪山（旭岳）
686436,DEM1A,654246,FG-GML-654246-DEM1A-20251107.zip,88234,90351616,2025/11/07,/kiban/app/api/download/file/686436,大雪山（旭岳）
687473,DEM5A,654246,FG-GML-654246-DEM5A-20251107.zip,6959,7126016,2025/11/07,/kiban/app/api/download/file/687473,大雪山（旭岳）
541372,DEM10B,654247,FG-GML-654247-DEM10B-20161001.zip,2110,2160640,2016/10/01,/kiban/app/api/download/file/541372,大雪山（旭岳）
718582,DEM1A,654247,FG-GML-654247-DEM1A-20260616.zip,150408,154017792,2026/06/16,/kiban/app/api/download/file/718582,大雪山（旭岳）
720840,DEM5A,654247,FG-GML-654247-DEM5A-20260616.zip,7644,7827456,2026/06/16,/kiban/app/api/download/file/720840,大雪山（旭岳）
537017,DEM10A,654307,FG-GML-654307-DEM10A-20161001.zip,720,737280,2016/10/01,/kiban/app/api/download/file/537017,阿寒岳（雌阿寒岳）
541404,DEM10B,654307,FG-GML-654307-DEM10B-20161001.zip,1953,1999872,2016/10/01,/kiban/app/api/download/file/541404,阿寒岳（雌阿寒岳）
718595,DEM1A,654307,FG-GML-654307-DEM1A-20260603.zip,92704,94928896,2026/06/03,/kiban/app/api/download/file/718595,阿寒岳（雌阿寒岳）
720853,DEM5A,654307,FG-GML-654307-DEM5A-20260603.zip,4890,5007360,2026/06/03,/kiban/app/api/download/file/720853,阿寒岳（雌阿寒岳）
537019,DEM10A,654400,FG-GML-654400-DEM10A-20161001.zip,723,740352,2016/10/01,/kiban/app/api/download/file/537019,阿寒岳（雌阿寒岳）
541461,DEM10B,654400,FG-GML-654400-DEM10B-20161001.zip,1985,2032640,2016/10/01,/kiban/app/api/download/file/541461,阿寒岳（雌阿寒岳）
718613,DEM1A,654400,FG-GML-654400-DEM1A-20260603.zip,127216,130269184,2026/06/03,/kiban/app/api/download/file/718613,阿寒岳（雌阿寒岳）
720871,DEM5A,654400,FG-GML-654400-DEM5A-20260603.zip,6720,6881280,2026/06/03,/kiban/app/api/download/file/720871,阿寒岳（雌阿寒岳）
541498,DEM10B,654445,FG-GML-654445-DEM10B-20161001.zip,1907,1952768,2016/10/01,/kiban/app/api/download/file/541498,斜里岳
664809,DEM1A,654445,FG-GML-654445-DEM1A-20250728.zip,208898,213911552,2025/07/28,/kiban/app/api/download/file/664809,斜里岳
663331,DEM5A,654445,FG-GML-654445-DEM5A-20250728.zip,9187,9407488,2025/07/28,/kiban/app/api/download/file/663331,斜里岳
541506,DEM10B,654455,FG-GML-654455-DEM10B-20161001.zip,1883,1928192,2016/10/01,/kiban/app/api/download/file/541506,斜里岳
664817,DEM1A,654455,FG-GML-654455-DEM1A-20250728.zip,198517,203281408,2025/07/28,/kiban/app/api/download/file/664817,斜里岳
663339,DEM5A,654455,FG-GML-654455-DEM5A-20250728.zip,8841,9053184,2025/07/28,/kiban/app/api/download/file/663339,斜里岳
541507,DEM10B,654456,FG-GML-654456-DEM10B-20161001.zip,1951,1997824,2016/10/01,/kiban/app/api/download/file/541507,斜里岳
664818,DEM1A,654456,FG-GML-654456-DEM1A-20250728.zip,217635,222858240,2025/07/28,/kiban/app/api/download/file/664818,斜里岳
663340,DEM5A,654456,FG-GML-654456-DEM5A-20250728.zip,9513,9741312,2025/07/28,/kiban/app/api/download/file/663340,斜里岳
541770,DEM10B,674151,FG-GML-674151-DEM10B-20161001.zip,907,928768,2016/10/01,/kiban/app/api/download/file/541770,利尻岳
664905,DEM1A,674151,FG-GML-674151-DEM1A-20250731.zip,46002,47106048,2025/07/31,/kiban/app/api/download/file/664905,利尻岳
663427,DEM5A,674151,FG-GML-674151-DEM5A-20250731.zip,2790,2856960,2025/07/31,/kiban/app/api/download/file/663427,利尻岳
730262,DEM5B,674151,FG-GML-674151-DEM5B-20180528.zip,3281,3359744,2018/05/28,/kiban/app/api/download/file/730262,利尻岳
616301,DEM5C,674151,FG-GML-674151-DEM5C-20250605.zip,3875,3968000,2025/06/05,/kiban/app/api/download/file/616301,利尻岳
541771,DEM10B,674152,FG-GML-674152-DEM10B-20161001.zip,709,726016,2016/10/01,/kiban/app/api/download/file/541771,利尻岳
664906,DEM1A,674152,FG-GML-674152-DEM1A-20250731.zip,36166,37033984,2025/07/31,/kiban/app/api/download/file/664906,利尻岳
663428,DEM5A,674152,FG-GML-674152-DEM5A-20250731.zip,2156,2207744,2025/07/31,/kiban/app/api/download/file/663428,利尻岳
730263,DEM5B,674152,FG-GML-674152-DEM5B-20180528.zip,2551,2612224,2018/05/28,/kiban/app/api/download/file/730263,利尻岳
616302,DEM5C,674152,FG-GML-674152-DEM5C-20250605.zip,2975,3046400,2025/06/05,/kiban/app/api/download/file/616302,利尻岳
541776,DEM10B,674161,FG-GML-674161-DEM10B-20161001.zip,1542,1579008,2016/10/01,/kiban/app/api/download/file/541776,利尻岳
664907,DEM1A,674161,FG-GML-674161-DEM1A-20250731.zip,88445,90567680,2025/07/31,/kiban/app/api/download/file/664907,利尻岳
663429,DEM5A,674161,FG-GML-674161-DEM5A-20250731.zip,5018,5138432,2025/07/31,/kiban/app/api/download/file/663429,利尻岳
730264,DEM5B,674161,FG-GML-674161-DEM5B-20180528.zip,5996,6139904,2018/05/28,/kiban/app/api/download/file/730264,利尻岳
616307,DEM5C,674161,FG-GML-674161-DEM5C-20250605.zip,6960,7127040,2025/06/05,/kiban/app/api/download/file/616307,利尻岳
541777,DEM10B,674162,FG-GML-674162-DEM10B-20161001.zip,844,864256,2016/10/01,/kiban/app/api/download/file/541777,利尻岳
664908,DEM1A,674162,FG-GML-674162-DEM1A-20250731.zip,45746,46843904,2025/07/31,/kiban/app/api/download/file/664908,利尻岳
663430,DEM5A,674162,FG-GML-674162-DEM5A-20250731.zip,2596,2658304,2025/07/31,/kiban/app/api/download/file/663430,利尻岳
730265,DEM5B,674162,FG-GML-674162-DEM5B-20180528.zip,3023,3095552,2018/05/28,/kiban/app/api/download/file/730265,利尻岳
616308,DEM5C,674162,FG-GML-674162-DEM5C-20250605.zip,3492,3575808,2025/06/05,/kiban/app/api/download/file/616308,利尻岳
